adaptation_fraction,repeat,adaptation_n,evaluation_n,method,score_threshold,platt_slope,platt_intercept,brier,log_loss,accuracy,balanced_accuracy,macro_f1,fake_recall,real_recall,predicted_real_rate
0.05,1,1029,19558,locked_zero_threshold,0.0,,,,,0.4352694549544943,0.5155660412301746,0.4259422557220023,0.6650463985859478,0.36608568387440127,0.35888127620411087
0.05,1,1029,19558,adaptation_balanced_accuracy_threshold,-0.08706681615247158,,,,,0.4644135392166888,0.5175392951657469,0.4466625966518787,0.6164383561643836,0.41864023416711016,0.4105225483178239
0.05,1,1029,19558,adaptation_platt_probability_0.5,,0.08633778207477717,1.2260677085007239,0.17797463662350713,0.5412779512306396,0.7685857449636977,0.5,0.4345764671870483,0.0,1.0,1.0
0.05,2,1029,19558,locked_zero_threshold,0.0,,,,,0.43470702525820637,0.5157406282711186,0.4255598668247649,0.6665930181175431,0.364888238424694,0.35760302689436546
0.05,2,1029,19558,adaptation_balanced_accuracy_threshold,0.09638062468378938,,,,,0.4034666121280295,0.5125580379179888,0.40033662200575404,0.7156429518338489,0.3094731240021288,0.30366090602311074
0.05,2,1029,19558,adaptation_platt_probability_0.5,,0.058595918879445215,1.2156296881701423,0.17790970610220383,0.5411060466964397,0.7685857449636977,0.5,0.4345764671870483,0.0,1.0,1.0
0.05,3,1029,19558,locked_zero_threshold,0.0,,,,,0.4361386644851212,0.5167491851820845,0.4268182250724091,0.6668139637649139,0.36668440659925494,0.3589324061765007
0.05,3,1029,19558,adaptation_balanced_accuracy_threshold,0.35315543719314024,,,,,0.33658860824215153,0.5099723917889589,0.3350030671508354,0.8327441449403447,0.18720063863757316,0.18258513140402904
0.05,3,1029,19558,adaptation_platt_probability_0.5,,-0.010312638795979063,1.1986015474166714,0.17786545650483113,0.5409898951435662,0.7685857449636977,0.5,0.4345764671870483,0.0,1.0,1.0
0.05,4,1029,19558,locked_zero_threshold,0.0,,,,,0.4352694549544943,0.5166469875313281,0.4261539579177499,0.6681396376491383,0.3651543374135178,0.357449636977196
0.05,4,1029,19558,adaptation_balanced_accuracy_threshold,-0.3370710669928124,,,,,0.5432048266693936,0.5068738319218603,0.4835320084750667,0.43923994697304464,0.5745077168706759,0.5713263114837918
0.05,4,1029,19558,adaptation_platt_probability_0.5,,-0.18379332686541136,1.1618564590925566,0.17845292659536138,0.5425977716646047,0.7685857449636977,0.5,0.4345764671870483,0.0,1.0,1.0
0.05,5,1029,19558,locked_zero_threshold,0.0,,,,,0.4352183249821045,0.5160732520071484,0.4260040202470473,0.6665930181175431,0.36555348589675357,0.35811432661826365
0.05,5,1029,19558,adaptation_balanced_accuracy_threshold,-0.44853720030023014,,,,,0.5765926986399428,0.5037323969580758,0.4929127025805087,0.36809544851966414,0.6393693453964875,0.6376418856733818
0.05,5,1029,19558,adaptation_platt_probability_0.5,,0.03603765799362389,1.2102155862521307,0.17787723264909572,0.5410200365033111,0.7685857449636977,0.5,0.4345764671870483,0.0,1.0,1.0
0.05,6,1029,19558,locked_zero_threshold,0.0,,,,,0.4357807546783925,0.5160530858663691,0.42641634520654503,0.6654882898806893,0.36661788185204897,0.3591880560384497
0.05,6,1029,19558,adaptation_balanced_accuracy_threshold,-0.13854486336169058,,,,,0.48062174046426015,0.5135679029824017,0.4555623667523768,0.5749005744586831,0.45223523150612027,0.44595561918396565
0.05,6,1029,19558,adaptation_platt_probability_0.5,,-0.045220478796565614,1.1889316301481596,0.1779046656865108,0.5410968696577922,0.7685857449636977,0.5,0.4345764671870483,0.0,1.0,1.0
0.05,7,1029,19558,locked_zero_threshold,0.0,,,,,0.43700787401574803,0.5170058037330054,0.4275111351715091,0.6659301811754308,0.3680814262905801,0.36021065548624603
0.05,7,1029,19558,adaptation_balanced_accuracy_threshold,0.23425227892225808,,,,,0.36777789139993866,0.5129672988683209,0.36776035633857673,0.7832523199292974,0.24268227780734433,0.23668064219245322
0.05,7,1029,19558,adaptation_platt_probability_0.5,,0.011421327427362078,1.2046824295106577,0.17786184314645537,0.5409796630201097,0.7685857449636977,0.5,0.4345764671870483,0.0,1.0,1.0
0.05,8,1029,19558,locked_zero_threshold,0.0,,,,,0.4367010941814091,0.5173467026419644,0.4273519596864981,0.6674768007070261,0.3672166045769026,0.3591880560384497
0.05,8,1029,19558,adaptation_balanced_accuracy_threshold,-0.808116681779027,,,,,0.6622865323652726,0.4938512525466367,0.49211548671789973,0.1802916482545294,0.807410856838744,0.8102566724613969
0.05,8,1029,19558,adaptation_platt_probability_0.5,,-0.021938600413545787,1.1956384966065876,0.1778739928259144,0.5410130408587468,0.7685857449636977,0.5,0.4345764671870483,0.0,1.0,1.0
0.05,9,1029,19558,locked_zero_threshold,0.0,,,,,0.43567849473361286,0.5168358760700695,0.42649433915625423,0.6679186920017676,0.3657530601383715,0.3579609367010942
0.05,9,1029,19558,adaptation_balanced_accuracy_threshold,-0.16877410438316698,,,,,0.49054095510788426,0.5138439674547884,0.46139031695677907,0.5572249226690235,0.4704630122405535,0.4640556294099601
0.05,9,1029,19558,adaptation_platt_probability_0.5,,-0.022447664595069527,1.195878167974542,0.1778744767074609,0.541014394725249,0.7685857449636977,0.5,0.4345764671870483,0.0,1.0,1.0
0.05,10,1029,19558,locked_zero_threshold,0.0,,,,,0.4351671950097147,0.5148046224322271,0.42571616746139124,0.6630578877596112,0.366551357104843,0.3596993557623479
0.05,10,1029,19558,adaptation_balanced_accuracy_threshold,-0.22092774817864969,,,,,0.506646896410676,0.5094199982738254,0.468321728618232,0.5145824127264693,0.5042575838211815,0.49989774005522036
0.05,10,1029,19558,adaptation_platt_probability_0.5,,0.1913579093811477,1.25724082443437,0.1784697996042089,0.5425696192130037,0.7685857449636977,0.5000772104500825,0.4347935322244566,0.0002209456473707468,0.9999334752527941,0.9998977400552204
0.05,11,1029,19558,locked_zero_threshold,0.0,,,,,0.43465589528581655,0.5153985240971859,0.4254550972230409,0.66570923552806,0.36508781266631185,0.3579609367010942
0.05,11,1029,19558,adaptation_balanced_accuracy_threshold,-0.008614950424807422,,,,,0.4378770835463749,0.5157182132822786,0.42789053850253067,0.6606274856385329,0.37080894092602446,0.363534103691584
0.05,11,1029,19558,adaptation_platt_probability_0.5,,0.11431620133036031,1.2313322352830491,0.178068231853842,0.5415213575598193,0.7685857449636977,0.5,0.4345764671870483,0.0,1.0,1.0
0.05,12,1029,19558,locked_zero_threshold,0.0,,,,,0.43496267512015546,0.5146715729378152,0.4255388495171434,0.6630578877596112,0.36628525811601914,0.35949483587278863
0.05,12,1029,19558,adaptation_balanced_accuracy_threshold,-0.003748584508140418,,,,,0.4368544840985786,0.5155934389607959,0.4271158446323794,0.6621741051701282,0.36901277275146355,0.3617956846303303
0.05,12,1029,19558,adaptation_platt_probability_0.5,,0.02805221868392336,1.2089226727081825,0.17786996930493632,0.5410010590316142,0.7685857449636977,0.5,0.4345764671870483,0.0,1.0,1.0
0.05,13,1029,19558,locked_zero_threshold,0.0,,,,,0.4355251048164434,0.5153463008477774,0.4260877192469512,0.6639416703490941,0.36675093134646086,0.3596482257899581
0.05,13,1029,19558,adaptation_balanced_accuracy_threshold,-0.16979446733290415,,,,,0.4914101646385111,0.5130968501546385,0.461614800653079,0.5534688466637208,0.47272485364555616,0.46666325800184066
0.05,13,1029,19558,adaptation_platt_probability_0.5,,0.03857953246971818,1.212116413882279,0.17788008106102784,0.5410278104916124,0.7685857449636977,0.5,0.4345764671870483,0.0,1.0,1.0
0.05,14,1029,19558,locked_zero_threshold,0.0,,,,,0.43537171489927395,0.5154781450772157,0.4260005165487881,0.6646045072912063,0.3663517828632251,0.3591880560384497
0.05,14,1029,19558,adaptation_balanced_accuracy_threshold,-0.1096375663573112,,,,,0.47100930565497495,0.5147267799529511,0.4500743610249804,0.5961113566062749,0.43334220329962747,0.426526229675836
0.05,14,1029,19558,adaptation_platt_probability_0.5,,0.06157927647830776,1.2186605947728175,0.17791523950042798,0.541121237263709,0.7685857449636977,0.5,0.4345764671870483,0.0,1.0,1.0
0.05,15,1029,19558,locked_zero_threshold,0.0,,,,,0.43465589528581655,0.5161706285980099,0.425605567029262,0.6679186920017676,0.36442256519425226,0.3569383372532979
0.05,15,1029,19558,adaptation_balanced_accuracy_threshold,0.20654215664074213,,,,,0.3726352387769711,0.5115718078057427,0.3724714218441162,0.7702165267344233,0.2529270888770623,0.2475713263114838
0.05,15,1029,19558,adaptation_platt_probability_0.5,,-0.11753891722235768,1.1791666935458203,0.1781123491940045,0.5416695508271777,0.7685857449636977,0.5,0.4345764671870483,0.0,1.0,1.0
0.05,16,1029,19558,locked_zero_threshold,0.0,,,,,0.4359852745679517,0.5165721876111931,0.42666989795105537,0.6665930181175431,0.366551357104843,0.35888127620411087
0.05,16,1029,19558,adaptation_balanced_accuracy_threshold,-0.4976085601730489,,,,,0.5902444012680234,0.5029621444497725,0.49587387883924705,0.3404772425983208,0.6654470463012241,0.664076081398916
0.05,16,1029,19558,adaptation_platt_probability_0.5,,-0.010743571049704222,1.1984138144020111,0.17786568787591286,0.5409905218231911,0.7685857449636977,0.5,0.4345764671870483,0.0,1.0,1.0
0.05,17,1029,19558,locked_zero_threshold,0.0,,,,,0.4352694549544943,0.5165697770812456,0.4261389207839905,0.6679186920017676,0.3652208621607238,0.35755189692197564
0.05,17,1029,19558,adaptation_balanced_accuracy_threshold,-0.2092183486832181,,,,,0.5029655383986092,0.51119447167886,0.46714364941872544,0.5265134776844896,0.49587546567323043,0.4906943450250537
0.05,17,1029,19558,adaptation_platt_probability_0.5,,-0.03554557663955606,1.1930453307155118,0.17789015417147291,0.5410563417884818,0.7685857449636977,0.5,0.4345764671870483,0.0,1.0,1.0
0.05,18,1029,19558,locked_zero_threshold,0.0,,,,,0.43562736476122305,0.5167254032463842,0.4264348324300503,0.6676977463543968,0.3657530601383715,0.358012066673484
0.05,18,1029,19558,adaptation_balanced_accuracy_threshold,0.4424324866187836,,,,,0.30984763268227833,0.5041577379069592,0.30409636295463066,0.8658859920459567,0.1424294837679617,0.14050516412721137
0.05,18,1029,19558,adaptation_platt_probability_0.5,,-0.06089043564747978,1.186125758754562,0.1779354973582488,0.541180397208331,0.7685857449636977,0.5,0.4345764671870483,0.0,1.0,1.0
0.05,19,1029,19558,locked_zero_threshold,0.0,,,,,0.4364965742918499,0.517522494947882,0.42723512260290464,0.668360583296509,0.36668440659925494,0.35857449636977196
0.05,19,1029,19558,adaptation_balanced_accuracy_threshold,0.3704005689854405,,,,,0.32897024235606914,0.5104982400779647,0.32623563334973804,0.8484312859036677,0.17256519425226183,0.1677063094385929
0.05,19,1029,19558,adaptation_platt_probability_0.5,,-0.16877653154174946,1.1644704054935513,0.17836158089854431,0.5423490514078037,0.7685857449636977,0.5,0.4345764671870483,0.0,1.0,1.0
0.05,20,1029,19558,locked_zero_threshold,0.0,,,,,0.43567849473361286,0.5154460879685865,0.42622071031702347,0.6639416703490941,0.3669505055880788,0.35980161570712754
0.05,20,1029,19558,adaptation_balanced_accuracy_threshold,-0.11347858938375488,,,,,0.47264546477144903,0.514710229607093,0.4510867758020346,0.5930181175430844,0.43640234167110165,0.42959402801922486
0.05,20,1029,19558,adaptation_platt_probability_0.5,,0.13027168299666575,1.235891160705594,0.17813321440156535,0.5416918576810805,0.7685857449636977,0.5,0.4345764671870483,0.0,1.0,1.0
0.05,21,1029,19558,locked_zero_threshold,0.0,,,,,0.4355251048164434,0.5163500366988486,0.42628556269633056,0.6668139637649139,0.3658861096327834,0.35831884650782286
0.05,21,1029,19558,adaptation_balanced_accuracy_threshold,0.3410961027822388,,,,,0.33934962675120156,0.5101471405117897,0.33807275375640733,0.828104286345559,0.19218999467802023,0.18749360875345128
0.05,21,1029,19558,adaptation_platt_probability_0.5,,-0.07671535534912455,1.1840839484566665,0.17797402596045264,0.5412861232873022,0.7685857449636977,0.5,0.4345764671870483,0.0,1.0,1.0
0.05,22,1029,19558,locked_zero_threshold,0.0,,,,,0.43470702525820637,0.5152773655706242,0.4254692421370019,0.6652673442333186,0.3652873869079297,0.3582165865630433
0.05,22,1029,19558,adaptation_balanced_accuracy_threshold,-0.1289727807914619,,,,,0.47745168217609163,0.5135903179712416,0.45367664473447933,0.5808661069376934,0.4463145290047898,0.4400245423867471
0.05,22,1029,19558,adaptation_platt_probability_0.5,,0.08914846835347347,1.225265650896195,0.17798269195923233,0.541297810894243,0.7685857449636977,0.5,0.4345764671870483,0.0,1.0,1.0
0.05,23,1029,19558,locked_zero_threshold,0.0,,,,,0.4355251048164434,0.5161956157986838,0.4262552682825539,0.6663720724701724,0.3660191591271953,0.35852336639738214
0.05,23,1029,19558,adaptation_balanced_accuracy_threshold,0.259115241444257,,,,,0.35923918601083954,0.5116590572311548,0.3591884659304678,0.7954043305346885,0.22791378392762107,0.22251763984047448
0.05,23,1029,19558,adaptation_platt_probability_0.5,,-0.08357031126143455,1.1800633940590222,0.17799425603124747,0.5413404688594221,0.7685857449636977,0.5,0.4345764671870483,0.0,1.0,1.0
0.05,24,1029,19558,locked_zero_threshold,0.0,,,,,0.4362409244299008,0.5165840785790432,0.4268612997300557,0.6661511268228016,0.3670170303352847,0.3593414459556192
0.05,24,1029,19558,adaptation_balanced_accuracy_threshold,0.030734211338022066,,,,,0.4258615400347684,0.5161630736443944,0.418937336172396,0.6842686699072028,0.34805747738158593,0.3405767460885571
0.05,24,1029,19558,adaptation_platt_probability_0.5,,-0.08251018681609827,1.1774929657299658,0.17799200417639804,0.5413321022414909,0.7685857449636977,0.5,0.4345764671870483,0.0,1.0,1.0
0.05,25,1029,19558,locked_zero_threshold,0.0,,,,,0.43634318437468045,0.5171910764768259,0.42705647996250296,0.6676977463543968,0.36668440659925494,0.3587278862869414
0.05,25,1029,19558,adaptation_balanced_accuracy_threshold,-0.3716450474596227,,,,,0.5525104816443399,0.5049749075591162,0.4859866639227256,0.4164825452938577,0.5934672698243747,0.59116474077104
0.05,25,1029,19558,adaptation_platt_probability_0.5,,0.05024665757834946,1.2130479932830667,0.17789594474996903,0.5410686881034449,0.7685857449636977,0.5,0.4345764671870483,0.0,1.0,1.0
0.05,26,1029,19558,locked_zero_threshold,0.0,,,,,0.4337355557827999,0.5149542222724972,0.42468549414272694,0.6661511268228016,0.36375731772219266,0.35683607730851824
0.05,26,1029,19558,adaptation_balanced_accuracy_threshold,-0.09514363600435277,,,,,0.46497596891297677,0.5159749200233198,0.44659932536547065,0.6109147149801148,0.42103512506652474,0.4136414766336026
0.05,26,1029,19558,adaptation_platt_probability_0.5,,0.09196751591993034,1.2228425060027996,0.17799159199708903,0.5413213722274994,0.7685857449636977,0.5,0.4345764671870483,0.0,1.0,1.0
0.05,27,1029,19558,locked_zero_threshold,0.0,,,,,0.4359852745679517,0.5162633458108634,0.4266090207328057,0.66570923552806,0.36681745609366684,0.35929031598322936
0.05,27,1029,19558,adaptation_balanced_accuracy_threshold,0.4500140184508834,,,,,0.3072400040903978,0.503001830003784,0.3010333399130666,0.8674326115775519,0.13857104843001597,0.1371817159218734
0.05,27,1029,19558,adaptation_platt_probability_0.5,,0.039358812960637285,1.211939361654957,0.17788082210964157,0.5410296485075916,0.7685857449636977,0.5,0.4345764671870483,0.0,1.0,1.0
0.05,28,1029,19558,locked_zero_threshold,0.0,,,,,0.4351671950097147,0.5154995164829685,0.4258535156744574,0.6650463985859478,0.36595263437998937,0.35877901625933123
0.05,28,1029,19558,adaptation_balanced_accuracy_threshold,-0.3241211295524684,,,,,0.5390632989058186,0.5068047349628202,0.4818495997055211,0.44675209898365004,0.5668573709419904,0.5637079455977094
0.05,28,1029,19558,adaptation_platt_probability_0.5,,0.052223286502760466,1.2162770423348908,0.1778990728809132,0.5410784875577094,0.7685857449636977,0.5,0.4345764671870483,0.0,1.0,1.0
0.05,29,1029,19558,locked_zero_threshold,0.0,,,,,0.43629205440229063,0.5168489723028933,0.42695134854967387,0.6668139637649139,0.3668839808408728,0.3590857960936701
0.05,29,1029,19558,adaptation_balanced_accuracy_threshold,-0.2592389509258616,,,,,0.5195316494529093,0.5100810714135371,0.4748823695273099,0.4924878479893946,0.5276742948376796,0.5230084875754167
0.05,29,1029,19558,adaptation_platt_probability_0.5,,-0.04698230278207266,1.1897190420211452,0.17790778916884845,0.5411047279833653,0.7685857449636977,0.5,0.4345764671870483,0.0,1.0,1.0
0.05,30,1029,19558,locked_zero_threshold,0.0,,,,,0.4357807546783925,0.5166707694670283,0.4265378318311747,0.6672558550596553,0.36608568387440127,0.3583699764802127
0.05,30,1029,19558,adaptation_balanced_accuracy_threshold,0.28892690416324196,,,,,0.35034257081501174,0.5098863476285207,0.34999539903449306,0.8068935041979673,0.21287919105907396,0.20830350751610593
0.05,30,1029,19558,adaptation_platt_probability_0.5,,-0.06860149679563445,1.184557627342192,0.1779533282806752,0.5412298637228944,0.7685857449636977,0.5,0.4345764671870483,0.0,1.0,1.0
0.05,31,1029,19558,locked_zero_threshold,0.0,,,,,0.4350138050925452,0.5164806756633131,0.42593173456131095,0.6681396376491383,0.364821713677488,0.35719398711524697
0.05,31,1029,19558,adaptation_balanced_accuracy_threshold,-0.2623455532742147,,,,,0.5194293895081297,0.5092424421655072,0.4744618347169274,0.49027839151568714,0.5282064928153273,0.5239288270784334
0.05,31,1029,19558,adaptation_platt_probability_0.5,,0.1661061835846749,1.2420702168796465,0.17831601076676573,0.5421606425234,0.7685857449636977,0.5000772104500825,0.4347935322244566,0.0002209456473707468,0.9999334752527941,0.9998977400552204
0.05,32,1029,19558,locked_zero_threshold,0.0,,,,,0.43465589528581655,0.5147036300464445,0.42531856238281385,0.6637207247017234,0.3656865353911655,0.35888127620411087
0.05,32,1029,19558,adaptation_balanced_accuracy_threshold,-0.2843720220824264,,,,,0.525974025974026,0.5071687690799325,0.4764908204616886,0.4721608484312859,0.542176689728579,0.5388587790162593
0.05,32,1029,19558,adaptation_platt_probability_0.5,,0.18749862337439138,1.257973393389738,0.17844177490317387,0.542509240509472,0.7685857449636977,0.5000772104500825,0.4347935322244566,0.0002209456473707468,0.9999334752527941,0.9998977400552204
0.05,33,1029,19558,locked_zero_threshold,0.0,,,,,0.43496267512015546,0.5146715729378152,0.4255388495171434,0.6630578877596112,0.36628525811601914,0.35949483587278863
0.05,33,1029,19558,adaptation_balanced_accuracy_threshold,-0.13239564281221416,,,,,0.47816750178954903,0.5123573612998706,0.45371334569921995,0.5760053026955368,0.4487094199042044,0.4429900807853564
0.05,33,1029,19558,adaptation_platt_probability_0.5,,0.068747969201996,1.2198556439930963,0.17792981171116795,0.5411595980775797,0.7685857449636977,0.5,0.4345764671870483,0.0,1.0,1.0
0.05,34,1029,19558,locked_zero_threshold,0.0,,,,,0.43634318437468045,0.516418971976002,0.42690418855519907,0.6654882898806893,0.36734965407131454,0.3597504857347377
0.05,34,1029,19558,adaptation_balanced_accuracy_threshold,0.1139280615210318,,,,,0.3991205644748952,0.5115065765136306,0.39652767188038895,0.7207247017233761,0.30228845130388504,0.296962879640045
0.05,34,1029,19558,adaptation_platt_probability_0.5,,-0.037210645293508364,1.1919835546958057,0.17789193639564935,0.5410618676721042,0.7685857449636977,0.5,0.4345764671870483,0.0,1.0,1.0
0.05,35,1029,19558,locked_zero_threshold,0.0,,,,,0.43440024542386746,0.5147689495286767,0.4251422911727182,0.6643835616438356,0.3651543374135178,0.35831884650782286
0.05,35,1029,19558,adaptation_balanced_accuracy_threshold,-0.00465990269235711,,,,,0.4364454443194601,0.5154817608721368,0.42679280711621803,0.6626159964648697,0.36834752527940395,0.36118212496165253
0.05,35,1029,19558,adaptation_platt_probability_0.5,,-0.1038865757619163,1.1768585436696033,0.17806066062908077,0.5415229100510879,0.7685857449636977,0.5,0.4345764671870483,0.0,1.0,1.0
0.05,36,1029,19558,locked_zero_threshold,0.0,,,,,0.4357807546783925,0.5163619276666988,0.42647719249277066,0.6663720724701724,0.3663517828632251,0.35877901625933123
0.05,36,1029,19558,adaptation_balanced_accuracy_threshold,-0.6703991095666123,,,,,0.6318130688209428,0.4944876471510946,0.4944414412688463,0.2388422448077773,0.750133049494412,0.7526843235504653
0.05,36,1029,19558,adaptation_platt_probability_0.5,,0.08214757737206085,1.2236259526482858,0.17796278009881664,0.5412464371242318,0.7685857449636977,0.5,0.4345764671870483,0.0,1.0,1.0
0.05,37,1029,19558,locked_zero_threshold,0.0,,,,,0.43608753451273136,0.5168703437086462,0.4268042019732646,0.6672558550596553,0.366484832357637,0.3586767563145516
0.05,37,1029,19558,adaptation_balanced_accuracy_threshold,0.4180692449821445,,,,,0.3160854893138358,0.5064399071346277,0.31141935019804423,0.8608042421564295,0.15207557211282596,0.14909499948870028
0.05,37,1029,19558,adaptation_platt_probability_0.5,,-0.1580686754395501,1.1666693801815067,0.17830141146648826,0.5421877601480148,0.7685857449636977,0.5,0.4345764671870483,0.0,1.0,1.0
0.05,38,1029,19558,locked_zero_threshold,0.0,,,,,0.4359852745679517,0.516958239861605,0.426745702123216,0.6676977463543968,0.3662187333688132,0.3583699764802127
0.05,38,1029,19558,adaptation_balanced_accuracy_threshold,0.27114381323972325,,,,,0.3562225176398405,0.5107775234897324,0.35610784884125835,0.7984975695978789,0.22305747738158596,0.2180693322425606
0.05,38,1029,19558,adaptation_platt_probability_0.5,,-0.03800008305832791,1.1911102241087228,0.17789320348964485,0.5410652242663883,0.7685857449636977,0.5,0.4345764671870483,0.0,1.0,1.0
0.05,39,1029,19558,locked_zero_threshold,0.0,,,,,0.43491154514776564,0.5154876255151185,0.42566196004708745,0.6654882898806893,0.36548696114954765,0.35831884650782286
0.05,39,1029,19558,adaptation_balanced_accuracy_threshold,-0.12402417495358514,,,,,0.47607117292156664,0.5137731801851145,0.45289991184329603,0.5839593460008837,0.4435870143693454,0.4372123939053073
0.05,39,1029,19558,adaptation_platt_probability_0.5,,0.02500794631582917,1.2078896326664335,0.17786775762219809,0.5409952042552812,0.7685857449636977,0.5,0.4345764671870483,0.0,1.0,1.0
0.05,40,1029,19558,locked_zero_threshold,0.0,,,,,0.43496267512015546,0.5153664669885567,0.425676013055503,0.6650463985859478,0.3656865353911655,0.35857449636977196
0.05,40,1029,19558,adaptation_balanced_accuracy_threshold,-0.06273245062050281,,,,,0.4568463033029962,0.5175579326777789,0.4416457688256227,0.6305788775961113,0.4045369877594465,0.396410675938235
0.05,40,1029,19558,adaptation_platt_probability_0.5,,-0.03573202977894109,1.192067361718345,0.1778898850729508,0.5410564554101326,0.7685857449636977,0.5,0.4345764671870483,0.0,1.0,1.0
0.05,41,1029,19558,locked_zero_threshold,0.0,,,,,0.43465589528581655,0.515012471846774,0.42537937469380593,0.6646045072912063,0.3654204364023417,0.3584722364249923
0.05,41,1029,19558,adaptation_balanced_accuracy_threshold,-0.010045808652478339,,,,,0.43874629307700175,0.5157432004829526,0.42853012943116564,0.6590808661069377,0.37240553485896755,0.36511913283566827
0.05,41,1029,19558,adaptation_platt_probability_0.5,,0.07187627684972624,1.2204919118159991,0.17793744191209737,0.5411785312708592,0.7685857449636977,0.5,0.4345764671870483,0.0,1.0,1.0
0.05,42,1029,19558,locked_zero_threshold,0.0,,,,,0.43440024542386746,0.514614528628512,0.42511193638963873,0.6639416703490941,0.3652873869079297,0.35852336639738214
0.05,42,1029,19558,adaptation_balanced_accuracy_threshold,-0.39997197451647637,,,,,0.5607424071991001,0.5029951569513686,0.4876535746511573,0.39549270879363674,0.6104976051091006,0.609111361079865
0.05,42,1029,19558,adaptation_platt_probability_0.5,,0.2291737747921458,1.262205503313607,0.17874693636708955,0.543284449292879,0.7685346149913079,0.5000439480764794,0.4347771354891227,0.0002209456473707468,0.999866950505588,0.9998466100828306
0.05,43,1029,19558,locked_zero_threshold,0.0,,,,,0.4355251048164434,0.5158867739983543,0.42619452346748243,0.6654882898806893,0.36628525811601914,0.3589324061765007
0.05,43,1029,19558,adaptation_balanced_accuracy_threshold,-0.1518166618946336,,,,,0.4848655281726148,0.512776999287659,0.457783219520519,0.5647370746796289,0.4608169238956892,0.45490336435218326
0.05,43,1029,19558,adaptation_platt_probability_0.5,,0.04565566310949102,1.2129612567873278,0.1778887708046115,0.5410506989885258,0.7685857449636977,0.5,0.4345764671870483,0.0,1.0,1.0
0.05,44,1029,19558,locked_zero_threshold,0.0,,,,,0.4362409244299008,0.5169701308294552,0.4269373617645035,0.6672558550596553,0.36668440659925494,0.35883014623172105
0.05,44,1029,19558,adaptation_balanced_accuracy_threshold,-0.23815507717387185,,,,,0.5125268432355047,0.5103111741350372,0.4716181014451686,0.506186478126381,0.5144358701436934,0.5096635647816751
0.05,44,1029,19558,adaptation_platt_probability_0.5,,0.053469008943187304,1.215756557360756,0.1779012198087163,0.5410829686106383,0.7685857449636977,0.5,0.4345764671870483,0.0,1.0,1.0
0.05,45,1029,19558,locked_zero_threshold,0.0,,,,,0.4354228448716638,0.515974670151313,0.42613615956964035,0.6659301811754308,0.3660191591271953,0.3586256263421618
0.05,45,1029,19558,adaptation_balanced_accuracy_threshold,-0.06476860319897537,,,,,0.4581756825851314,0.518345543941374,0.4427405434258867,0.6303579319487406,0.40633315593400743,0.3978423151651498
0.05,45,1029,19558,adaptation_platt_probability_0.5,,0.07896408148998449,1.223000631145886,0.17795515060740918,0.5412253323604714,0.7685857449636977,0.5,0.4345764671870483,0.0,1.0,1.0
0.05,46,1029,19558,locked_zero_threshold,0.0,,,,,0.4351671950097147,0.5158083582832982,0.42591422095505094,0.6659301811754308,0.3656865353911655,0.3583699764802127
0.05,46,1029,19558,adaptation_balanced_accuracy_threshold,0.039065530240443014,,,,,0.4224358318846508,0.515169861814313,0.4161082319016841,0.6878038002651348,0.3425359233634912,0.33551487882196546
0.05,46,1029,19558,adaptation_platt_probability_0.5,,0.03279369427828606,1.209882457922957,0.17787410317166613,0.5410117496793052,0.7685857449636977,0.5,0.4345764671870483,0.0,1.0,1.0
0.05,47,1029,19558,locked_zero_threshold,0.0,,,,,0.43634318437468045,0.51603291972559,0.42682755537009553,0.6643835616438356,0.36768227780734436,0.36026178545863585
0.05,47,1029,19558,adaptation_balanced_accuracy_threshold,0.14845037435356923,,,,,0.3890479599141016,0.5092776741184575,0.38753209628983265,0.7330976579761379,0.285457690260777,0.2811637181715922
0.05,47,1029,19558,adaptation_platt_probability_0.5,,-0.028812584254400864,1.1925339750496555,0.1778811046603491,0.5410325144074694,0.7685857449636977,0.5,0.4345764671870483,0.0,1.0,1.0
0.05,48,1029,19558,locked_zero_threshold,0.0,,,,,0.43434911545147764,0.51558500210598,0.4252638698236687,0.6668139637649139,0.3643560404470463,0.35714285714285715
0.05,48,1029,19558,adaptation_balanced_accuracy_threshold,-0.0969537646562309,,,,,0.46620308825033235,0.515923902038885,0.447375456767644,0.6084843128590367,0.42336349121873335,0.4159934553635341
0.05,48,1029,19558,adaptation_platt_probability_0.5,,0.07954449412321102,1.222058554083989,0.17795675773157368,0.5412293733632145,0.7685857449636977,0.5,0.4345764671870483,0.0,1.0,1.0
0.05,49,1029,19558,locked_zero_threshold,0.0,,,,,0.4359341445955619,0.5163845043374253,0.42659511685264984,0.6661511268228016,0.36661788185204897,0.3590346661212803
0.05,49,1029,19558,adaptation_balanced_accuracy_threshold,0.3262699049178518,,,,,0.3425196850393701,0.5105107777733617,0.3415436440353304,0.8232434821034026,0.1977780734433209,0.19291338582677164
0.05,49,1029,19558,adaptation_platt_probability_0.5,,-0.06777768509758096,1.1832202466285866,0.17795135836007214,0.5412230940652598,0.7685857449636977,0.5,0.4345764671870483,0.0,1.0,1.0
0.05,50,1029,19558,locked_zero_threshold,0.0,,,,,0.4342979854790878,0.5143163725310588,0.42497758475191694,0.6632788334069819,0.3653539116551357,0.3587278862869414
0.05,50,1029,19558,adaptation_balanced_accuracy_threshold,0.19584118543195048,,,,,0.3748849575621229,0.5097925133408134,0.37456262744553215,0.760936809544852,0.2586482171367749,0.2541159627773801
0.05,50,1029,19558,adaptation_platt_probability_0.5,,0.1303216363412647,1.2370258464300221,0.1781336411420294,0.5416933999900155,0.7685857449636977,0.5,0.4345764671870483,0.0,1.0,1.0
0.05,51,1029,19558,locked_zero_threshold,0.0,,,,,0.4355251048164434,0.517199351649755,0.42645125335356315,0.669244365885992,0.3651543374135178,0.35719398711524697
0.05,51,1029,19558,adaptation_balanced_accuracy_threshold,-0.28760553287427393,,,,,0.5290929542898046,0.510124299270703,0.47926429240862234,0.47481219619973486,0.5454364023416711,0.5407505879946825
0.05,51,1029,19558,adaptation_platt_probability_0.5,,-0.17292895552832976,1.1610391258006934,0.1783887835300132,0.5424262825100004,0.7685857449636977,0.5,0.4345764671870483,0.0,1.0,1.0
0.05,52,1029,19558,locked_zero_threshold,0.0,,,,,0.4354739748440536,0.5154674593743394,0.4260739554651051,0.6643835616438356,0.366551357104843,0.359392575928009
0.05,52,1029,19558,adaptation_balanced_accuracy_threshold,0.21784824329265506,,,,,0.3703343900194294,0.5110787368446799,0.37023556624999815,0.773088820150243,0.24906865353911656,0.24394109827180693
0.05,52,1029,19558,adaptation_platt_probability_0.5,,-0.010517797881196191,1.198471992818821,0.17786555783541494,0.5409901928030205,0.7685857449636977,0.5,0.4345764671870483,0.0,1.0,1.0
0.05,53,1029,19558,locked_zero_threshold,0.0,,,,,0.4355762347888332,0.516846561772946,0.4264205637539091,0.6681396376491383,0.36555348589675357,0.3577564168115349
0.05,53,1029,19558,adaptation_balanced_accuracy_threshold,0.9805902424239262,,,,,0.2431230187135699,0.4990467235959369,0.20877461531571861,0.9754750331418471,0.02261841405002661,0.023059617547806523
0.05,53,1029,19558,adaptation_platt_probability_0.5,,-0.06468441917072973,1.185428420237332,0.17794424409825407,0.5412039840398238,0.7685857449636977,0.5,0.4345764671870483,0.0,1.0,1.0
0.05,54,1029,19558,locked_zero_threshold,0.0,,,,,0.43496267512015546,0.5155980983388039,0.4257214999543934,0.66570923552806,0.36548696114954765,0.35826771653543305
0.05,54,1029,19558,adaptation_balanced_accuracy_threshold,-0.17684462559149927,,,,,0.49197259433479906,0.511455264562129,0.4613400637895625,0.5477242598320813,0.47518626929217667,0.469884446262399
0.05,54,1029,19558,adaptation_platt_probability_0.5,,0.14616533714080251,1.2394526223993108,0.17820799217101346,0.5418857634293636,0.7685857449636977,0.5,0.4345764671870483,0.0,1.0,1.0
0.05,55,1029,19558,locked_zero_threshold,0.0,,,,,0.4354739748440536,0.5156990907245864,0.4261197133185441,0.6650463985859478,0.3663517828632251,0.3590857960936701
0.05,55,1029,19558,adaptation_balanced_accuracy_threshold,-0.4472991603823254,,,,,0.5761325288884344,0.5032786146954842,0.49248779306831014,0.36765355722492266,0.6389036721660458,0.6373862358114326
0.05,55,1029,19558,adaptation_platt_probability_0.5,,0.02949131532014606,1.2089955244396604,0.17787112011185757,0.5410038967458745,0.7685857449636977,0.5,0.4345764671870483,0.0,1.0,1.0
0.05,56,1029,19558,locked_zero_threshold,0.0,,,,,0.4345025053686471,0.5153759474264594,0.425336960484069,0.6659301811754308,0.364821713677488,0.3577052868391451
0.05,56,1029,19558,adaptation_balanced_accuracy_threshold,0.2311771506847173,,,,,0.36573269250434604,0.5111735412237073,0.3657233652814262,0.7819266460450729,0.24042043640234168,0.2352490029655384
0.05,56,1029,19558,adaptation_platt_probability_0.5,,0.07390224389023246,1.2165480986641486,0.17794263482656625,0.5411917944137162,0.7685857449636977,0.5,0.4345764671870483,0.0,1.0,1.0
0.05,57,1029,19558,locked_zero_threshold,0.0,,,,,0.43496267512015546,0.516215781939463,0.42584222625161194,0.6674768007070261,0.36495476317189995,0.357449636977196
0.05,57,1029,19558,adaptation_balanced_accuracy_threshold,-0.34779301861554024,,,,,0.5454545454545454,0.5057894315076724,0.48382572626918985,0.43194874060981,0.5796301224055349,0.5769506084466715
0.05,57,1029,19558,adaptation_platt_probability_0.5,,-0.0038158941181493135,1.2003342506569274,0.1778626878666913,0.5409823143999105,0.7685857449636977,0.5,0.4345764671870483,0.0,1.0,1.0
0.05,58,1029,19558,locked_zero_threshold,0.0,,,,,0.4350138050925452,0.5159402025127364,0.42582638148177054,0.6665930181175431,0.3652873869079297,0.35790980672870437
0.05,58,1029,19558,adaptation_balanced_accuracy_threshold,-0.15854296260007494,,,,,0.487012987012987,0.5134791249282427,0.45925775134982527,0.5627485638532921,0.4642096860031932,0.45797116269557214
0.05,58,1029,19558,adaptation_platt_probability_0.5,,0.10395939773504981,1.2264826904031592,0.17803002715693314,0.5414209193291102,0.7685857449636977,0.5,0.4345764671870483,0.0,1.0,1.0
0.05,59,1029,19558,locked_zero_threshold,0.0,,,,,0.4355251048164434,0.5161956157986838,0.4262552682825539,0.6663720724701724,0.3660191591271953,0.35852336639738214
0.05,59,1029,19558,adaptation_balanced_accuracy_threshold,0.22082823929248924,,,,,0.3700276101850905,0.5117284775539682,0.369950048798165,0.7755192222713213,0.24793773283661522,0.24250945904489213
0.05,59,1029,19558,adaptation_platt_probability_0.5,,-0.004590131083769362,1.2001807709926042,0.17786294491406268,0.5409830241126279,0.7685857449636977,0.5,0.4345764671870483,0.0,1.0,1.0
0.05,60,1029,19558,locked_zero_threshold,0.0,,,,,0.43629205440229063,0.5165401305025638,0.42689040050009097,0.6659301811754308,0.36715007982969666,0.35949483587278863
0.05,60,1029,19558,adaptation_balanced_accuracy_threshold,-0.0023848527248103157,,,,,0.4372123939053073,0.5169072218771702,0.4276422976320748,0.6652673442333186,0.3685470995210218,0.36072195521014416
0.05,60,1029,19558,adaptation_platt_probability_0.5,,-0.12281337664919557,1.1703145690006815,0.17813478407900232,0.5417248075219423,0.7685857449636977,0.5,0.4345764671870483,0.0,1.0,1.0
0.05,61,1029,19558,locked_zero_threshold,0.0,,,,,0.4352183249821045,0.5159960415570659,0.42598889730873035,0.6663720724701724,0.36562001064395955,0.3582165865630433
0.05,61,1029,19558,adaptation_balanced_accuracy_threshold,0.06920631869426053,,,,,0.4119030575723489,0.5132592816573722,0.40741539085970924,0.7019443216968626,0.32457424161788184,0.31843746804376727
0.05,61,1029,19558,adaptation_platt_probability_0.5,,-0.017614315820587343,1.1972689113832566,0.17787030505695428,0.541003135362293,0.7685857449636977,0.5,0.4345764671870483,0.0,1.0,1.0
0.05,62,1029,19558,locked_zero_threshold,0.0,,,,,0.4357807546783925,0.5168251903671931,0.42656807355990556,0.6676977463543968,0.36595263437998937,0.35816545659065346
0.05,62,1029,19558,adaptation_balanced_accuracy_threshold,0.3841733240683066,,,,,0.32457306473054504,0.5088730431494267,0.3212718351470025,0.8519664162615996,0.16577967003725386,0.16167297269659475
0.05,62,1029,19558,adaptation_platt_probability_0.5,,-0.08995314732714349,1.180589899599761,0.1780133983882939,0.5413931453331284,0.7685857449636977,0.5,0.4345764671870483,0.0,1.0,1.0
0.05,63,1029,19558,locked_zero_threshold,0.0,,,,,0.4368544840985786,0.5168288061621141,0.4273628255612068,0.66570923552806,0.36794837679616815,0.3601595255138562
0.05,63,1029,19558,adaptation_balanced_accuracy_threshold,0.9735889597066817,,,,,0.24358318846507823,0.4993460849583637,0.20941397366732392,0.9754750331418471,0.023217136774880257,0.023519787299314858
0.05,63,1029,19558,adaptation_platt_probability_0.5,,-0.06425498385333563,1.1838034125773338,0.17794426806183747,0.5412013074503441,0.7685857449636977,0.5,0.4345764671870483,0.0,1.0,1.0
0.05,64,1029,19558,locked_zero_threshold,0.0,,,,,0.4357807546783925,0.5172884530676874,0.42665848717531335,0.6690234202386213,0.36555348589675357,0.35755189692197564
0.05,64,1029,19558,adaptation_balanced_accuracy_threshold,0.23003484055696904,,,,,0.3669598118417016,0.5120490486402612,0.36694424012300675,0.7821475916924436,0.24195050558807876,0.23637386235811433
0.05,64,1029,19558,adaptation_platt_probability_0.5,,-0.025253392583375806,1.1950671750996797,0.17787727659464686,0.5410221591381041,0.7685857449636977,0.5,0.4345764671870483,0.0,1.0,1.0
0.05,65,1029,19558,locked_zero_threshold,0.0,,,,,0.4355251048164434,0.5161184053486014,0.42624010158022363,0.6661511268228016,0.36608568387440127,0.3586256263421618
0.05,65,1029,19558,adaptation_balanced_accuracy_threshold,-0.47708366166635907,,,,,0.5822169956028224,0.5006739488972355,0.4923476342388884,0.3488731771984092,0.6524747205960617,0.6521627978320892
0.05,65,1029,19558,adaptation_platt_probability_0.5,,0.09669548272862363,1.2254191211500787,0.1780056506396825,0.5413575809239575,0.7685857449636977,0.5,0.4345764671870483,0.0,1.0,1.0
0.05,66,1029,19558,locked_zero_threshold,0.0,,,,,0.4335310358932406,0.514589541427838,0.4244627002909644,0.6654882898806893,0.3636907929749867,0.3569383372532979
0.05,66,1029,19558,adaptation_balanced_accuracy_threshold,-0.06568625286721053,,,,,0.4563861335514879,0.5164864668145281,0.44106589907414095,0.6283694211224039,0.4046035125066525,0.396973105634523
0.05,66,1029,19558,adaptation_platt_probability_0.5,,0.035246942261717165,1.2093830989031094,0.17787638362386762,0.5410176937816826,0.7685857449636977,0.5,0.4345764671870483,0.0,1.0,1.0
0.05,67,1029,19558,locked_zero_threshold,0.0,,,,,0.43603640454034154,0.5169142917851256,0.4267749645975154,0.6674768007070261,0.3663517828632251,0.35852336639738214
0.05,67,1029,19558,adaptation_balanced_accuracy_threshold,-0.6333647041948718,,,,,0.6238879231005215,0.49720744515103676,0.49655520426417377,0.26137870083959347,0.7330361894624801,0.7343286634625217
0.05,67,1029,19558,adaptation_platt_probability_0.5,,0.06482087466267511,1.2196475744316666,0.17792223222734374,0.5411381372686092,0.7685857449636977,0.5,0.4345764671870483,0.0,1.0,1.0
0.05,68,1029,19558,locked_zero_threshold,0.0,,,,,0.43537171489927395,0.5160186182277925,0.42610693992436455,0.6661511268228016,0.3658861096327834,0.3584722364249923
0.05,68,1029,19558,adaptation_balanced_accuracy_threshold,0.12766520876702328,,,,,0.3948256467941507,0.5110288506334519,0.3927698082830422,0.7273530711444984,0.29470463012240555,0.2896001636159116
0.05,68,1029,19558,adaptation_platt_probability_0.5,,0.07544069907045352,1.2222258598148057,0.17794569303878205,0.5412013499922639,0.7685857449636977,0.5,0.4345764671870483,0.0,1.0,1.0
0.05,69,1029,19558,locked_zero_threshold,0.0,,,,,0.43567849473361286,0.5156005088687512,0.4262513216139959,0.6643835616438356,0.36681745609366684,0.35959709581756827
0.05,69,1029,19558,adaptation_balanced_accuracy_threshold,-0.1262004048782167,,,,,0.4770426423969731,0.5134014294325001,0.45337076003816734,0.5810870525850641,0.4457158062799361,0.43951324266284897
0.05,69,1029,19558,adaptation_platt_probability_0.5,,0.07183576252041168,1.2213860917343227,0.1779371769651225,0.5411788764520662,0.7685857449636977,0.5,0.4345764671870483,0.0,1.0,1.0
0.05,70,1029,19558,locked_zero_threshold,0.0,,,,,0.43440024542386746,0.5146917390785943,0.4251271202919422,0.6641626159964649,0.3652208621607238,0.3584211064526025
0.05,70,1029,19558,adaptation_balanced_accuracy_threshold,0.03045732172627086,,,,,0.4239697310563452,0.5143918926705073,0.41717334009919516,0.6827220503756076,0.34606173496540715,0.3394007567235914
0.05,70,1029,19558,adaptation_platt_probability_0.5,,0.08951917894677706,1.2243394755540402,0.17798310672229964,0.5413000797827014,0.7685857449636977,0.5,0.4345764671870483,0.0,1.0,1.0
0.05,71,1029,19558,locked_zero_threshold,0.0,,,,,0.43460476531342673,0.5148247885730063,0.425304623484974,0.6641626159964649,0.36548696114954765,0.3586256263421618
0.05,71,1029,19558,adaptation_balanced_accuracy_threshold,-0.025600941297030666,,,,,0.44431946006749157,0.5163575916524642,0.4326750015267006,0.6504639858594786,0.3822511974454497,0.37468043767256365
0.05,71,1029,19558,adaptation_platt_probability_0.5,,0.08801031369632585,1.2260616094534724,0.17797949579521316,0.5412899834167253,0.7685857449636977,0.5,0.4345764671870483,0.0,1.0,1.0
0.05,72,1029,19558,locked_zero_threshold,0.0,,,,,0.4359852745679517,0.5167266085113579,0.42670025858800265,0.6670349094122846,0.3664183076104311,0.3586767563145516
0.05,72,1029,19558,adaptation_balanced_accuracy_threshold,0.1735718238784152,,,,,0.3830146231721035,0.511683970940062,0.38224349861136675,0.7512152010605391,0.2721527408195849,0.2667450659576644
0.05,72,1029,19558,adaptation_platt_probability_0.5,,-0.1045776102082798,1.1763884205295647,0.17806284060493607,0.5415302550981511,0.7685857449636977,0.5,0.4345764671870483,0.0,1.0,1.0
0.05,73,1029,19558,locked_zero_threshold,0.0,,,,,0.43496267512015546,0.5159841505892159,0.42579705136737467,0.6668139637649139,0.3651543374135178,0.3577564168115349
0.05,73,1029,19558,adaptation_balanced_accuracy_threshold,-0.08508701091507431,,,,,0.4635954596584518,0.5183968852895823,0.44635813104820443,0.620415377817057,0.41637839276210753,0.40786378975355353
0.05,73,1029,19558,adaptation_platt_probability_0.5,,0.037917233950641,1.2111112113108462,0.17787939171601103,0.5410254102665488,0.7685857449636977,0.5,0.4345764671870483,0.0,1.0,1.0
0.05,74,1029,19558,locked_zero_threshold,0.0,,,,,0.43532058492688414,0.515290461803448,0.425925647942929,0.6641626159964649,0.3664183076104311,0.3593414459556192
0.05,74,1029,19558,adaptation_balanced_accuracy_threshold,-0.08522271949523669,,,,,0.4644135392166888,0.5179253474161588,0.44676713348226893,0.6175430844012373,0.41830761043108033,0.41001124859392574
0.05,74,1029,19558,adaptation_platt_probability_0.5,,0.1180580933948851,1.2344687790973792,0.1780860248402913,0.5415645836337543,0.7685857449636977,0.5,0.4345764671870483,0.0,1.0,1.0
0.05,75,1029,19558,locked_zero_threshold,0.0,,,,,0.43496267512015546,0.5160613610392982,0.4258121226551119,0.6670349094122846,0.36508781266631185,0.3576541568667553
0.05,75,1029,19558,adaptation_balanced_accuracy_threshold,-0.09526820561545779,,,,,0.46620308825033235,0.5169276378899561,0.44765507106943525,0.6113566062748564,0.4224986695050559,0.41466407608139894
0.05,75,1029,19558,adaptation_platt_probability_0.5,,0.014021321167843628,1.2045268637961701,0.17786244798770495,0.5409811827554406,0.7685857449636977,0.5,0.4345764671870483,0.0,1.0,1.0
0.05,76,1029,19558,locked_zero_threshold,0.0,,,,,0.4354739748440536,0.5164711952254104,0.42627139416222976,0.6672558550596553,0.3656865353911655,0.3580631966458738
0.05,76,1029,19558,adaptation_balanced_accuracy_threshold,0.1313905586319648,,,,,0.39349626751201555,0.5105500811701864,0.39156461604502646,0.7284577993813521,0.29264236295902074,0.2877594846098783
0.05,76,1029,19558,adaptation_platt_probability_0.5,,-0.1064427597933892,1.1767273605401705,0.1780694250976214,0.5415481574057148,0.7685857449636977,0.5,0.4345764671870483,0.0,1.0,1.0
0.05,77,1029,19558,locked_zero_threshold,0.0,,,,,0.43537171489927395,0.5156325659773805,0.4260309882683435,0.6650463985859478,0.3662187333688132,0.3589835361488905
0.05,77,1029,19558,adaptation_balanced_accuracy_threshold,-0.02038707025471337,,,,,0.4429389508129666,0.5168492956666668,0.43179497263780625,0.6544410075121521,0.37925758382118147,0.3714592494120053
0.05,77,1029,19558,adaptation_platt_probability_0.5,,-0.03277505626746971,1.1926299766232313,0.17788598834945132,0.5410457204533761,0.7685857449636977,0.5,0.4345764671870483,0.0,1.0,1.0
0.05,78,1029,19558,locked_zero_threshold,0.0,,,,,0.4357807546783925,0.5168251903671931,0.42656807355990556,0.6676977463543968,0.36595263437998937,0.35816545659065346
0.05,78,1029,19558,adaptation_balanced_accuracy_threshold,0.30038036028820786,,,,,0.3478883321403006,0.5096795417970607,0.3473981821764068,0.8108705258506408,0.20848855774348057,0.2040085898353615
0.05,78,1029,19558,adaptation_platt_probability_0.5,,-0.06340183324804816,1.1854696275968857,0.17794105545400848,0.5411960763162206,0.7685857449636977,0.5,0.4345764671870483,0.0,1.0,1.0
0.05,79,1029,19558,locked_zero_threshold,0.0,,,,,0.43532058492688414,0.5152132513533656,0.4259103716546151,0.6639416703490941,0.366484832357637,0.3594437059003988
0.05,79,1029,19558,adaptation_balanced_accuracy_threshold,-0.2751729038615526,,,,,0.5236220472440944,0.5082638551969967,0.47594796751519564,0.4796730004418913,0.5368547099521022,0.5330299621638205
0.05,79,1029,19558,adaptation_platt_probability_0.5,,0.18768637477831807,1.256018078107082,0.17844481146743352,0.5425046525761398,0.7685857449636977,0.5000772104500825,0.4347935322244566,0.0002209456473707468,0.9999334752527941,0.9998977400552204
0.05,80,1029,19558,locked_zero_threshold,0.0,,,,,0.4359341445955619,0.5172338192883316,0.42676168692370064,0.6685815289438798,0.3658861096327834,0.35790980672870437
0.05,80,1029,19558,adaptation_balanced_accuracy_threshold,0.3274808789568067,,,,,0.34216177523264135,0.5108184143087177,0.3411298865577579,0.8247901016349978,0.19684672698243746,0.19183965640658554
0.05,80,1029,19558,adaptation_platt_probability_0.5,,-0.13279439535484722,1.171000896507798,0.1781783116619356,0.5418450442915091,0.7685857449636977,0.5,0.4345764671870483,0.0,1.0,1.0
0.05,81,1029,19558,locked_zero_threshold,0.0,,,,,0.4361386644851212,0.5168263956321668,0.42683341425167276,0.6670349094122846,0.36661788185204897,0.35883014623172105
0.05,81,1029,19558,adaptation_balanced_accuracy_threshold,0.18645050750950334,,,,,0.37943552510481643,0.5121351809908194,0.3789461689551096,0.759169244365886,0.26510111761575306,0.2594846098783107
0.05,81,1029,19558,adaptation_platt_probability_0.5,,-0.12321433871145168,1.174474893426992,0.17813657099169872,0.5417308631947633,0.7685857449636977,0.5,0.4345764671870483,0.0,1.0,1.0
0.05,82,1029,19558,locked_zero_threshold,0.0,,,,,0.43496267512015546,0.515829729689051,0.42576686980300493,0.6663720724701724,0.3652873869079297,0.3579609367010942
0.05,82,1029,19558,adaptation_balanced_accuracy_threshold,-0.040002952687893834,,,,,0.44861437774823604,0.5161404234819011,0.435652921562629,0.6418471056120194,0.3904337413517829,0.3829634931997137
0.05,82,1029,19558,adaptation_platt_probability_0.5,,0.019598348135777488,1.2059925188939022,0.17786465043945313,0.5409869642995656,0.7685857449636977,0.5,0.4345764671870483,0.0,1.0,1.0
0.05,83,1029,19558,locked_zero_threshold,0.0,,,,,0.4344513753962573,0.5146477910021149,0.4251563098730358,0.6639416703490941,0.3653539116551357,0.35857449636977196
0.05,83,1029,19558,adaptation_balanced_accuracy_threshold,-0.060216673822431566,,,,,0.45556805399325084,0.5169580046879516,0.4406310671011238,0.6312417145382236,0.40267429483767964,0.3948256467941507
0.05,83,1029,19558,adaptation_platt_probability_0.5,,0.12564059492146776,1.2326204202161932,0.17811409623209468,0.5416430605964188,0.7685857449636977,0.5,0.4345764671870483,0.0,1.0,1.0
0.05,84,1029,19558,locked_zero_threshold,0.0,,,,,0.4355251048164434,0.516813299399343,0.4263761341540797,0.6681396376491383,0.36548696114954765,0.3577052868391451
0.05,84,1029,19558,adaptation_balanced_accuracy_threshold,-0.13204763913185663,,,,,0.4788321914306166,0.5147972438588516,0.45488843135959933,0.5817498895271763,0.44784459819052685,0.4409960118621536
0.05,84,1029,19558,adaptation_platt_probability_0.5,,-0.036325798306067414,1.1929507756463296,0.1778908592488872,0.5410587898426735,0.7685857449636977,0.5,0.4345764671870483,0.0,1.0,1.0
0.05,85,1029,19558,locked_zero_threshold,0.0,,,,,0.43629205440229063,0.5160768678020694,0.42679858841540186,0.6646045072912063,0.3675492283129324,0.3601083955414664
0.05,85,1029,19558,adaptation_balanced_accuracy_threshold,0.4087290125038793,,,,,0.3189998977400552,0.5065600220781026,0.3149325532980026,0.8557224922669023,0.15739755188930282,0.15436138664485122
0.05,85,1029,19558,adaptation_platt_probability_0.5,,0.10368053119566283,1.2317914040473,0.1780311458371692,0.54142101372539,0.7685857449636977,0.5,0.4345764671870483,0.0,1.0,1.0
0.05,86,1029,19558,locked_zero_threshold,0.0,,,,,0.43434911545147764,0.5142724244545794,0.42500671571321963,0.6630578877596112,0.36548696114954765,0.35888127620411087
0.05,86,1029,19558,adaptation_balanced_accuracy_threshold,-0.2229230731360986,,,,,0.506646896410676,0.5090339460234135,0.4681642197293253,0.5134776844896155,0.5045902075572113,0.5004090397791185
0.05,86,1029,19558,adaptation_platt_probability_0.5,,0.12111103982041091,1.235839365097624,0.1780940397243191,0.5415949091706459,0.7685857449636977,0.5,0.4345764671870483,0.0,1.0,1.0
0.05,87,1029,19558,locked_zero_threshold,0.0,,,,,0.4357807546783925,0.5165935590169459,0.42652269148468375,0.6670349094122846,0.36615220862160724,0.3584722364249923
0.05,87,1029,19558,adaptation_balanced_accuracy_threshold,-0.14784347803796183,,,,,0.48404744861437776,0.5138662207617416,0.45767377427808065,0.5693769332744145,0.4583555082490687,0.451937825953574
0.05,87,1029,19558,adaptation_platt_probability_0.5,,-0.14230217797956568,1.1679106744379992,0.178223739876448,0.5419686370448731,0.7685857449636977,0.5,0.4345764671870483,0.0,1.0,1.0
0.05,88,1029,19558,locked_zero_threshold,0.0,,,,,0.4369056140709684,0.5183290670872825,0.42769621563638893,0.6699072028281042,0.36675093134646086,0.35826771653543305
0.05,88,1029,19558,adaptation_balanced_accuracy_threshold,1.0029909232823653,,,,,0.24271397893445137,0.4995527291079369,0.20785129094365384,0.9776844896155545,0.021420968600319317,0.021627978320891708
0.05,88,1029,19558,adaptation_platt_probability_0.5,,-0.24859017373264541,1.1499187224513507,0.17890784486645445,0.5438772412876633,0.7685857449636977,0.5,0.4345764671870483,0.0,1.0,1.0
0.05,89,1029,19558,locked_zero_threshold,0.0,,,,,0.4355762347888332,0.5163832990724516,0.4263299615391335,0.6668139637649139,0.36595263437998937,0.3583699764802127
0.05,89,1029,19558,adaptation_balanced_accuracy_threshold,-0.16469195577592122,,,,,0.48982513549442686,0.514227609175253,0.46111953291945484,0.5596553247901016,0.46879989356040447,0.4622149504039268
0.05,89,1029,19558,adaptation_platt_probability_0.5,,-0.026651692991127234,1.1945154229084454,0.1778787419672716,0.5410259576061486,0.7685857449636977,0.5,0.4345764671870483,0.0,1.0,1.0
0.05,90,1029,19558,locked_zero_threshold,0.0,,,,,0.4345536353410369,0.5157952620504744,0.425456657422708,0.6670349094122846,0.3645556146886642,0.3572451170876368
0.05,90,1029,19558,adaptation_balanced_accuracy_threshold,0.2628753510671311,,,,,0.3572962470600266,0.5105495079344063,0.35721784591067773,0.79584622182943,0.22525279403938264,0.22037018100010225
0.05,90,1029,19558,adaptation_platt_probability_0.5,,-0.0668613677295235,1.1863077980245043,0.1779492241059123,0.5412185567363168,0.7685857449636977,0.5,0.4345764671870483,0.0,1.0,1.0
0.05,91,1029,19558,locked_zero_threshold,0.0,,,,,0.4345025053686471,0.5146038429256355,0.42518547427297554,0.6637207247017234,0.36548696114954765,0.3587278862869414
0.05,91,1029,19558,adaptation_balanced_accuracy_threshold,-0.08430249614589447,,,,,0.4627262501278249,0.5168276890872605,0.44536790531441783,0.6175430844012373,0.4161122937732837,0.40832395950506184
0.05,91,1029,19558,adaptation_platt_probability_0.5,,0.16609017339492194,1.2464009973203733,0.17831341935312375,0.5421626969331872,0.7685857449636977,0.5000772104500825,0.4347935322244566,0.0002209456473707468,0.9999334752527941,0.9998977400552204
0.05,92,1029,19558,locked_zero_threshold,0.0,,,,,0.43634318437468045,0.5170366555766611,0.4270261256073846,0.6672558550596553,0.36681745609366684,0.3589324061765007
0.05,92,1029,19558,adaptation_balanced_accuracy_threshold,-1.482440623619619,,,,,0.7412312097351468,0.49316851403410533,0.45163573099054133,0.03137428192664605,0.9549627461415646,0.9581245526127415
0.05,92,1029,19558,adaptation_platt_probability_0.5,,0.0294153077432596,1.2092460051470741,0.1778711461684849,0.5410038042134548,0.7685857449636977,0.5,0.4345764671870483,0.0,1.0,1.0
0.05,93,1029,19558,locked_zero_threshold,0.0,,,,,0.4357807546783925,0.5162847172166164,0.42646200017132596,0.6661511268228016,0.3664183076104311,0.35888127620411087
0.05,93,1029,19558,adaptation_balanced_accuracy_threshold,0.22004281501387823,,,,,0.36982309029553123,0.5115182176094739,0.3697469274769382,0.7752982766239505,0.24773815859499734,0.2424071991001125
0.05,93,1029,19558,adaptation_platt_probability_0.5,,-0.011562918428699165,1.1984239261062133,0.17786615156115015,0.540991816594642,0.7685857449636977,0.5,0.4345764671870483,0.0,1.0,1.0
0.05,94,1029,19558,locked_zero_threshold,0.0,,,,,0.4362409244299008,0.5165068681289607,0.4268460483397126,0.6659301811754308,0.3670835550824907,0.3594437059003988
0.05,94,1029,19558,adaptation_balanced_accuracy_threshold,0.2323728964865625,,,,,0.36772676142754884,0.5126251946943883,0.3677067602748613,0.7823685373398144,0.2428818520489622,0.23703855199918192
0.05,94,1029,19558,adaptation_platt_probability_0.5,,0.036785247617165076,1.211512960598183,0.17787824018959805,0.5410224607426916,0.7685857449636977,0.5,0.4345764671870483,0.0,1.0,1.0
0.05,95,1029,19558,locked_zero_threshold,0.0,,,,,0.4347581552305962,0.5149245756938152,0.42543773112891525,0.6641626159964649,0.3656865353911655,0.35877901625933123
0.05,95,1029,19558,adaptation_balanced_accuracy_threshold,-0.10418999396877571,,,,,0.46835054709070456,0.5144641350771617,0.44832807483212106,0.6003093239063191,0.4286189462480043,0.42192453216075265
0.05,95,1029,19558,adaptation_platt_probability_0.5,,0.05711769475750967,1.2170103502849896,0.17790684502831552,0.5410989064671916,0.7685857449636977,0.5,0.4345764671870483,0.0,1.0,1.0
0.05,96,1029,19558,locked_zero_threshold,0.0,,,,,0.4362409244299008,0.5173561830798671,0.42701309912044755,0.668360583296509,0.3663517828632251,0.35831884650782286
0.05,96,1029,19558,adaptation_balanced_accuracy_threshold,-0.8948125920061972,,,,,0.6785969935576235,0.49419295986502915,0.4893657704075943,0.15090587715422007,0.8374800425758382,0.8401677063094386
0.05,96,1029,19558,adaptation_platt_probability_0.5,,-0.08738771277291409,1.180293913115925,0.17800577082272281,0.5413712956262382,0.7685857449636977,0.5,0.4345764671870483,0.0,1.0,1.0
0.05,97,1029,19558,locked_zero_threshold,0.0,,,,,0.43511606503732486,0.5152346227591185,0.42576349265664204,0.6643835616438356,0.36608568387440127,0.3590346661212803
0.05,97,1029,19558,adaptation_balanced_accuracy_threshold,-0.3251459878082287,,,,,0.5394212087125473,0.5068059402277939,0.4819944487244421,0.44608926204153776,0.56752261841405,0.564372635238777
0.05,97,1029,19558,adaptation_platt_probability_0.5,,0.08040532465366407,1.2248127758460439,0.17795897253190393,0.5412364379659457,0.7685857449636977,0.5,0.4345764671870483,0.0,1.0,1.0
0.05,98,1029,19558,locked_zero_threshold,0.0,,,,,0.4350138050925452,0.5148592562115829,0.42561376401388673,0.6634997790543526,0.3662187333688132,0.3593414459556192
0.05,98,1029,19558,adaptation_balanced_accuracy_threshold,0.03558319935860593,,,,,0.42361182124961655,0.5145451083056984,0.4169215120452109,0.6838267786124613,0.3452634379989356,0.3385315471929645
0.05,98,1029,19558,adaptation_platt_probability_0.5,,0.04693351848716763,1.2138638823868713,0.17789074526389367,0.5410558866001401,0.7685857449636977,0.5,0.4345764671870483,0.0,1.0,1.0
0.05,99,1029,19558,locked_zero_threshold,0.0,,,,,0.43562736476122305,0.5161849300958075,0.4263288666387979,0.6661511268228016,0.3662187333688132,0.3587278862869414
0.05,99,1029,19558,adaptation_balanced_accuracy_threshold,0.2285455089520351,,,,,0.3686471009305655,0.512451812918418,0.36861094566165914,0.780159080866107,0.24474454497072912,0.23898149094999488
0.05,99,1029,19558,adaptation_platt_probability_0.5,,-0.05972215467741466,1.186658448042962,0.177932740693159,0.5411727479227698,0.7685857449636977,0.5,0.4345764671870483,0.0,1.0,1.0
0.05,100,1029,19558,locked_zero_threshold,0.0,,,,,0.4359341445955619,0.5166933461377549,0.4266558696225568,0.6670349094122846,0.3663517828632251,0.3586256263421618
0.05,100,1029,19558,adaptation_balanced_accuracy_threshold,-0.05229373852103386,,,,,0.4542898046835055,0.518674390200596,0.44017994222981377,0.6385329209014582,0.3988158594997339,0.3901728193066776
0.05,100,1029,19558,adaptation_platt_probability_0.5,,-0.08604060887486847,1.1800654619651785,0.17800192168126755,0.5413602132708634,0.7685857449636977,0.5,0.4345764671870483,0.0,1.0,1.0
0.05,101,1029,19558,locked_zero_threshold,0.0,,,,,0.43567849473361286,0.5159865611191632,0.4263276221263265,0.6654882898806893,0.366484832357637,0.3590857960936701
0.05,101,1029,19558,adaptation_balanced_accuracy_threshold,-0.03486332529196484,,,,,0.44743838838327027,0.5163019142900214,0.43486725463777065,0.6444984533804684,0.3881053751995742,0.3805603844973924
0.05,101,1029,19558,adaptation_platt_probability_0.5,,-0.03325726558863051,1.1920781927789756,0.17788668377783384,0.5410474552080511,0.7685857449636977,0.5,0.4345764671870483,0.0,1.0,1.0
0.05,102,1029,19558,locked_zero_threshold,0.0,,,,,0.43567849473361286,0.5167586656199872,0.4264792480181623,0.6676977463543968,0.3658195848855774,0.3580631966458738
0.05,102,1029,19558,adaptation_balanced_accuracy_threshold,-0.13502450585267345,,,,,0.47898558134778607,0.5133528219780127,0.45452031863437403,0.5773309765797614,0.44937466737626397,0.4431946006749156
0.05,102,1029,19558,adaptation_platt_probability_0.5,,-0.0421720597061974,1.1911911550084906,0.17789972543991964,0.541082855198222,0.7685857449636977,0.5,0.4345764671870483,0.0,1.0,1.0
0.05,103,1029,19558,locked_zero_threshold,0.0,,,,,0.4352183249821045,0.5156099893066539,0.4259130875966807,0.6652673442333186,0.36595263437998937,0.3587278862869414
0.05,103,1029,19558,adaptation_balanced_accuracy_threshold,-0.16723591649956127,,,,,0.4904386951631046,0.5130053382067585,0.46103772406341026,0.5550154661953159,0.4709952102182012,0.46497596891297677
0.05,103,1029,19558,adaptation_platt_probability_0.5,,0.06497524475362464,1.2182012563291709,0.17792254430953497,0.5411387964454285,0.7685857449636977,0.5,0.4345764671870483,0.0,1.0,1.0
0.05,104,1029,19558,locked_zero_threshold,0.0,,,,,0.4368544840985786,0.5171376479624438,0.42742405050317145,0.6665930181175431,0.36768227780734436,0.3597504857347377
0.05,104,1029,19558,adaptation_balanced_accuracy_threshold,-0.6271496350296671,,,,,0.622660803763166,0.4980305676362955,0.49718943400416155,0.26601855943437913,0.7300425758382119,0.730954085284794
0.05,104,1029,19558,adaptation_platt_probability_0.5,,-0.020013645462184478,1.195977845919629,0.17787223574514496,0.5410083536770645,0.7685857449636977,0.5,0.4345764671870483,0.0,1.0,1.0
0.05,105,1029,19558,locked_zero_threshold,0.0,,,,,0.4357807546783925,0.5166707694670283,0.4265378318311747,0.6672558550596553,0.36608568387440127,0.3583699764802127
0.05,105,1029,19558,adaptation_balanced_accuracy_threshold,-0.27271592890668606,,,,,0.5237243071888741,0.5100290098460154,0.47680339084143875,0.4845338046840477,0.535524215007983,0.5308825033234482
0.05,105,1029,19558,adaptation_platt_probability_0.5,,0.09581833693832997,1.2271338427457894,0.17800373980651826,0.5413530987247928,0.7685857449636977,0.5,0.4345764671870483,0.0,1.0,1.0
0.05,106,1029,19558,locked_zero_threshold,0.0,,,,,0.43496267512015546,0.5156753087888862,0.4257366362401918,0.6659301811754308,0.3654204364023417,0.35816545659065346
0.05,106,1029,19558,adaptation_balanced_accuracy_threshold,-0.20094079312006197,,,,,0.4983638408835259,0.5088185416552509,0.4638089791947553,0.5282810428634556,0.4893560404470463,0.4852745679517333
0.05,106,1029,19558,adaptation_platt_probability_0.5,,0.1835791203724391,1.25190380788611,0.17842007424742737,0.5424375394393365,0.7685857449636977,0.5000772104500825,0.4347935322244566,0.0002209456473707468,0.9999334752527941,0.9998977400552204
0.05,107,1029,19558,locked_zero_threshold,0.0,,,,,0.43639431434707027,0.516452234349605,0.4269485267576832,0.6654882898806893,0.3674161788185205,0.35980161570712754
0.05,107,1029,19558,adaptation_balanced_accuracy_threshold,0.3629139199826886,,,,,0.33311177011964416,0.5089459175852745,0.3311656276968978,0.8362792752982766,0.18161255987227248,0.17747213416504756
0.05,107,1029,19558,adaptation_platt_probability_0.5,,0.07191372868740528,1.2206054197908558,0.17793745444887613,0.5411788702969323,0.7685857449636977,0.5,0.4345764671870483,0.0,1.0,1.0
0.05,108,1029,19558,locked_zero_threshold,0.0,,,,,0.434809285202986,0.5152666798677478,0.425542866362966,0.6650463985859478,0.36548696114954765,0.3584211064526025
0.05,108,1029,19558,adaptation_balanced_accuracy_threshold,0.028222361456277545,,,,,0.4255547602004295,0.5154230262521997,0.41857420844671456,0.6827220503756076,0.3481240021287919,0.34098578586767564
0.05,108,1029,19558,adaptation_platt_probability_0.5,,0.038041769703023864,1.2113359845832583,0.1778794990404975,0.5410258828508777,0.7685857449636977,0.5,0.4345764671870483,0.0,1.0,1.0
0.05,109,1029,19558,locked_zero_threshold,0.0,,,,,0.4355251048164434,0.5165044575990134,0.42631580513556055,0.6672558550596553,0.3657530601383715,0.35811432661826365
0.05,109,1029,19558,adaptation_balanced_accuracy_threshold,0.4415003707885614,,,,,0.3100521525718376,0.5042907874013711,0.30432864225066697,0.8658859920459567,0.1426955827567855,0.14070968401677064
0.05,109,1029,19558,adaptation_platt_probability_0.5,,-0.029966939688972148,1.194233839806937,0.17788251721833848,0.5410362603807507,0.7685857449636977,0.5,0.4345764671870483,0.0,1.0,1.0
0.05,110,1029,19558,locked_zero_threshold,0.0,,,,,0.4355762347888332,0.5162288781722868,0.4262996568744637,0.6663720724701724,0.36608568387440127,0.35857449636977196
0.05,110,1029,19558,adaptation_balanced_accuracy_threshold,-0.5076985322357165,,,,,0.5912670007158196,0.5013110784193603,0.4949221320266607,0.3338488731771984,0.6687732836615221,0.6681664791901012
0.05,110,1029,19558,adaptation_platt_probability_0.5,,0.14335022989187557,1.2383660268224739,0.17819891373757096,0.5418547619265248,0.7685857449636977,0.5,0.4345764671870483,0.0,1.0,1.0
0.05,111,1029,19558,locked_zero_threshold,0.0,,,,,0.4350138050925452,0.5155541502623244,0.42575073939847785,0.6654882898806893,0.36562001064395955,0.3584211064526025
0.05,111,1029,19558,adaptation_balanced_accuracy_threshold,-0.16889712459232842,,,,,0.48997852541159626,0.5115478200930959,0.4602640130556478,0.5517012814847547,0.4713943587014369,0.4660496983331629
0.05,111,1029,19558,adaptation_platt_probability_0.5,,0.22663050766571635,1.2686114725391766,0.17872722014520645,0.5432381519450591,0.7685346149913079,0.5000439480764794,0.4347771354891227,0.0002209456473707468,0.999866950505588,0.9998466100828306
0.05,112,1029,19558,locked_zero_threshold,0.0,,,,,0.43680335412618876,0.5171815960389231,0.4273949721462504,0.6668139637649139,0.3675492283129324,0.35959709581756827
0.05,112,1029,19558,adaptation_balanced_accuracy_threshold,0.19573095797428106,,,,,0.3774414561816137,0.5123049469718688,0.3770786553063625,0.7633672116659301,0.26124268227780734,0.25554760200429494
0.05,112,1029,19558,adaptation_platt_probability_0.5,,-0.08959543806831705,1.1778625891027021,0.17801273141966958,0.541389709500538,0.7685857449636977,0.5,0.4345764671870483,0.0,1.0,1.0
0.05,113,1029,19558,locked_zero_threshold,0.0,,,,,0.43511606503732486,0.5156206750095305,0.4258395112305847,0.6654882898806893,0.3657530601383715,0.35852336639738214
0.05,113,1029,19558,adaptation_balanced_accuracy_threshold,-0.025867933866250747,,,,,0.4448307597913897,0.5169218467387411,0.4331630778726282,0.6511268228015908,0.38271687067589144,0.3748849575621229
0.05,113,1029,19558,adaptation_platt_probability_0.5,,-0.0610986448709371,1.186330088708358,0.1779358384767828,0.5411811196166989,0.7685857449636977,0.5,0.4345764671870483,0.0,1.0,1.0
0.05,114,1029,19558,locked_zero_threshold,0.0,,,,,0.4352694549544943,0.5162609352809161,0.4260786423829689,0.6670349094122846,0.36548696114954765,0.3579609367010942
0.05,114,1029,19558,adaptation_balanced_accuracy_threshold,0.3483963186068678,,,,,0.33766233766233766,0.5102076389341271,0.3361871113872344,0.8314184710561202,0.18899680681213413,0.18427242049289294
0.05,114,1029,19558,adaptation_platt_probability_0.5,,-0.07263166372357033,1.1848321256737295,0.1779634220206442,0.5412572809401657,0.7685857449636977,0.5,0.4345764671870483,0.0,1.0,1.0
0.05,115,1029,19558,locked_zero_threshold,0.0,,,,,0.4352694549544943,0.5157204621303393,0.4259726548911694,0.6654882898806893,0.36595263437998937,0.3586767563145516
0.05,115,1029,19558,adaptation_balanced_accuracy_threshold,-0.04921074826645827,,,,,0.4516310461192351,0.5167131154229939,0.43787989064135624,0.637870083959346,0.3955561468866418,0.3878208405767461
0.05,115,1029,19558,adaptation_platt_probability_0.5,,0.07845144306365566,1.2213951385277275,0.17795339223145337,0.541219833113124,0.7685857449636977,0.5,0.4345764671870483,0.0,1.0,1.0
0.05,116,1029,19558,locked_zero_threshold,0.0,,,,,0.4354739748440536,0.5161623534250809,0.42621087781444433,0.6663720724701724,0.36595263437998937,0.3584722364249923
0.05,116,1029,19558,adaptation_balanced_accuracy_threshold,0.055955593656020486,,,,,0.41716944472849987,0.5146006239862546,0.4118557851776524,0.6959787892178524,0.3332224587546567,0.3264648737089682
0.05,116,1029,19558,adaptation_platt_probability_0.5,,0.017722861177752163,1.2056025555908765,0.1778637616063371,0.5409846091596968,0.7685857449636977,0.5,0.4345764671870483,0.0,1.0,1.0
0.05,117,1029,19558,locked_zero_threshold,0.0,,,,,0.4354228448716638,0.5152025656504892,0.42598374963087277,0.6637207247017234,0.36668440659925494,0.3596482257899581
0.05,117,1029,19558,adaptation_balanced_accuracy_threshold,-0.023787779048436153,,,,,0.4441660701503221,0.5161805940815728,0.4325268836812967,0.6502430402121078,0.38211814795103777,0.37462930770017383
0.05,117,1029,19558,adaptation_platt_probability_0.5,,0.11204797234392154,1.2349450887789817,0.17805810081137222,0.5414970355139329,0.7685857449636977,0.5,0.4345764671870483,0.0,1.0,1.0
0.05,118,1029,19558,locked_zero_threshold,0.0,,,,,0.4354228448716638,0.5156658283509835,0.426075351730145,0.6650463985859478,0.36628525811601914,0.3590346661212803
0.05,118,1029,19558,adaptation_balanced_accuracy_threshold,-0.243227727476497,,,,,0.5134983127109112,0.5087040561811045,0.47140691136006563,0.49977905435262926,0.5176290580095796,0.5136005726556908
0.05,118,1029,19558,adaptation_platt_probability_0.5,,0.07258333367007347,1.221584656343974,0.17793896381381438,0.5411833725973838,0.7685857449636977,0.5,0.4345764671870483,0.0,1.0,1.0
0.05,119,1029,19558,locked_zero_threshold,0.0,,,,,0.4362409244299008,0.5170473412795376,0.4269525352019736,0.6674768007070261,0.36661788185204897,0.3587278862869414
0.05,119,1029,19558,adaptation_balanced_accuracy_threshold,0.7674468684414814,,,,,0.2585131404029042,0.49809481413873413,0.23412609175668456,0.9441007512152011,0.05208887706226716,0.052970651395848244
0.05,119,1029,19558,adaptation_platt_probability_0.5,,-0.14586710799998093,1.1648050616426628,0.17824189040578842,0.5420165707000433,0.7685857449636977,0.5,0.4345764671870483,0.0,1.0,1.0
0.05,120,1029,19558,locked_zero_threshold,0.0,,,,,0.4348604151753758,0.5149138899909388,0.4255112300398443,0.6639416703490941,0.3658861096327834,0.3589835361488905
0.05,120,1029,19558,adaptation_balanced_accuracy_threshold,-0.052961298874892926,,,,,0.4530626853461499,0.5164863051326414,0.43880872213743216,0.6345558992487847,0.3984167110164981,0.39078637897535534
0.05,120,1029,19558,adaptation_platt_probability_0.5,,0.03184545015209741,1.2099815047664375,0.17787305302703987,0.5410094837883698,0.7685857449636977,0.5,0.4345764671870483,0.0,1.0,1.0
0.05,121,1029,19558,locked_zero_threshold,0.0,,,,,0.43511606503732486,0.5160067272599425,0.4259152046283018,0.6665930181175431,0.3654204364023417,0.358012066673484
0.05,121,1029,19558,adaptation_balanced_accuracy_threshold,-0.10435814549937716,,,,,0.4687595868698231,0.5155023385668094,0.44888599519082106,0.6025187803800265,0.42848589675359233,0.42131097249207483
0.05,121,1029,19558,adaptation_platt_probability_0.5,,-0.04148351888442434,1.1915629494707234,0.17789858168437084,0.5410799401419712,0.7685857449636977,0.5,0.4345764671870483,0.0,1.0,1.0
0.05,122,1029,19558,locked_zero_threshold,0.0,,,,,0.4368544840985786,0.5172920688626085,0.42745458501972466,0.6670349094122846,0.3675492283129324,0.35954596584517845
0.05,122,1029,19558,adaptation_balanced_accuracy_threshold,0.2340230297316248,,,,,0.36741998159320993,0.5125028309028528,0.3674027756398244,0.7825894829871851,0.24241617881852048,0.2366295122200634
0.05,122,1029,19558,adaptation_platt_probability_0.5,,-0.04014402436880232,1.190584370994595,0.17789633448078887,0.5410738816416901,0.7685857449636977,0.5,0.4345764671870483,0.0,1.0,1.0
0.05,123,1029,19558,locked_zero_threshold,0.0,,,,,0.4359341445955619,0.517311029738414,0.4267767517600344,0.6688024745912505,0.3658195848855774,0.35780754678392473
0.05,123,1029,19558,adaptation_balanced_accuracy_threshold,0.3333561589218633,,,,,0.34103691584006546,0.5107043256901113,0.33989909599958645,0.8265576668139638,0.19485098456625866,0.18989671745577258
0.05,123,1029,19558,adaptation_platt_probability_0.5,,-0.18967163402013515,1.163117121701143,0.1784855376899248,0.5427029446921748,0.7685857449636977,0.5,0.4345764671870483,0.0,1.0,1.0
0.05,124,1029,19558,locked_zero_threshold,0.0,,,,,0.4357296247060027,0.5157109816924366,0.426310949725593,0.6646045072912063,0.36681745609366684,0.35954596584517845
0.05,124,1029,19558,adaptation_balanced_accuracy_threshold,0.11960213154362462,,,,,0.3974332753860313,0.5114126540358033,0.3950678421074022,0.7235969951391957,0.29922831293241087,0.2939462112690459
0.05,124,1029,19558,adaptation_platt_probability_0.5,,0.04914321064847521,1.2161041617336954,0.17789423295337795,0.5410654986838215,0.7685857449636977,0.5,0.4345764671870483,0.0,1.0,1.0
0.05,125,1029,19558,locked_zero_threshold,0.0,,,,,0.4357296247060027,0.5163286652930957,0.4264328113993271,0.6663720724701724,0.36628525811601914,0.3587278862869414
0.05,125,1029,19558,adaptation_balanced_accuracy_threshold,0.25494442783547244,,,,,0.36026178545863585,0.5112433584020609,0.3602352325240237,0.792311091471498,0.23017562533262373,0.2249718785151856
0.05,125,1029,19558,adaptation_platt_probability_0.5,,-0.12271158134135657,1.1705626424864088,0.17813485129378673,0.5417267723799523,0.7685857449636977,0.5,0.4345764671870483,0.0,1.0,1.0
0.05,126,1029,19558,locked_zero_threshold,0.0,,,,,0.4352183249821045,0.5154555684064892,0.4258826726650191,0.6648254529385771,0.36608568387440127,0.3589324061765007
0.05,126,1029,19558,adaptation_balanced_accuracy_threshold,0.11176310095898007,,,,,0.39947847428162386,0.5116622026787689,0.3968504546463142,0.7205037560760053,0.30282064928153274,0.29742304939155334
0.05,126,1029,19558,adaptation_platt_probability_0.5,,-0.06251114091095183,1.1843016586899884,0.17793884542647687,0.5411900922332461,0.7685857449636977,0.5,0.4345764671870483,0.0,1.0,1.0
0.05,127,1029,19558,locked_zero_threshold,0.0,,,,,0.4348604151753758,0.515145521341186,0.4255568813501218,0.6646045072912063,0.3656865353911655,0.3586767563145516
0.05,127,1029,19558,adaptation_balanced_accuracy_threshold,-0.10703163096576845,,,,,0.46978218631761937,0.5147005874873035,0.4492983712882043,0.5983208130799823,0.4310803618946248,0.42427651089068413
0.05,127,1029,19558,adaptation_platt_probability_0.5,,0.050824144306293784,1.2152904530401214,0.1778966266924453,0.541071548164578,0.7685857449636977,0.5,0.4345764671870483,0.0,1.0,1.0
0.05,128,1029,19558,locked_zero_threshold,0.0,,,,,0.436189794457511,0.5169368684558522,0.4268929770383128,0.6672558550596553,0.36661788185204897,0.35877901625933123
0.05,128,1029,19558,adaptation_balanced_accuracy_threshold,0.36041652497218624,,,,,0.33428775948460987,0.5094021103778136,0.3324578495153292,0.8353954927087937,0.18340872804683342,0.17905716330913182
0.05,128,1029,19558,adaptation_platt_probability_0.5,,-0.002001112844380257,1.200775583049785,0.1778621675341777,0.5409808757935666,0.7685857449636977,0.5,0.4345764671870483,0.0,1.0,1.0
0.05,129,1029,19558,locked_zero_threshold,0.0,,,,,0.4345536353410369,0.5156408411503096,0.4254265840300947,0.6665930181175431,0.3646886641830761,0.357449636977196
0.05,129,1029,19558,adaptation_balanced_accuracy_threshold,-0.03598781819427932,,,,,0.44697821863176196,0.5160797633776769,0.43449346536062844,0.6447193990278391,0.3874401277275146,0.37999795480110443
0.05,129,1029,19558,adaptation_platt_probability_0.5,,-0.06509066929591523,1.1857619314337695,0.17794501436892846,0.5412076745036856,0.7685857449636977,0.5,0.4345764671870483,0.0,1.0,1.0
0.05,130,1029,19558,locked_zero_threshold,0.0,,,,,0.43634318437468045,0.5167278137763316,0.4269652610397364,0.6663720724701724,0.3670835550824907,0.3593414459556192
0.05,130,1029,19558,adaptation_balanced_accuracy_threshold,0.21139568538495818,,,,,0.3733510583904285,0.512732375086926,0.3731915457331221,0.7722050375607601,0.25325971261309205,0.24736680642192455
0.05,130,1029,19558,adaptation_platt_probability_0.5,,-0.035776035795775804,1.1918386172375801,0.17789040632132894,0.5410569150592576,0.7685857449636977,0.5,0.4345764671870483,0.0,1.0,1.0
0.05,131,1029,19558,locked_zero_threshold,0.0,,,,,0.4365988342366295,0.5177434405952528,0.4273541946053222,0.6688024745912505,0.36668440659925494,0.3584722364249923
0.05,131,1029,19558,adaptation_balanced_accuracy_threshold,0.3629123714560375,,,,,0.3343388894569997,0.5107479504028172,0.33238893432915895,0.8391515687140964,0.18234433209153805,0.17736987422026793
0.05,131,1029,19558,adaptation_platt_probability_0.5,,-0.1716687067681571,1.1624908619085805,0.17837831984022903,0.5423948455681823,0.7685857449636977,0.5,0.4345764671870483,0.0,1.0,1.0
0.05,132,1029,19558,locked_zero_threshold,0.0,,,,,0.43639431434707027,0.5165294447996873,0.4269638194918906,0.66570923552806,0.36734965407131454,0.3596993557623479
0.05,132,1029,19558,adaptation_balanced_accuracy_threshold,-0.558149630253218,,,,,0.6061458226812557,0.4999493347760453,0.496740796707693,0.30225364560318163,0.697645023948909,0.6976684732590245
0.05,132,1029,19558,adaptation_platt_probability_0.5,,0.0477568575609961,1.2158231208632317,0.1778923415199702,0.5410601424333009,0.7685857449636977,0.5,0.4345764671870483,0.0,1.0,1.0
0.05,133,1029,19558,locked_zero_threshold,0.0,,,,,0.43782595357398507,0.5184645271116419,0.4284041596390027,0.6685815289438798,0.36834752527940395,0.35980161570712754
0.05,133,1029,19558,adaptation_balanced_accuracy_threshold,-0.56150103557126,,,,,0.6066059924327641,0.5005575379388016,0.4972981646441147,0.3031374281926646,0.6979776476849388,0.6977196032314142
0.05,133,1029,19558,adaptation_platt_probability_0.5,,-0.19890847330849423,1.1531426664561475,0.17854829853547857,0.542858308860977,0.7685857449636977,0.5,0.4345764671870483,0.0,1.0,1.0
0.05,134,1029,19558,locked_zero_threshold,0.0,,,,,0.43491154514776564,0.5160280986656953,0.42576769610594256,0.6670349094122846,0.36502128791910593,0.35760302689436546
0.05,134,1029,19558,adaptation_balanced_accuracy_threshold,-0.0655772344643007,,,,,0.4576132528888434,0.5179024473816588,0.44224983459274547,0.6301369863013698,0.40566790846194783,0.3973821454136415
0.05,134,1029,19558,adaptation_platt_probability_0.5,,0.026753207828273163,1.2074154262282986,0.17786901383177747,0.5409983655283696,0.7685857449636977,0.5,0.4345764671870483,0.0,1.0,1.0
0.05,135,1029,19558,locked_zero_threshold,0.0,,,,,0.4344513753962573,0.5151110537026092,0.4252472488363983,0.6652673442333186,0.36495476317189995,0.3579609367010942
0.05,135,1029,19558,adaptation_balanced_accuracy_threshold,-0.0829681118547414,,,,,0.46241947029348607,0.5176318506967137,0.4453811260839706,0.620415377817057,0.4148483235763704,0.4066878003885878
0.05,135,1029,19558,adaptation_platt_probability_0.5,,0.07924547992110598,1.221409824229205,0.17795559357032767,0.5412255827242729,0.7685857449636977,0.5,0.4345764671870483,0.0,1.0,1.0
0.05,136,1029,19558,locked_zero_threshold,0.0,,,,,0.4348604151753758,0.5163808885425042,0.4257983778968104,0.6681396376491383,0.36462213943587013,0.3570405971980775
0.05,136,1029,19558,adaptation_balanced_accuracy_threshold,-0.44626471579214944,,,,,0.5752121893854177,0.5032975755712897,0.49224213023391533,0.36942112240388864,0.6371740287386908,0.635647816750179
0.05,136,1029,19558,adaptation_platt_probability_0.5,,-0.023659174689085002,1.195980533724508,0.17787573155048791,0.5410177815992409,0.7685857449636977,0.5,0.4345764671870483,0.0,1.0,1.0
0.05,137,1029,19558,locked_zero_threshold,0.0,,,,,0.4361386644851212,0.5165947642819196,0.42678780773739744,0.6663720724701724,0.36681745609366684,0.3591369260660599
0.05,137,1029,19558,adaptation_balanced_accuracy_threshold,0.27536886977297725,,,,,0.3548420083853155,0.5107287543533583,0.35467988349038815,0.8009279717189571,0.22052953698775946,0.21556396359545965
0.05,137,1029,19558,adaptation_platt_probability_0.5,,-0.03178442631462691,1.193451377994769,0.1778847569977508,0.5410423765642587,0.7685857449636977,0.5,0.4345764671870483,0.0,1.0,1.0
0.05,138,1029,19558,locked_zero_threshold,0.0,,,,,0.4345025053686471,0.5148354742758827,0.4252310568096982,0.6643835616438356,0.3652873869079297,0.3584211064526025
0.05,138,1029,19558,adaptation_balanced_accuracy_threshold,0.06658712260268224,,,,,0.412158707434298,0.5122674367741512,0.40748512387522684,0.6986301369863014,0.3259047365620011,0.3202270170774108
0.05,138,1029,19558,adaptation_platt_probability_0.5,,0.16480436470976384,1.2469999986380123,0.17831432924025292,0.5421562393976105,0.7685346149913079,0.49996673762639704,0.43456012026944985,0.0,0.9999334752527941,0.9999488700276102
0.05,139,1029,19558,locked_zero_threshold,0.0,,,,,0.4359852745679517,0.5158772935604515,0.4265326316487348,0.6646045072912063,0.36715007982969666,0.35980161570712754
0.05,139,1029,19558,adaptation_balanced_accuracy_threshold,-0.23072382740592,,,,,0.5097658247264546,0.5093643209113825,0.4698593306515392,0.5086168802474591,0.510111761575306,0.5057776868800491
0.05,139,1029,19558,adaptation_platt_probability_0.5,,0.061924193430645334,1.2186606992802662,0.17791617337241394,0.5411225796218266,0.7685857449636977,0.5,0.4345764671870483,0.0,1.0,1.0
0.05,140,1029,19558,locked_zero_threshold,0.0,,,,,0.436189794457511,0.5160103430548635,0.42670994361178616,0.6646045072912063,0.3674161788185205,0.36000613559668676
0.05,140,1029,19558,adaptation_balanced_accuracy_threshold,-0.2719931569136984,,,,,0.5245423867471112,0.5097891033228391,0.4770668152744756,0.48232434821034026,0.5372538584353379,0.5327231823294816
0.05,140,1029,19558,adaptation_platt_probability_0.5,,0.10213740873748181,1.229796354058795,0.1780230668407181,0.5414027256226356,0.7685857449636977,0.5,0.4345764671870483,0.0,1.0,1.0
0.05,141,1029,19558,locked_zero_threshold,0.0,,,,,0.43634318437468045,0.5159557092755076,0.4268121897022843,0.6641626159964649,0.3677488025545503,0.3603640454034155
0.05,141,1029,19558,adaptation_balanced_accuracy_threshold,-0.0978990907961158,,,,,0.4681971571735351,0.5164490301085773,0.4487991822699088,0.6062748563853292,0.42662320383182545,0.41901012373453317
0.05,141,1029,19558,adaptation_platt_probability_0.5,,0.038634937497504886,1.2118453204348354,0.17788005597207301,0.5410275447171458,0.7685857449636977,0.5,0.4345764671870483,0.0,1.0,1.0
0.05,142,1029,19558,locked_zero_threshold,0.0,,,,,0.4369056140709684,0.5163988058352227,0.42731489220438346,0.6643835616438356,0.3684140500266099,0.3608242151549238
0.05,142,1029,19558,adaptation_balanced_accuracy_threshold,0.09401692968385267,,,,,0.40607424071991,0.5133278935707521,0.4026163576335622,0.7129916040654,0.31366418307610433,0.30749565395234685
0.05,142,1029,19558,adaptation_platt_probability_0.5,,0.08675734462106612,1.2303307216304635,0.17797904286696473,0.5412889688200815,0.7685857449636977,0.5,0.4345764671870483,0.0,1.0,1.0
0.05,143,1029,19558,locked_zero_threshold,0.0,,,,,0.43608753451273136,0.5164842914582343,0.4267282166998627,0.6661511268228016,0.36681745609366684,0.3591880560384497
0.05,143,1029,19558,adaptation_balanced_accuracy_threshold,0.010452183895263034,,,,,0.43230391655588507,0.5161847684139207,0.42385081296324245,0.6723376049491825,0.36003193187865884,0.3525411596277738
0.05,143,1029,19558,adaptation_platt_probability_0.5,,-0.1474234876948034,1.1586960788866842,0.17825440439888982,0.5420474054796584,0.7685857449636977,0.5,0.4345764671870483,0.0,1.0,1.0
0.05,144,1029,19558,locked_zero_threshold,0.0,,,,,0.4361386644851212,0.516671974732002,0.42680302290165173,0.6665930181175431,0.36675093134646086,0.3590346661212803
0.05,144,1029,19558,adaptation_balanced_accuracy_threshold,0.1955013174690572,,,,,0.3765722466509868,0.5111218030199589,0.3762104779368705,0.7615996464869642,0.2606439595529537,0.2554964720319051
0.05,144,1029,19558,adaptation_platt_probability_0.5,,0.054541262904215126,1.2175151594051385,0.17790379973734846,0.5410890091066457,0.7685857449636977,0.5,0.4345764671870483,0.0,1.0,1.0
0.05,145,1029,19558,locked_zero_threshold,0.0,,,,,0.43511606503732486,0.5162383586101895,0.4259604646860754,0.6672558550596553,0.3652208621607238,0.3577052868391451
0.05,145,1029,19558,adaptation_balanced_accuracy_threshold,0.2523641480322081,,,,,0.35995500562429694,0.5107349423601134,0.359929276651376,0.7914273088820151,0.2300425758382118,0.22507413845996524
0.05,145,1029,19558,adaptation_platt_probability_0.5,,-0.02890006306177911,1.1949253730682328,0.17788131138685656,0.5410330057157806,0.7685857449636977,0.5,0.4345764671870483,0.0,1.0,1.0
0.05,146,1029,19558,locked_zero_threshold,0.0,,,,,0.4359852745679517,0.5157228726602867,0.4265019849443741,0.6641626159964649,0.36728312932410856,0.36000613559668676
0.05,146,1029,19558,adaptation_balanced_accuracy_threshold,-0.47386341736877025,,,,,0.5831884650782289,0.5016147757960217,0.49323644675066725,0.3497569597878922,0.6534725918041512,0.6527252275283771
0.05,146,1029,19558,adaptation_platt_probability_0.5,,0.0241502204103405,1.2080836351954525,0.17786724493684228,0.5409937406581177,0.7685857449636977,0.5,0.4345764671870483,0.0,1.0,1.0
0.05,147,1029,19558,locked_zero_threshold,0.0,,,,,0.4365988342366295,0.5173573883448408,0.42727840801674155,0.6676977463543968,0.3670170303352847,0.3589835361488905
0.05,147,1029,19558,adaptation_balanced_accuracy_threshold,0.27226444133133276,,,,,0.3562736476122303,0.511119627663665,0.35615275394637336,0.799381352187362,0.22285790313996806,0.2177114224358319
0.05,147,1029,19558,adaptation_platt_probability_0.5,,-0.12980231250615648,1.1684451563103877,0.17816520932235053,0.5418094145672587,0.7685857449636977,0.5,0.4345764671870483,0.0,1.0,1.0
0.05,148,1029,19558,locked_zero_threshold,0.0,,,,,0.43562736476122305,0.5157988778453955,0.4262527868496554,0.6650463985859478,0.366551357104843,0.35923918601083954
0.05,148,1029,19558,adaptation_balanced_accuracy_threshold,-0.031232763879612213,,,,,0.4459044892115758,0.5158445162325087,0.4336842125794834,0.6460450729120636,0.3856439595529537,0.37831066571224053
0.05,148,1029,19558,adaptation_platt_probability_0.5,,-0.026439643981028764,1.1943429614818561,0.1778784259870193,0.5410252667172936,0.7685857449636977,0.5,0.4345764671870483,0.0,1.0,1.0
0.05,149,1029,19558,locked_zero_threshold,0.0,,,,,0.4359341445955619,0.5163072938873429,0.4265798961696562,0.6659301811754308,0.36668440659925494,0.3591369260660599
0.05,149,1029,19558,adaptation_balanced_accuracy_threshold,-0.05139861525307077,,,,,0.4537785049596073,0.5178012933139895,0.4396180670042662,0.636986301369863,0.39861628525811604,0.39037733919623685
0.05,149,1029,19558,adaptation_platt_probability_0.5,,-0.03236115273111634,1.1929707501198519,0.17788545792735808,0.541044194390051,0.7685857449636977,0.5,0.4345764671870483,0.0,1.0,1.0
0.05,150,1029,19558,locked_zero_threshold,0.0,,,,,0.4358830146231721,0.5168145046643167,0.42664176697719536,0.6674768007070261,0.36615220862160724,0.3583699764802127
0.05,150,1029,19558,adaptation_balanced_accuracy_threshold,1.391438910904431,,,,,0.23340832395950506,0.49905812951812684,0.19197122889093954,0.9935925762262483,0.004523682810005322,0.004959607321812046
0.05,150,1029,19558,adaptation_platt_probability_0.5,,-0.2500235786918049,1.1472825404141467,0.1789211154943348,0.543905253200668,0.7685857449636977,0.5,0.4345764671870483,0.0,1.0,1.0
0.05,151,1029,19558,locked_zero_threshold,0.0,,,,,0.4359341445955619,0.5162300834372604,0.42656466248644664,0.66570923552806,0.36675093134646086,0.35923918601083954
0.05,151,1029,19558,adaptation_balanced_accuracy_threshold,-0.25218785711231284,,,,,0.5184067900603334,0.510816297745837,0.47467477684946624,0.4966858152894388,0.5249467802022353,0.5199406892320279
0.05,151,1029,19558,adaptation_platt_probability_0.5,,-0.015017460367413648,1.197261166748858,0.17786834976578741,0.5409978152393662,0.7685857449636977,0.5,0.4345764671870483,0.0,1.0,1.0
0.05,152,1029,19558,locked_zero_threshold,0.0,,,,,0.4355762347888332,0.5158428259218748,0.4262236677224353,0.6652673442333186,0.3664183076104311,0.3590857960936701
0.05,152,1029,19558,adaptation_balanced_accuracy_threshold,-0.18144289603229413,,,,,0.4938132733408324,0.5104908174095293,0.4619993205367193,0.5415377817057004,0.4794438531133582,0.47458840372226196
0.05,152,1029,19558,adaptation_platt_probability_0.5,,0.10184104637246483,1.2280845468772275,0.17802277410950193,0.5414029876446026,0.7685857449636977,0.5,0.4345764671870483,0.0,1.0,1.0
0.05,153,1029,19558,locked_zero_threshold,0.0,,,,,0.4357807546783925,0.5162847172166164,0.42646200017132596,0.6661511268228016,0.3664183076104311,0.35888127620411087
0.05,153,1029,19558,adaptation_balanced_accuracy_threshold,-0.37844884807512713,,,,,0.5540443808160344,0.5040425175151457,0.4860011109868754,0.410958904109589,0.5971261309207025,0.5952551385622252
0.05,153,1029,19558,adaptation_platt_probability_0.5,,0.15362284461597023,1.2443673744899384,0.1782446692461759,0.5419830806026534,0.7685857449636977,0.5000772104500825,0.4347935322244566,0.0002209456473707468,0.9999334752527941,0.9998977400552204
0.05,154,1029,19558,locked_zero_threshold,0.0,,,,,0.4352694549544943,0.5152571994298449,0.425881301241396,0.6641626159964649,0.3663517828632251,0.35929031598322936
0.05,154,1029,19558,adaptation_balanced_accuracy_threshold,-0.06568625286721053,,,,,0.45843133244708045,0.5171992781579882,0.44262070377541785,0.6266018559434379,0.40779670037253857,0.3998363840883526
0.05,154,1029,19558,adaptation_platt_probability_0.5,,-0.0083973718260782,1.1990789174732155,0.17786448750759534,0.5409872607776871,0.7685857449636977,0.5,0.4345764671870483,0.0,1.0,1.0
0.05,155,1029,19558,locked_zero_threshold,0.0,,,,,0.4341445955619184,0.5149886899110738,0.4249958747230804,0.6654882898806893,0.36448908994145823,0.35755189692197564
0.05,155,1029,19558,adaptation_balanced_accuracy_threshold,-0.02038707025471337,,,,,0.4419674813375601,0.5162945210182925,0.43097795140984474,0.6546619531595228,0.3779270888770623,0.3703855199918192
0.05,155,1029,19558,adaptation_platt_probability_0.5,,0.048877547514723105,1.211122573840055,0.17789345570145051,0.5410628656462512,0.7685857449636977,0.5,0.4345764671870483,0.0,1.0,1.0
0.05,156,1029,19558,locked_zero_threshold,0.0,,,,,0.4348604151753758,0.5156859944917627,0.4256629456096836,0.6661511268228016,0.3652208621607238,0.3579609367010942
0.05,156,1029,19558,adaptation_balanced_accuracy_threshold,-0.3267281623881263,,,,,0.5400858983536149,0.5077788242352094,0.4827618198436966,0.447635881573133,0.5679217668972858,0.5643215052663871
0.05,156,1029,19558,adaptation_platt_probability_0.5,,0.0391825336181298,1.210883106443298,0.17788078677504868,0.5410292670477859,0.7685857449636977,0.5,0.4345764671870483,0.0,1.0,1.0
0.05,157,1029,19558,locked_zero_threshold,0.0,,,,,0.43532058492688414,0.5153676722535303,0.42594091121286415,0.6643835616438356,0.3663517828632251,0.35923918601083954
0.05,157,1029,19558,adaptation_balanced_accuracy_threshold,-0.5265710341498312,,,,,0.5971469475406483,0.5015845706799129,0.4963646789542162,0.32368537339814407,0.6794837679616818,0.6787503834747929
0.05,157,1029,19558,adaptation_platt_probability_0.5,,0.11558296977441797,1.2324529109691968,0.17807676109603338,0.5415383278528602,0.7685857449636977,0.5,0.4345764671870483,0.0,1.0,1.0
0.05,158,1029,19558,locked_zero_threshold,0.0,,,,,0.4357807546783925,0.5156670336159572,0.4263399934766409,0.6643835616438356,0.3669505055880788,0.3596993557623479
0.05,158,1029,19558,adaptation_balanced_accuracy_threshold,0.23906304311273313,,,,,0.36537478269761736,0.5119444404595576,0.36537185605949696,0.7847989394608926,0.23908994145822246,0.23356171387667451
0.05,158,1029,19558,adaptation_platt_probability_0.5,,0.18642218264802707,1.2563532131377952,0.17844293900748834,0.5424904271376697,0.7685346149913079,0.49996673762639704,0.43456012026944985,0.0,0.9999334752527941,0.9999488700276102
0.05,159,1029,19558,locked_zero_threshold,0.0,,,,,0.4357296247060027,0.5164058757431782,0.4264479856013902,0.6665930181175431,0.3662187333688132,0.3586256263421618
0.05,159,1029,19558,adaptation_balanced_accuracy_threshold,-0.6304503355353677,,,,,0.622916453625115,0.4970387227530745,0.4963279898344191,0.26270437472381797,0.731373070782331,0.7327436343184375
0.05,159,1029,19558,adaptation_platt_probability_0.5,,0.03283627086168469,1.2104728649873204,0.17787418429214114,0.5410120731941381,0.7685857449636977,0.5,0.4345764671870483,0.0,1.0,1.0
0.05,160,1029,19558,locked_zero_threshold,0.0,,,,,0.4340423356171388,0.5154626383144446,0.42501215571900136,0.6670349094122846,0.36389036721660456,0.3567338173637386
0.05,160,1029,19558,adaptation_balanced_accuracy_threshold,-0.08190691419068363,,,,,0.4612946109009101,0.5172861307278601,0.4445477580794448,0.6215201060539107,0.41305215540180945,0.40505164127211374
0.05,160,1029,19558,adaptation_platt_probability_0.5,,0.07412979954948964,1.2179624580520776,0.177943076919743,0.5411934646840546,0.7685857449636977,0.5,0.4345764671870483,0.0,1.0,1.0
0.05,161,1029,19558,locked_zero_threshold,0.0,,,,,0.4350138050925452,0.5165578861133956,0.4259467330511356,0.668360583296509,0.3647551889302821,0.35709172717046733
0.05,161,1029,19558,adaptation_balanced_accuracy_threshold,0.3542149843496302,,,,,0.33551487882196546,0.5099687759940379,0.33379407097150326,0.8347326557666814,0.18520489622139436,0.18059106248082626
0.05,161,1029,19558,adaptation_platt_probability_0.5,,0.024611304363302725,1.2067071185900715,0.17786748202713756,0.5409942914082393,0.7685857449636977,0.5,0.4345764671870483,0.0,1.0,1.0
0.05,162,1029,19558,locked_zero_threshold,0.0,,,,,0.4365477042642397,0.5182506513722265,0.42741530782409043,0.6703490941228458,0.36615220862160724,0.3577052868391451
0.05,162,1029,19558,adaptation_balanced_accuracy_threshold,0.36290279651759594,,,,,0.33382758973310156,0.5101064848664578,0.33186872323277405,0.8382677861246134,0.18194518360830228,0.1772676142754883
0.05,162,1029,19558,adaptation_platt_probability_0.5,,-0.1438063211599763,1.1687151511628757,0.17823151313376914,0.5419939378431121,0.7685857449636977,0.5,0.4345764671870483,0.0,1.0,1.0
0.05,163,1029,19558,locked_zero_threshold,0.0,,,,,0.4341445955619184,0.5153747421614858,0.4250710800854067,0.6665930181175431,0.3641564662054284,0.3570405971980775
0.05,163,1029,19558,adaptation_balanced_accuracy_threshold,-0.16254558895554327,,,,,0.48788219654361387,0.5126547971780102,0.45947018528022204,0.5587715422006186,0.4665380521554018,0.46068105123223235
0.05,163,1029,19558,adaptation_platt_probability_0.5,,0.011004865271832545,1.2036420071574045,0.1778617111822844,0.5409793251693051,0.7685857449636977,0.5,0.4345764671870483,0.0,1.0,1.0
0.05,164,1029,19558,locked_zero_threshold,0.0,,,,,0.43608753451273136,0.5175652377593877,0.42694015740935437,0.669244365885992,0.3658861096327834,0.3577564168115349
0.05,164,1029,19558,adaptation_balanced_accuracy_threshold,-0.3899174949600631,,,,,0.5594130279169649,0.5057592263915637,0.48884385584948653,0.4058771542200619,0.6056412985630655,0.6029757643930872
0.05,164,1029,19558,adaptation_platt_probability_0.5,,-0.1013800306376779,1.1800780762930863,0.17805260905129597,0.5415007090733879,0.7685857449636977,0.5,0.4345764671870483,0.0,1.0,1.0
0.05,165,1029,19558,locked_zero_threshold,0.0,,,,,0.436189794457511,0.5173229207062641,0.4269686888061801,0.668360583296509,0.36628525811601914,0.35826771653543305
0.05,165,1029,19558,adaptation_balanced_accuracy_threshold,0.7704787532855543,,,,,0.25871766029246346,0.49938602038438196,0.23396054802273875,0.9474149359257623,0.0513571048430016,0.05164127211371306
0.05,165,1029,19558,adaptation_platt_probability_0.5,,-0.23241008662228352,1.1506119880531784,0.17878174722497747,0.5435228126303613,0.7685857449636977,0.5,0.4345764671870483,0.0,1.0,1.0
0.05,166,1029,19558,locked_zero_threshold,0.0,,,,,0.43440024542386746,0.514846159978759,0.4251574490339648,0.6646045072912063,0.36508781266631185,0.3582165865630433
0.05,166,1029,19558,adaptation_balanced_accuracy_threshold,-0.08906117224089283,,,,,0.4633398097965027,0.5162231017194251,0.4456056961965149,0.6146707909854175,0.4177754124534327,0.41026689845587483
0.05,166,1029,19558,adaptation_platt_probability_0.5,,0.1104999970241797,1.228682778255712,0.17805331102451968,0.5414826240484746,0.7685857449636977,0.5,0.4345764671870483,0.0,1.0,1.0
0.05,167,1029,19558,locked_zero_threshold,0.0,,,,,0.4358830146231721,0.5174321882649757,0.4267624004535779,0.669244365885992,0.36562001064395955,0.35755189692197564
0.05,167,1029,19558,adaptation_balanced_accuracy_threshold,0.891506699208039,,,,,0.248900705593619,0.4999485851600251,0.2179968895926231,0.9673000441891295,0.0325971261309207,0.03262092238470191
0.05,167,1029,19558,adaptation_platt_probability_0.5,,-0.11981326421189772,1.1766270009522284,0.17812202258783016,0.5416929534362542,0.7685857449636977,0.5,0.4345764671870483,0.0,1.0,1.0
0.05,168,1029,19558,locked_zero_threshold,0.0,,,,,0.4358830146231721,0.517277767364811,0.42673231994717625,0.6688024745912505,0.3657530601383715,0.3577564168115349
0.05,168,1029,19558,adaptation_balanced_accuracy_threshold,0.20598790662676741,,,,,0.3743736578382248,0.512471097157997,0.3741663049665797,0.7695536897923111,0.25538850452368284,0.2496165252070764
0.05,168,1029,19558,adaptation_platt_probability_0.5,,-0.11111741519111892,1.174766635248586,0.1780890702908246,0.5415957208270146,0.7685857449636977,0.5,0.4345764671870483,0.0,1.0,1.0
0.05,169,1029,19558,locked_zero_threshold,0.0,,,,,0.43491154514776564,0.5148699419144593,0.42554033833094995,0.6637207247017234,0.3660191591271953,0.3591369260660599
0.05,169,1029,19558,adaptation_balanced_accuracy_threshold,0.08655981471672436,,,,,0.4061253706922998,0.5115081051423777,0.4024348801986948,0.707688908528502,0.31532730175625334,0.3100010225994478
0.05,169,1029,19558,adaptation_platt_probability_0.5,,0.24784028345748532,1.2723573583632493,0.17891235498336575,0.5437075382229452,0.768483485018918,0.499933475252794,0.434543772406615,0.0,0.999866950505588,0.9998977400552204
0.05,170,1029,19558,locked_zero_threshold,0.0,,,,,0.4357296247060027,0.5166375070934253,0.4264934302460783,0.6672558550596553,0.3660191591271953,0.35831884650782286
0.05,170,1029,19558,adaptation_balanced_accuracy_threshold,-0.7192581420979879,,,,,0.641987933326516,0.4939262876404251,0.49388114295537033,0.21829429960229785,0.7695582756785524,0.772369362920544
0.05,170,1029,19558,adaptation_platt_probability_0.5,,0.0027457155070918053,1.2019596989956796,0.17786133936528717,0.5409785370108753,0.7685857449636977,0.5,0.4345764671870483,0.0,1.0,1.0
0.05,171,1029,19558,locked_zero_threshold,0.0,,,,,0.4358830146231721,0.5166600837641518,0.426611478783944,0.6670349094122846,0.36628525811601914,0.35857449636977196
0.05,171,1029,19558,adaptation_balanced_accuracy_threshold,-0.5263456112425112,,,,,0.597504857347377,0.5026667222460401,0.4972430369008907,0.3261157755192223,0.679217668972858,0.6779834338889457
0.05,171,1029,19558,adaptation_platt_probability_0.5,,-0.0227066803871889,1.1957980536465336,0.17787472780327138,0.5410150875409163,0.7685857449636977,0.5,0.4345764671870483,0.0,1.0,1.0
0.05,172,1029,19558,locked_zero_threshold,0.0,,,,,0.4350138050925452,0.5150136771117477,0.4256442941148206,0.6639416703490941,0.36608568387440127,0.3591369260660599
0.05,172,1029,19558,adaptation_balanced_accuracy_threshold,-0.08000052805095903,,,,,0.46206156048675734,0.5173990140814928,0.44508362796973605,0.620415377817057,0.4143826503459287,0.4063298905818591
0.05,172,1029,19558,adaptation_platt_probability_0.5,,-0.10842975846946178,1.1731493409625122,0.17807733670661366,0.5415681624749423,0.7685857449636977,0.5,0.4345764671870483,0.0,1.0,1.0
0.05,173,1029,19558,locked_zero_threshold,0.0,,,,,0.43567849473361286,0.5160637715692455,0.426342843205443,0.66570923552806,0.3664183076104311,0.3589835361488905
0.05,173,1029,19558,adaptation_balanced_accuracy_threshold,-0.11222732785106226,,,,,0.4722875549647203,0.5153267079427785,0.45104879117905017,0.5954485196641626,0.43520489622139436,0.42811125881992024
0.05,173,1029,19558,adaptation_platt_probability_0.5,,-0.01761490425906212,1.1968903833993019,0.17787028687564438,0.5410030319969641,0.7685857449636977,0.5,0.4345764671870483,0.0,1.0,1.0
0.05,174,1029,19558,locked_zero_threshold,0.0,,,,,0.4342979854790878,0.5147796352315531,0.42506866558150747,0.6646045072912063,0.36495476317189995,0.35811432661826365
0.05,174,1029,19558,adaptation_balanced_accuracy_threshold,-0.24598832569036222,,,,,0.5144697821863177,0.508949989029149,0.4719810757562809,0.4986743261157755,0.5192256519425226,0.5150833418549954
0.05,174,1029,19558,adaptation_platt_probability_0.5,,0.18388759819635792,1.247428932772512,0.17842243600318325,0.5424436206341955,0.7685857449636977,0.5000772104500825,0.4347935322244566,0.0002209456473707468,0.9999334752527941,0.9998977400552204
0.05,175,1029,19558,locked_zero_threshold,0.0,,,,,0.4345536353410369,0.51533199934998,0.42536628123988485,0.66570923552806,0.36495476317189995,0.35785867675631455
0.05,175,1029,19558,adaptation_balanced_accuracy_threshold,0.20514133839265405,,,,,0.3733510583904285,0.5105704824846191,0.3731291238761113,0.7660185594343791,0.255122405534859,0.25023008487575416
0.05,175,1029,19558,adaptation_platt_probability_0.5,,0.08990903675798179,1.224765579532095,0.17798418236124167,0.5413027654121845,0.7685857449636977,0.5,0.4345764671870483,0.0,1.0,1.0
0.05,176,1029,19558,locked_zero_threshold,0.0,,,,,0.4358830146231721,0.5168145046643167,0.42664176697719536,0.6674768007070261,0.36615220862160724,0.3583699764802127
0.05,176,1029,19558,adaptation_balanced_accuracy_threshold,-0.3271491396519469,,,,,0.5396768585744963,0.5082076192971271,0.4828155962187397,0.4496243923994697,0.5667908461947845,0.562992125984252
0.05,176,1029,19558,adaptation_platt_probability_0.5,,-0.04901577058684842,1.190467168073998,0.17791157655486908,0.5411150686189259,0.7685857449636977,0.5,0.4345764671870483,0.0,1.0,1.0
0.05,177,1029,19558,locked_zero_threshold,0.0,,,,,0.43603640454034154,0.5157561350338897,0.4265463054959634,0.6641626159964649,0.36734965407131454,0.3600572655690766
0.05,177,1029,19558,adaptation_balanced_accuracy_threshold,0.10228191495465488,,,,,0.40234175273545353,0.5122123179491352,0.399346992003743,0.7167476800707026,0.3076769558275679,0.30202474690663667
0.05,177,1029,19558,adaptation_platt_probability_0.5,,0.06207972440276708,1.2193141093394568,0.17791659744485264,0.5411238717070755,0.7685857449636977,0.5,0.4345764671870483,0.0,1.0,1.0
0.05,178,1029,19558,locked_zero_threshold,0.0,,,,,0.4355251048164434,0.5162728262487662,0.4262704219872575,0.6665930181175431,0.36595263437998937,0.3584211064526025
0.05,178,1029,19558,adaptation_balanced_accuracy_threshold,0.07086509233394578,,,,,0.41180079762756927,0.513347177810331,0.4073441800813335,0.7023862129916041,0.324308142629058,0.31813068820942836
0.05,178,1029,19558,adaptation_platt_probability_0.5,,-0.05708444187284515,1.1860638507479457,0.17792732516343182,0.5411581325182564,0.7685857449636977,0.5,0.4345764671870483,0.0,1.0,1.0
0.05,179,1029,19558,locked_zero_threshold,0.0,,,,,0.4347581552305962,0.5147701547936504,0.4254072783941445,0.6637207247017234,0.3658195848855774,0.3589835361488905
0.05,179,1029,19558,adaptation_balanced_accuracy_threshold,-0.4911868957600868,,,,,0.586716433173126,0.5012847242718259,0.493863453539844,0.3422448077772868,0.6603246407663651,0.6597300337457818
0.05,179,1029,19558,adaptation_platt_probability_0.5,,0.14338116055857722,1.241921726891183,0.1781948916756829,0.5418564246270259,0.7685857449636977,0.5,0.4345764671870483,0.0,1.0,1.0
0.05,180,1029,19558,locked_zero_threshold,0.0,,,,,0.4355762347888332,0.5163832990724516,0.4263299615391335,0.6668139637649139,0.36595263437998937,0.3583699764802127
0.05,180,1029,19558,adaptation_balanced_accuracy_threshold,-0.2667882488001222,,,,,0.5220881480724,0.5102771915421207,0.4761625535661914,0.4882898806893504,0.5322645023948909,0.5275079251457204
0.05,180,1029,19558,adaptation_platt_probability_0.5,,-0.1004845611381989,1.177190730599115,0.17804975076640436,0.5414898785535411,0.7685857449636977,0.5,0.4345764671870483,0.0,1.0,1.0
0.05,181,1029,19558,locked_zero_threshold,0.0,,,,,0.43511606503732486,0.5154662541093656,0.42580914283615134,0.6650463985859478,0.3658861096327834,0.3587278862869414
0.05,181,1029,19558,adaptation_balanced_accuracy_threshold,-0.04804764921119187,,,,,0.4513242662848962,0.5163591202812112,0.4375838536802445,0.6374281926646045,0.39529004789781796,0.38771858063196646
0.05,181,1029,19558,adaptation_platt_probability_0.5,,0.08335972824199141,1.2219723156991027,0.17796638317465993,0.5412543048054576,0.7685857449636977,0.5,0.4345764671870483,0.0,1.0,1.0
0.05,182,1029,19558,locked_zero_threshold,0.0,,,,,0.4347581552305962,0.5154650488443919,0.42554390566646594,0.66570923552806,0.3652208621607238,0.3580631966458738
0.05,182,1029,19558,adaptation_balanced_accuracy_threshold,-0.06476860319897537,,,,,0.45766438286123323,0.5179357097552618,0.4422926779061309,0.6301369863013698,0.4057344332091538,0.3974332753860313
0.05,182,1029,19558,adaptation_platt_probability_0.5,,0.02805485936069565,1.2085478175818967,0.17786997819118688,0.5410009445843392,0.7685857449636977,0.5,0.4345764671870483,0.0,1.0,1.0
0.05,183,1029,19558,locked_zero_threshold,0.0,,,,,0.4366499642090193,0.5176994925187733,0.4273834636966398,0.6685815289438798,0.36681745609366684,0.3586256263421618
0.05,183,1029,19558,adaptation_balanced_accuracy_threshold,0.7492523251293111,,,,,0.25984251968503935,0.4977242686510933,0.23632708212301806,0.9405656208572691,0.05488291644491751,0.05593618979445751
0.05,183,1029,19558,adaptation_platt_probability_0.5,,-0.06988928018389404,1.1838450669535834,0.1779565588177104,0.5412374236267826,0.7685857449636977,0.5,0.4345764671870483,0.0,1.0,1.0
0.05,184,1029,19558,locked_zero_threshold,0.0,,,,,0.4355251048164434,0.5160411948985191,0.42622492187826855,0.6659301811754308,0.36615220862160724,0.3587278862869414
0.05,184,1029,19558,adaptation_balanced_accuracy_threshold,-0.16034888837472394,,,,,0.4880355864607833,0.5130634260991487,0.4596988980582781,0.5596553247901016,0.46647152740819586,0.46042540137028326
0.05,184,1029,19558,adaptation_platt_probability_0.5,,0.11005469336902814,1.2324589450886037,0.17805139931503336,0.5414796108525259,0.7685857449636977,0.5,0.4345764671870483,0.0,1.0,1.0
0.05,185,1029,19558,locked_zero_threshold,0.0,,,,,0.4364965742918499,0.5179085471982939,0.4273106634418924,0.6694653115333628,0.3663517828632251,0.3580631966458738
0.05,185,1029,19558,adaptation_balanced_accuracy_threshold,-0.697447414659485,,,,,0.6375396257286021,0.49458414184075594,0.4946073856541365,0.2284577993813522,0.7607104843001596,0.7632170978627671
0.05,185,1029,19558,adaptation_platt_probability_0.5,,-0.07109966366825997,1.1855517243100175,0.17795990693173075,0.5412464189382404,0.7685857449636977,0.5,0.4345764671870483,0.0,1.0,1.0
0.05,186,1029,19558,locked_zero_threshold,0.0,,,,,0.4357807546783925,0.5165935590169459,0.42652269148468375,0.6670349094122846,0.36615220862160724,0.3584722364249923
0.05,186,1029,19558,adaptation_balanced_accuracy_threshold,0.3638117732121071,,,,,0.329277022190408,0.5090763948678524,0.3267509806860583,0.843791427308882,0.1743613624268228,0.17016054811330403
0.05,186,1029,19558,adaptation_platt_probability_0.5,,0.017514101471513888,1.2054791106751688,0.17786365136042348,0.5409843543755104,0.7685857449636977,0.5,0.4345764671870483,0.0,1.0,1.0
0.05,187,1029,19558,locked_zero_threshold,0.0,,,,,0.43603640454034154,0.5164510290846313,0.42668385195352676,0.6661511268228016,0.36675093134646086,0.3591369260660599
0.05,187,1029,19558,adaptation_balanced_accuracy_threshold,-0.3989021382783178,,,,,0.5615604867573372,0.5042994594298402,0.48869988697638544,0.39770216526734425,0.6108967535923363,0.6089068411903058
0.05,187,1029,19558,adaptation_platt_probability_0.5,,-0.02630656938261715,1.194125483334753,0.17787834721075588,0.541024925567129,0.7685857449636977,0.5,0.4345764671870483,0.0,1.0,1.0
0.05,188,1029,19558,locked_zero_threshold,0.0,,,,,0.4367010941814091,0.5175011235421292,0.42738235966244137,0.6679186920017676,0.3670835550824907,0.3589835361488905
0.05,188,1029,19558,adaptation_balanced_accuracy_threshold,0.7065971406816165,,,,,0.26398404744861437,0.49771615516005097,0.24267086806628158,0.932832523199293,0.06259978712080894,0.06365681562531957
0.05,188,1029,19558,adaptation_platt_probability_0.5,,-0.10565152609976737,1.1736207009711543,0.17806764080847748,0.5415404568838277,0.7685857449636977,0.5,0.4345764671870483,0.0,1.0,1.0
0.05,189,1029,19558,locked_zero_threshold,0.0,,,,,0.43583188465078226,0.5164724004903841,0.4265367561598564,0.6665930181175431,0.3663517828632251,0.3587278862869414
0.05,189,1029,19558,adaptation_balanced_accuracy_threshold,-0.18329491971005718,,,,,0.4944268330095102,0.510889965892765,0.46248074873435696,0.5415377817057004,0.4802421500798297,0.4752019633909398
0.05,189,1029,19558,adaptation_platt_probability_0.5,,-0.011623805199029915,1.198486365927218,0.17786619107369667,0.5409919287670063,0.7685857449636977,0.5,0.4345764671870483,0.0,1.0,1.0
0.05,190,1029,19558,locked_zero_threshold,0.0,,,,,0.4357296247060027,0.5156337712423542,0.4262956584791081,0.6643835616438356,0.3668839808408728,0.3596482257899581
0.05,190,1029,19558,adaptation_balanced_accuracy_threshold,-0.09711009655623398,,,,,0.46712342775334903,0.5159821516131619,0.4479815475210372,0.6069376933274414,0.42502660989888236,0.4176296144800082
0.05,190,1029,19558,adaptation_platt_probability_0.5,,0.052080952425302036,1.2158706582874492,0.17789854603208036,0.5410764493112884,0.7685857449636977,0.5,0.4345764671870483,0.0,1.0,1.0
0.05,191,1029,19558,locked_zero_threshold,0.0,,,,,0.4364454443194601,0.5164082862731255,0.42697755224756107,0.6652673442333186,0.3675492283129324,0.35995500562429694
0.05,191,1029,19558,adaptation_balanced_accuracy_threshold,0.28748169639272625,,,,,0.35090500051129975,0.5095573396874119,0.3506012316090147,0.8049049933716306,0.21420968600319318,0.20978627671541059
0.05,191,1029,19558,adaptation_platt_probability_0.5,,0.026379718554933346,1.2087326116566557,0.1778687849228032,0.5409977458617097,0.7685857449636977,0.5,0.4345764671870483,0.0,1.0,1.0
0.05,192,1029,19558,locked_zero_threshold,0.0,,,,,0.4362409244299008,0.5162752367787136,0.4268002161656046,0.6652673442333186,0.36728312932410856,0.3597504857347377
0.05,192,1029,19558,adaptation_balanced_accuracy_threshold,-0.05935138093493214,,,,,0.45694856324777583,0.5183965619258089,0.44192463849171826,0.6327883340698188,0.4040047897817988,0.3954903364352183
0.05,192,1029,19558,adaptation_platt_probability_0.5,,0.052914985243363556,1.2157776629573112,0.17790032964407046,0.5410808768614,0.7685857449636977,0.5,0.4345764671870483,0.0,1.0,1.0
0.05,193,1029,19558,locked_zero_threshold,0.0,,,,,0.43736578382247676,0.5188600597999566,0.4281412793068643,0.6705700397702166,0.36715007982969666,0.3584211064526025
0.05,193,1029,19558,adaptation_balanced_accuracy_threshold,-0.9589940454820883,,,,,0.6886184681460272,0.4939178654839627,0.4860843312360463,0.13146266018559435,0.856373070782331,0.8591880560384497
0.05,193,1029,19558,adaptation_platt_probability_0.5,,-0.14871864777104393,1.1690419555784417,0.17825441890798555,0.5420532451469026,0.7685857449636977,0.5,0.4345764671870483,0.0,1.0,1.0
0.05,194,1029,19558,locked_zero_threshold,0.0,,,,,0.4355251048164434,0.5156551426481071,0.4261488283040583,0.6648254529385771,0.366484832357637,0.35923918601083954
0.05,194,1029,19558,adaptation_balanced_accuracy_threshold,0.24516361218322147,,,,,0.36220472440944884,0.5109631195973263,0.362200882762016,0.7878921785240831,0.23403406067056945,0.22896001636159116
0.05,194,1029,19558,adaptation_platt_probability_0.5,,0.10750845649264669,1.2315940322281753,0.1780423527982341,0.5414539044711028,0.7685857449636977,0.5,0.4345764671870483,0.0,1.0,1.0
0.05,195,1029,19558,locked_zero_threshold,0.0,,,,,0.43496267512015546,0.5149804147381447,0.425599941299088,0.6639416703490941,0.3660191591271953,0.3590857960936701
0.05,195,1029,19558,adaptation_balanced_accuracy_threshold,-0.04422155857058763,,,,,0.45004601697515084,0.5157591922913839,0.4365583157395282,0.6380910296067167,0.3934273549760511,0.3861335514878822
0.05,195,1029,19558,adaptation_platt_probability_0.5,,0.03742376492683941,1.2112990005917192,0.17787879334354295,0.5410242351250805,0.7685857449636977,0.5,0.4345764671870483,0.0,1.0,1.0
0.05,196,1029,19558,locked_zero_threshold,0.0,,,,,0.43470702525820637,0.5139647879192235,0.42520992720459394,0.6615112682280159,0.3664183076104311,0.35995500562429694
0.05,196,1029,19558,adaptation_balanced_accuracy_threshold,-0.11172681297049891,,,,,0.47095817568258513,0.5133037294778651,0.4496198205310775,0.5921343349536015,0.4344731240021288,0.4283157787094795
0.05,196,1029,19558,adaptation_platt_probability_0.5,,0.2854795150420876,1.2865328465082158,0.17924601997600245,0.5445851785073681,0.768483485018918,0.5000106857028764,0.43476073782996577,0.0002209456473707468,0.9998004257583821,0.9997954801104407
0.05,197,1029,19558,locked_zero_threshold,0.0,,,,,0.43465589528581655,0.5152441031970212,0.42542484724529916,0.6652673442333186,0.3652208621607238,0.35816545659065346
0.05,197,1029,19558,adaptation_balanced_accuracy_threshold,-0.059310418197003556,,,,,0.4556703139380305,0.5174105816855695,0.44081284156857803,0.6323464427750773,0.4024747205960617,0.39441660701503223
0.05,197,1029,19558,adaptation_platt_probability_0.5,,0.066364903084895,1.2185055778434293,0.17792527533253022,0.5411461052698597,0.7685857449636977,0.5,0.4345764671870483,0.0,1.0,1.0
0.05,198,1029,19558,locked_zero_threshold,0.0,,,,,0.4365988342366295,0.517589019695088,0.42732391889957405,0.668360583296509,0.36681745609366684,0.3586767563145516
0.05,198,1029,19558,adaptation_balanced_accuracy_threshold,0.3438972699658474,,,,,0.33965640658554047,0.5109643983540666,0.33835017894728014,0.8298718515245249,0.1920569451836083,0.18698230902955312
0.05,198,1029,19558,adaptation_platt_probability_0.5,,-0.1790964263695948,1.155693926791154,0.17842486038970756,0.5425162802049225,0.7685857449636977,0.5,0.4345764671870483,0.0,1.0,1.0
0.05,199,1029,19558,locked_zero_threshold,0.0,,,,,0.4359341445955619,0.51653892523759,0.42662551922601144,0.6665930181175431,0.366484832357637,0.35883014623172105
0.05,199,1029,19558,adaptation_balanced_accuracy_threshold,-0.32246042647466067,,,,,0.5391655588505982,0.5081838373614269,0.4825954401359992,0.45050817498895274,0.565859499733901,0.5620717864812353
0.05,199,1029,19558,adaptation_platt_probability_0.5,,-0.026033622099100158,1.1944418132571044,0.17787812368926859,0.5410241788561653,0.7685857449636977,0.5,0.4345764671870483,0.0,1.0,1.0
0.05,200,1029,19558,locked_zero_threshold,0.0,,,,,0.43496267512015546,0.5157525192389687,0.4257517595223984,0.6661511268228016,0.3653539116551357,0.3580631966458738
0.05,200,1029,19558,adaptation_balanced_accuracy_threshold,-0.06480878808516716,,,,,0.4578177727784027,0.5181899177762356,0.4424601476264586,0.6305788775961113,0.4058009579563598,0.3973821454136415
0.05,200,1029,19558,adaptation_platt_probability_0.5,,0.004896050483135035,1.202460493440246,0.17786121730943635,0.5409781512109456,0.7685857449636977,0.5,0.4345764671870483,0.0,1.0,1.0
0.1,1,2058,18529,locked_zero_threshold,0.0,,,,,0.4346160073398456,0.516058969097529,0.42555583144844666,0.6676772388059702,0.36444069938908785,0.35700793350963356
0.1,1,2058,18529,adaptation_balanced_accuracy_threshold,-0.31505438560163124,,,,,0.535538884991095,0.5068209484492432,0.4804196325260388,0.4533582089552239,0.5602836879432624,0.5571266663068704
0.1,1,2058,18529,adaptation_platt_probability_0.5,,0.07441569837986993,1.2199439760981101,0.1779558414482472,0.541227069110177,0.7685789842948891,0.5,0.43457430576747025,0.0,1.0,1.0
0.1,2,2058,18529,locked_zero_threshold,0.0,,,,,0.4347239462464245,0.5160476943018214,0.42563383001132793,0.6674440298507462,0.36465135875289656,0.3572238113227913
0.1,2,2058,18529,adaptation_balanced_accuracy_threshold,0.2307353779629337,,,,,0.3672621296346268,0.5124186511617183,0.3672461893268038,0.7826492537313433,0.24218804859209325,0.23644017486102867
0.1,2,2058,18529,adaptation_platt_probability_0.5,,0.008947903860666153,1.2036016375626515,0.17786509423207406,0.5409868436609332,0.7685789842948891,0.5,0.43457430576747025,0.0,1.0,1.0
0.1,3,2058,18529,locked_zero_threshold,0.0,,,,,0.4375303578174753,0.5180363979554513,0.4281027186180827,0.667910447761194,0.3681623481497086,0.35981434508068433
0.1,3,2058,18529,adaptation_balanced_accuracy_threshold,-0.09721631570808004,,,,,0.4690485185385072,0.5180039409545909,0.4497849755712999,0.6091417910447762,0.4268660908644056,0.41853311025959306
0.1,3,2058,18529,adaptation_platt_probability_0.5,,-0.11573217440043786,1.1720690989825553,0.1781344356043468,0.5417234485818195,0.7685789842948891,0.5,0.43457430576747025,0.0,1.0,1.0
0.1,4,2058,18529,locked_zero_threshold,0.0,,,,,0.43645096875168654,0.5151338463177058,0.4267286257812978,0.6616138059701493,0.3686538866652623,0.36164930649252525
0.1,4,2058,18529,adaptation_balanced_accuracy_threshold,0.007489087354981883,,,,,0.43402234335366185,0.5151837927620168,0.4249447321996893,0.6662779850746269,0.36408960044940664,0.357061902962923
0.1,4,2058,18529,adaptation_platt_probability_0.5,,0.03561723238232351,1.2118035397037275,0.1778823501357184,0.5410324270536544,0.7685789842948891,0.5,0.43457430576747025,0.0,1.0,1.0
0.1,5,2058,18529,locked_zero_threshold,0.0,,,,,0.4342382211668196,0.5148352648360264,0.42503687769959586,0.6648787313432836,0.36479179832876907,0.357925414215554
0.1,5,2058,18529,adaptation_balanced_accuracy_threshold,-0.0018788316087895995,,,,,0.43466997679313507,0.5149531548204836,0.42537972346851005,0.6644123134328358,0.36549399620813144,0.35857304765502723
0.1,5,2058,18529,adaptation_platt_probability_0.5,,-0.02209177640521141,1.1954893437783312,0.1778787610547202,0.5410245648213209,0.7685789842948891,0.5,0.43457430576747025,0.0,1.0,1.0
0.1,6,2058,18529,locked_zero_threshold,0.0,,,,,0.4355334880457661,0.5146184727038915,0.4259506632261687,0.6618470149253731,0.3673899304824099,0.3606238868800259
0.1,6,2058,18529,adaptation_balanced_accuracy_threshold,-0.060216673822431566,,,,,0.45609584974904205,0.5162601222610352,0.4408150709534263,0.6282649253731343,0.40425531914893614,0.39672945113066005
0.1,6,2058,18529,adaptation_platt_probability_0.5,,0.09781658238227418,1.228665522831346,0.17802887009548385,0.5414201959400929,0.7685789842948891,0.5,0.43457430576747025,0.0,1.0,1.0
0.1,7,2058,18529,locked_zero_threshold,0.0,,,,,0.4334826488207674,0.5137732642349659,0.4242690170001581,0.6632462686567164,0.36430025981321534,0.357925414215554
0.1,7,2058,18529,adaptation_balanced_accuracy_threshold,0.025261063648297832,,,,,0.4251173835609045,0.5135468840231117,0.41791563499075074,0.6781716417910447,0.3489221262551787,0.342652058934643
0.1,7,2058,18529,adaptation_platt_probability_0.5,,0.06815737240329667,1.2186802758555413,0.17794017653966795,0.5411861220364549,0.7685789842948891,0.5,0.43457430576747025,0.0,1.0,1.0
0.1,8,2058,18529,locked_zero_threshold,0.0,,,,,0.43558745749905553,0.5159574959361608,0.4262561713435058,0.6655783582089553,0.36633663366336633,0.3589508338280533
0.1,8,2058,18529,adaptation_balanced_accuracy_threshold,0.16743029293176664,,,,,0.38383075179448434,0.5102397498105637,0.38290414056669464,0.7455690298507462,0.2749104697703813,0.2701710831669275
0.1,8,2058,18529,adaptation_platt_probability_0.5,,-0.018823047203634043,1.1963454491276475,0.1778758005949913,0.5410162361392511,0.7685789842948891,0.5,0.43457430576747025,0.0,1.0,1.0
0.1,9,2058,18529,locked_zero_threshold,0.0,,,,,0.4363969992983971,0.5171361010148331,0.42708711216652734,0.6674440298507462,0.36682817217892,0.35889686437476387
0.1,9,2058,18529,adaptation_balanced_accuracy_threshold,0.20573824021960546,,,,,0.3736305251227805,0.5112644707131082,0.37341830698601164,0.7674906716417911,0.25503826978442523,0.24982459927680933
0.1,9,2058,18529,adaptation_platt_probability_0.5,,0.0060383436936514625,1.2028139515303005,0.17786485630121898,0.540986268164196,0.7685789842948891,0.5,0.43457430576747025,0.0,1.0,1.0
0.1,10,2058,18529,locked_zero_threshold,0.0,,,,,0.4341302822602407,0.5155799908845283,0.42510187037334835,0.6672108208955224,0.3639491608735342,0.35673808624318637
0.1,10,2058,18529,adaptation_balanced_accuracy_threshold,-0.293613428083214,,,,,0.5284149171568892,0.5069946228804367,0.4774812893416181,0.46711753731343286,0.5468717084474405,0.5436343029845108
0.1,10,2058,18529,adaptation_platt_probability_0.5,,0.08201862972218601,1.2215475011279366,0.1779772801637295,0.5412837273244241,0.7685789842948891,0.5,0.43457430576747025,0.0,1.0,1.0
0.1,11,2058,18529,locked_zero_threshold,0.0,,,,,0.4335905877273463,0.5149844081939156,0.42458516813858393,0.6665111940298507,0.36345762235798046,0.35652220843002863
0.1,11,2058,18529,adaptation_balanced_accuracy_threshold,0.08020227601585672,,,,,0.4065518916293378,0.5110039467844054,0.40272582901039616,0.7054570895522388,0.3165508040165719,0.31145771493334773
0.1,11,2058,18529,adaptation_platt_probability_0.5,,0.0506313833646998,1.213818164658869,0.177903904877494,0.541089296179157,0.7685789842948891,0.5,0.43457430576747025,0.0,1.0,1.0
0.1,12,2058,18529,locked_zero_threshold,0.0,,,,,0.43466997679313507,0.515686606073278,0.42552342548035116,0.6665111940298507,0.36486201811670527,0.3576015974958174
0.1,12,2058,18529,adaptation_balanced_accuracy_threshold,-0.05229373852103386,,,,,0.4522640185654919,0.5167826193841201,0.43833422851504966,0.636893656716418,0.3966715820518222,0.3889038804036915
0.1,12,2058,18529,adaptation_platt_probability_0.5,,-0.014199750426052258,1.1978475514366,0.17787190803002964,0.5410058049229958,0.7685789842948891,0.5,0.43457430576747025,0.0,1.0,1.0
0.1,13,2058,18529,locked_zero_threshold,0.0,,,,,0.4355334880457661,0.5156779022912612,0.4261611184865792,0.6648787313432836,0.36647707323923884,0.3592206810945005
0.1,13,2058,18529,adaptation_balanced_accuracy_threshold,-0.08137947947771207,,,,,0.46332775648982677,0.5180310430415859,0.4460865444266834,0.6198694029850746,0.41619268309809704,0.4078471585082843
0.1,13,2058,18529,adaptation_platt_probability_0.5,,0.03660816776585901,1.2112510292735692,0.17788337321949618,0.5410351624065729,0.7685789842948891,0.5,0.43457430576747025,0.0,1.0,1.0
0.1,14,2058,18529,locked_zero_threshold,0.0,,,,,0.4362350909385288,0.516460309247422,0.42683413907967316,0.6658115671641791,0.36710905133066496,0.3594905283609477
0.1,14,2058,18529,adaptation_balanced_accuracy_threshold,-0.1591750219330309,,,,,0.4882616439095472,0.5133892006420394,0.45994236359783613,0.5601679104477612,0.46661049083631767,0.4604134060121971
0.1,14,2058,18529,adaptation_platt_probability_0.5,,0.00231140412473928,1.2019159360312333,0.17786500563151328,0.5409867572832525,0.7685789842948891,0.5,0.43457430576747025,0.0,1.0,1.0
0.1,15,2058,18529,locked_zero_threshold,0.0,,,,,0.4362350909385288,0.5158083525782715,0.4267047892087745,0.663945895522388,0.3676708096341549,0.3603540396135787
0.1,15,2058,18529,adaptation_balanced_accuracy_threshold,-0.08453736221842956,,,,,0.4646769928220627,0.5182568337216382,0.44703071830307384,0.6180037313432836,0.418509936099993,0.4100599060931513
0.1,15,2058,18529,adaptation_platt_probability_0.5,,-0.0364948209245513,1.1916721371663543,0.17789731297417508,0.5410749236263528,0.7685789842948891,0.5,0.43457430576747025,0.0,1.0,1.0
0.1,16,2058,18529,locked_zero_threshold,0.0,,,,,0.43580333531221327,0.51666839759754,0.4265556905359881,0.6672108208955224,0.3661259742995576,0.35841113929515894
0.1,16,2058,18529,adaptation_balanced_accuracy_threshold,-0.15531605851009467,,,,,0.48604889632468024,0.5133351029112915,0.4586568748330523,0.5641324626865671,0.46253774313601576,0.45636569701548924
0.1,16,2058,18529,adaptation_platt_probability_0.5,,-0.050644357470968786,1.188701959153079,0.177922967136903,0.5411450561124326,0.7685789842948891,0.5,0.43457430576747025,0.0,1.0,1.0
0.1,17,2058,18529,locked_zero_threshold,0.0,,,,,0.4355334880457661,0.5161668697931241,0.4262574250842145,0.6662779850746269,0.36605575451162137,0.35857304765502723
0.1,17,2058,18529,adaptation_balanced_accuracy_threshold,0.00953559576267482,,,,,0.43229532084839983,0.5160976407461324,0.4238295497367449,0.6721082089552238,0.3600870725370409,0.35263640779318906
0.1,17,2058,18529,adaptation_platt_probability_0.5,,-0.11715804402106784,1.1723181900367121,0.17813937921477124,0.541737373839337,0.7685789842948891,0.5,0.43457430576747025,0.0,1.0,1.0
0.1,18,2058,18529,locked_zero_threshold,0.0,,,,,0.43531761023260834,0.5161894193845393,0.4261019388498596,0.6667444029850746,0.36563443578400395,0.35814129202871176
0.1,18,2058,18529,adaptation_balanced_accuracy_threshold,-0.25247645050327616,,,,,0.5172432403259755,0.510076686951801,0.47379991670234767,0.49673507462686567,0.5234182992767362,0.5187543850180798
0.1,18,2058,18529,adaptation_platt_probability_0.5,,0.030753935273637883,1.2089795081634016,0.1778771238327663,0.5410184280589369,0.7685789842948891,0.5,0.43457430576747025,0.0,1.0,1.0
0.1,19,2058,18529,locked_zero_threshold,0.0,,,,,0.43720654109773865,0.5174997602570672,0.4277573407245533,0.6669776119402985,0.3680219085738361,0.3599222839872632
0.1,19,2058,18529,adaptation_balanced_accuracy_threshold,-0.1643484242914297,,,,,0.49187759727993957,0.5142746610323148,0.4622962069960612,0.5559701492537313,0.4725791728108981,0.46597225970100925
0.1,19,2058,18529,adaptation_platt_probability_0.5,,0.017189169371907904,1.2060487459011695,0.17786755297466822,0.5409931899853,0.7685789842948891,0.5,0.43457430576747025,0.0,1.0,1.0
0.1,20,2058,18529,locked_zero_threshold,0.0,,,,,0.4348318851530034,0.5149769899187442,0.4255041783627109,0.664179104477612,0.3657748753598764,0.3588428949214744
0.1,20,2058,18529,adaptation_balanced_accuracy_threshold,-0.05134468369523193,,,,,0.45242592692536027,0.5167249598987368,0.43843165206579826,0.6364272388059702,0.3970226809915034,0.3892816665767176
0.1,20,2058,18529,adaptation_platt_probability_0.5,,0.07304012459698893,1.2211209610300227,0.1779539622172828,0.5412197066319006,0.7685789842948891,0.5,0.43457430576747025,0.0,1.0,1.0
0.1,21,2058,18529,locked_zero_threshold,0.0,,,,,0.43493982405958226,0.5147212313721051,0.4255334137592234,0.6632462686567164,0.3661961940874939,0.35938258945436885
0.1,21,2058,18529,adaptation_balanced_accuracy_threshold,-0.07161466812909023,,,,,0.45911813913325056,0.5165148900667298,0.4429047239160294,0.6233675373134329,0.40966224282002667,0.402018457553025
0.1,21,2058,18529,adaptation_platt_probability_0.5,,0.07336912008663189,1.2212214240571913,0.17795282689015354,0.5412187174834253,0.7685789842948891,0.5,0.43457430576747025,0.0,1.0,1.0
0.1,22,2058,18529,locked_zero_threshold,0.0,,,,,0.43515570187274005,0.5166545517881417,0.4260725286326674,0.6683768656716418,0.3649322379046415,0.3572238113227913
0.1,22,2058,18529,adaptation_balanced_accuracy_threshold,-0.31592130325757406,,,,,0.5358087322575422,0.5080559275064535,0.4811492753128467,0.45638992537313433,0.5597219296397725,0.5559933077877921
0.1,22,2058,18529,adaptation_platt_probability_0.5,,0.005798959501696908,1.2026254149398101,0.17786484052641752,0.5409862165781547,0.7685789842948891,0.5,0.43457430576747025,0.0,1.0,1.0
0.1,23,2058,18529,locked_zero_threshold,0.0,,,,,0.43391440444708296,0.5145431108885739,0.4247396984375597,0.6646455223880597,0.36444069938908785,0.3577095364023962
0.1,23,2058,18529,adaptation_balanced_accuracy_threshold,0.029454537561297123,,,,,0.42403799449511576,0.5142300940656943,0.41720029348315646,0.6821361940298507,0.3463239941015378,0.33973770845701334
0.1,23,2058,18529,adaptation_platt_probability_0.5,,0.048663286528227864,1.2132478719710087,0.17790059690201576,0.5410805707684326,0.7685789842948891,0.5,0.43457430576747025,0.0,1.0,1.0
0.1,24,2058,18529,locked_zero_threshold,0.0,,,,,0.43601921312537106,0.5168903317570563,0.42675912736673033,0.6674440298507462,0.36633663366336633,0.35851907820173784
0.1,24,2058,18529,adaptation_balanced_accuracy_threshold,0.04813283274817082,,,,,0.42090776620432835,0.5162684493977343,0.41508319500058016,0.6937966417910447,0.33874025700442384,0.3312105348372821
0.1,24,2058,18529,adaptation_platt_probability_0.5,,-0.12775642309015225,1.1711660427573891,0.1781879407403229,0.5418743447793154,0.7685789842948891,0.5,0.43457430576747025,0.0,1.0,1.0
0.1,25,2058,18529,locked_zero_threshold,0.0,,,,,0.43402234335366185,0.5135539010891403,0.4246248828347602,0.6616138059701493,0.36549399620813144,0.3592206810945005
0.1,25,2058,18529,adaptation_balanced_accuracy_threshold,-0.015614245697484153,,,,,0.43985104430892114,0.5144119646265198,0.429054379192528,0.6532182835820896,0.37560564567095006,0.36893518268659936
0.1,25,2058,18529,adaptation_platt_probability_0.5,,0.13257759734192157,1.2372750138802582,0.17817422354466664,0.5418045082980567,0.7685789842948891,0.5,0.43457430576747025,0.0,1.0,1.0
0.1,26,2058,18529,locked_zero_threshold,0.0,,,,,0.43580333531221327,0.5160164409283894,0.42642740103037,0.6653451492537313,0.36668773260304754,0.35927465054778995
0.1,26,2058,18529,adaptation_balanced_accuracy_threshold,0.24431811359988087,,,,,0.362728695558314,0.5103658604884782,0.3627283818635145,0.785214552238806,0.2355171687381504,0.2307194128123482
0.1,26,2058,18529,adaptation_platt_probability_0.5,,0.07000884598438217,1.2204928816817293,0.17794427044127695,0.5411965710163571,0.7685789842948891,0.5,0.43457430576747025,0.0,1.0,1.0
0.1,27,2058,18529,locked_zero_threshold,0.0,,,,,0.4344001295266879,0.5155110566034374,0.4252889402300488,0.6665111940298507,0.3645109191770241,0.3573317502293702
0.1,27,2058,18529,adaptation_balanced_accuracy_threshold,-0.32654700728300623,,,,,0.5399104107075395,0.5072200123513463,0.48240619542119717,0.44636194029850745,0.5680780844041851,0.5647363592206811
0.1,27,2058,18529,adaptation_platt_probability_0.5,,-0.0024637380946308752,1.2006562474122178,0.17786595918750014,0.5409894373429371,0.7685789842948891,0.5,0.43457430576747025,0.0,1.0,1.0
0.1,28,2058,18529,locked_zero_threshold,0.0,,,,,0.43418425171353014,0.5147186603584144,0.42497404927173854,0.6646455223880597,0.36479179832876907,0.3579793836688434
0.1,28,2058,18529,adaptation_balanced_accuracy_threshold,-0.03973330316575585,,,,,0.44735279831615304,0.5144840594531032,0.43439060838939214,0.6394589552238806,0.3895091636823257,0.382805332181985
0.1,28,2058,18529,adaptation_platt_probability_0.5,,0.06997289899220174,1.218946925081931,0.17794585488876807,0.5411989013464138,0.7685789842948891,0.5,0.43457430576747025,0.0,1.0,1.0
0.1,29,2058,18529,locked_zero_threshold,0.0,,,,,0.43731448000431755,0.517814463795935,0.4278993385188362,0.6676772388059702,0.36795168878589984,0.35970640617410543
0.1,29,2058,18529,adaptation_balanced_accuracy_threshold,0.22434769335922403,,,,,0.3699606022990987,0.5116478137671658,0.3698834720683254,0.7754197761194029,0.24787585141492874,0.24248475362944574
0.1,29,2058,18529,adaptation_platt_probability_0.5,,-0.040755724736266145,1.1898716775084301,0.17790429998574667,0.541094019166314,0.7685789842948891,0.5,0.43457430576747025,0.0,1.0,1.0
0.1,30,2058,18529,locked_zero_threshold,0.0,,,,,0.43558745749905553,0.5162019796870922,0.4263042765706745,0.6662779850746269,0.3661259742995576,0.3586270171083167
0.1,30,2058,18529,adaptation_balanced_accuracy_threshold,0.3704005689854405,,,,,0.3281342759997841,0.5086415372840872,0.3254723144524132,0.8446828358208955,0.17260023874727898,0.16860057207620488
0.1,30,2058,18529,adaptation_platt_probability_0.5,,0.002332993715333972,1.2018585093997758,0.17786499860941768,0.540986737412926,0.7685789842948891,0.5,0.43457430576747025,0.0,1.0,1.0
0.1,31,2058,18529,locked_zero_threshold,0.0,,,,,0.43493982405958226,0.5148027259557489,0.42554953977309873,0.6634794776119403,0.3661259742995576,0.35927465054778995
0.1,31,2058,18529,adaptation_balanced_accuracy_threshold,-0.06160909975088241,,,,,0.45582600248259486,0.5162475619584823,0.4406298590922656,0.628731343283582,0.4037637806333825,0.3962437260510551
0.1,31,2058,18529,adaptation_platt_probability_0.5,,0.019143763612595274,1.2063150114173196,0.17786841688826033,0.54099567588203,0.7685789842948891,0.5,0.43457430576747025,0.0,1.0,1.0
0.1,32,2058,18529,locked_zero_threshold,0.0,,,,,0.4366128771115549,0.5172765405907056,0.42727448623015674,0.6674440298507462,0.36710905133066496,0.35911274218792166
0.1,32,2058,18529,adaptation_balanced_accuracy_threshold,-0.05224963144230954,,,,,0.4542069188839117,0.5186170376524791,0.44011102525768764,0.6385261194029851,0.39870795590197317,0.39009120837605915
0.1,32,2058,18529,adaptation_platt_probability_0.5,,-0.03252680210575075,1.1928523499993817,0.17789141701841316,0.5410586761575656,0.7685789842948891,0.5,0.43457430576747025,0.0,1.0,1.0
0.1,33,2058,18529,locked_zero_threshold,0.0,,,,,0.4345080684332668,0.5150108143058669,0.4252711940852212,0.6648787313432836,0.36514289726845023,0.3581952614820012
0.1,33,2058,18529,adaptation_balanced_accuracy_threshold,-0.05574766620649918,,,,,0.453505315991149,0.5164492227743733,0.4391041158608405,0.6336287313432836,0.3992697142054631,0.3916563225214529
0.1,33,2058,18529,adaptation_platt_probability_0.5,,0.09475830269693923,1.2245287445600568,0.17801746518134615,0.5413885311216782,0.7685789842948891,0.5,0.43457430576747025,0.0,1.0,1.0
0.1,34,2058,18529,locked_zero_threshold,0.0,,,,,0.43628906039181825,0.5176363433124036,0.4271051643237655,0.6690764925373134,0.3661961940874939,0.35803335312213286
0.1,34,2058,18529,adaptation_balanced_accuracy_threshold,0.23280189515911548,,,,,0.3666144961951535,0.5124048053523199,0.36660519610344666,0.7838152985074627,0.24099431219717715,0.23525284688866102
0.1,34,2058,18529,adaptation_platt_probability_0.5,,-0.06173939358701383,1.1866033324632705,0.17794777470330317,0.5412138490377081,0.7685789842948891,0.5,0.43457430576747025,0.0,1.0,1.0
0.1,35,2058,18529,locked_zero_threshold,0.0,,,,,0.4323492903016892,0.5126284835434163,0.42320506424996696,0.6620802238805971,0.3631767432062355,0.3573317502293702
0.1,35,2058,18529,adaptation_balanced_accuracy_threshold,0.025154448364257898,,,,,0.4242538723082735,0.5126591473850466,0.41709788490682254,0.6772388059701493,0.3480794887999438,0.3422203033083275
0.1,35,2058,18529,adaptation_platt_probability_0.5,,0.14184487507213187,1.2401047109704002,0.1782232889188876,0.5419390240892773,0.7685789842948891,0.5,0.43457430576747025,0.0,1.0,1.0
0.1,36,2058,18529,locked_zero_threshold,0.0,,,,,0.43758432727076474,0.5170120782620498,0.4279387140898171,0.6648787313432836,0.36914542518081594,0.36127152031949916
0.1,36,2058,18529,adaptation_balanced_accuracy_threshold,-0.13887774112735207,,,,,0.48140752334178855,0.5137384245430736,0.4560846530879161,0.5739272388059702,0.45354961028017693,0.44719088995628475
0.1,36,2058,18529,adaptation_platt_probability_0.5,,0.006306801335735695,1.2031194518592465,0.17786488788315105,0.5409863112811873,0.7685789842948891,0.5,0.43457430576747025,0.0,1.0,1.0
0.1,37,2058,18529,locked_zero_threshold,0.0,,,,,0.43542554913918724,0.5158521662542565,0.42611566200881545,0.6655783582089553,0.3661259742995576,0.358788925468185
0.1,37,2058,18529,adaptation_balanced_accuracy_threshold,-0.24940044920596371,,,,,0.515462248367424,0.509325533369072,0.4726221716507699,0.4979011194029851,0.520749947335159,0.5164336985266339
0.1,37,2058,18529,adaptation_platt_probability_0.5,,0.02231535251188509,1.2065141474361176,0.17787028478771283,0.5410004195946687,0.7685789842948891,0.5,0.43457430576747025,0.0,1.0,1.0
0.1,38,2058,18529,locked_zero_threshold,0.0,,,,,0.43742241891089645,0.5176401998329397,0.42794454480773736,0.6669776119402985,0.36830278772558106,0.36013816180042096
0.1,38,2058,18529,adaptation_balanced_accuracy_threshold,-0.3035998134840877,,,,,0.5336499541259647,0.5077109613350983,0.48007268255708807,0.4594216417910448,0.5560002808791518,0.5524313238706892
0.1,38,2058,18529,adaptation_platt_probability_0.5,,-0.06605621291637515,1.183475651414647,0.17795953195466083,0.5412428017067804,0.7685789842948891,0.5,0.43457430576747025,0.0,1.0,1.0
0.1,39,2058,18529,locked_zero_threshold,0.0,,,,,0.4347239462464245,0.5164551672200406,0.425712896612621,0.6686100746268657,0.36430025981321534,0.3566841167898969
0.1,39,2058,18529,adaptation_balanced_accuracy_threshold,0.14686495783758644,,,,,0.38733876625829783,0.5090991204054511,0.38599443424694957,0.7357742537313433,0.282423987079559,0.2782125317070538
0.1,39,2058,18529,adaptation_platt_probability_0.5,,-0.018283624249614217,1.1970459133087912,0.1778752380288969,0.5410149163081525,0.7685789842948891,0.5,0.43457430576747025,0.0,1.0,1.0
0.1,40,2058,18529,locked_zero_threshold,0.0,,,,,0.4356953964056344,0.5161907048913846,0.4263819412681919,0.6660447761194029,0.36633663366336633,0.3588428949214744
0.1,40,2058,18529,adaptation_balanced_accuracy_threshold,-0.32017400424505105,,,,,0.5376436936693831,0.5069678155593426,0.48135876355032725,0.44986007462686567,0.5640755564918194,0.5608505585838416
0.1,40,2058,18529,adaptation_platt_probability_0.5,,0.08658860136041184,1.2252524727308698,0.17799171599307784,0.5413211235802169,0.7685789842948891,0.5,0.43457430576747025,0.0,1.0,1.0
0.1,41,2058,18529,locked_zero_threshold,0.0,,,,,0.43488585460629287,0.5158270456491505,0.4257109758270952,0.6665111940298507,0.36514289726845023,0.3578174753089751
0.1,41,2058,18529,adaptation_balanced_accuracy_threshold,0.12194555221353695,,,,,0.3955421231582924,0.5106870734409896,0.39336112956631936,0.7250466417910447,0.29632750509093464,0.29138107830967674
0.1,41,2058,18529,adaptation_platt_probability_0.5,,0.0186004402516306,1.2057087602338066,0.1778681300566313,0.5409948416173281,0.7685789842948891,0.5,0.43457430576747025,0.0,1.0,1.0
0.1,42,2058,18529,locked_zero_threshold,0.0,,,,,0.43645096875168654,0.5179046621615956,0.42727766334371364,0.6695429104477612,0.3662664138754301,0.3579793836688434
0.1,42,2058,18529,adaptation_balanced_accuracy_threshold,0.3800696911864206,,,,,0.326029467321496,0.509798583512289,0.3228733948548642,0.8519123134328358,0.16768485359174215,0.1631496572939716
0.1,42,2058,18529,adaptation_platt_probability_0.5,,-0.13058598626162657,1.1706453003548591,0.17820320971392745,0.5419111462435631,0.7685789842948891,0.5,0.43457430576747025,0.0,1.0,1.0
0.1,43,2058,18529,locked_zero_threshold,0.0,,,,,0.4362350909385288,0.5171122659165726,0.42696256196761007,0.6676772388059702,0.36654729302717504,0.3586270171083167
0.1,43,2058,18529,adaptation_balanced_accuracy_threshold,0.23387244926996995,,,,,0.3662367100221275,0.512240530678187,0.366229614058863,0.7840485074626866,0.24043255389368723,0.23476712180905607
0.1,43,2058,18529,adaptation_platt_probability_0.5,,-0.038907540544131265,1.191421049033762,0.17790108119309705,0.5410856766430496,0.7685789842948891,0.5,0.43457430576747025,0.0,1.0,1.0
0.1,44,2058,18529,locked_zero_threshold,0.0,,,,,0.43580333531221327,0.5162609246793208,0.42647561820854946,0.6660447761194029,0.36647707323923884,0.3589508338280533
0.1,44,2058,18529,adaptation_balanced_accuracy_threshold,-0.057182602045804776,,,,,0.4559339413891737,0.5181106625865826,0.4411670885249088,0.6338619402985075,0.40235938487465767,0.3939770090128987
0.1,44,2058,18529,adaptation_platt_probability_0.5,,-0.0038526057459231126,1.2003328872930077,0.17786640445920857,0.5409906602171277,0.7685789842948891,0.5,0.43457430576747025,0.0,1.0,1.0
0.1,45,2058,18529,locked_zero_threshold,0.0,,,,,0.43628906039181825,0.5159249570558835,0.4267677817729608,0.664179104477612,0.3676708096341549,0.36030007016028925
0.1,45,2058,18529,adaptation_balanced_accuracy_threshold,-0.2128409817055531,,,,,0.5046143882562469,0.5101734192949304,0.4675935479212773,0.5205223880597015,0.4998244505301594,0.4951157644773058
0.1,45,2058,18529,adaptation_platt_probability_0.5,,-0.007372714148869631,1.1992313099033851,0.17786781775123234,0.5409945723537771,0.7685789842948891,0.5,0.43457430576747025,0.0,1.0,1.0
0.1,46,2058,18529,locked_zero_threshold,0.0,,,,,0.4351017324194506,0.5143375935521466,0.42557664421922115,0.6618470149253731,0.36682817217892,0.3601921312537104
0.1,46,2058,18529,adaptation_balanced_accuracy_threshold,-0.09098915994124712,,,,,0.46516271790166763,0.5162909744253243,0.446809234059902,0.6114738805970149,0.4211080682536339,0.4135679205569648
0.1,46,2058,18529,adaptation_platt_probability_0.5,,0.055206477675167516,1.2163300693427255,0.17791192024236308,0.5411109771904885,0.7685789842948891,0.5,0.43457430576747025,0.0,1.0,1.0
0.1,47,2058,18529,locked_zero_threshold,0.0,,,,,0.43391440444708296,0.5149505838067929,0.4248192043810446,0.6658115671641791,0.36408960044940664,0.35716984186950185
0.1,47,2058,18529,adaptation_balanced_accuracy_threshold,-0.09065741826877838,,,,,0.46386745102272114,0.5166707557247467,0.4460729268107716,0.6149720149253731,0.4183694965241205,0.4106535700793351
0.1,47,2058,18529,adaptation_platt_probability_0.5,,0.060708653706724465,1.2167529923770395,0.1779234657801635,0.5411412092710041,0.7685789842948891,0.5,0.43457430576747025,0.0,1.0,1.0
0.1,48,2058,18529,locked_zero_threshold,0.0,,,,,0.43531761023260834,0.5153744735481011,0.4259416562506051,0.6644123134328358,0.36633663366336633,0.3592206810945005
0.1,48,2058,18529,adaptation_balanced_accuracy_threshold,-0.026665693505561472,,,,,0.44481623401154946,0.5161751723659982,0.4329896522032557,0.6490205223880597,0.38332982234393653,0.37584327270764745
0.1,48,2058,18529,adaptation_platt_probability_0.5,,-0.05729192685911766,1.18701260621829,0.1779375403837043,0.5411847397910022,0.7685789842948891,0.5,0.43457430576747025,0.0,1.0,1.0
0.1,49,2058,18529,locked_zero_threshold,0.0,,,,,0.43294295428787305,0.5140741219644352,0.42392723788776576,0.6651119402985075,0.36303630363036304,0.35652220843002863
0.1,49,2058,18529,adaptation_balanced_accuracy_threshold,0.2151522881352709,,,,,0.3682335797938367,0.5091388892382411,0.36815472148251077,0.7714552238805971,0.24682255459588512,0.2425926925360246
0.1,49,2058,18529,adaptation_platt_probability_0.5,,0.08631086638578765,1.2216657027748505,0.17799003148165643,0.5413185685693481,0.7685789842948891,0.5,0.43457430576747025,0.0,1.0,1.0
0.1,50,2058,18529,locked_zero_threshold,0.0,,,,,0.4345080684332668,0.5158257601423051,0.42543032900897193,0.6672108208955224,0.36444069938908785,0.3571158724162124
0.1,50,2058,18529,adaptation_balanced_accuracy_threshold,-0.22559756328054614,,,,,0.5067731663878244,0.5092959667116284,0.4683370136851581,0.5139925373134329,0.5045993961098237,0.5002968319930919
0.1,50,2058,18529,adaptation_platt_probability_0.5,,0.023440055029698297,1.206816234001372,0.17787107200678892,0.5410025394848893,0.7685789842948891,0.5,0.43457430576747025,0.0,1.0,1.0
0.1,51,2058,18529,locked_zero_threshold,0.0,,,,,0.4353715796858978,0.5164690130294388,0.42619662961764393,0.6674440298507462,0.36549399620813144,0.35787144476226457
0.1,51,2058,18529,adaptation_balanced_accuracy_threshold,-0.9556800745013637,,,,,0.6867073236548114,0.4913158281035312,0.4830469247875375,0.12756529850746268,0.8550663576995997,0.8590857574612769
0.1,51,2058,18529,adaptation_platt_probability_0.5,,0.09414661143866077,1.2268003611016018,0.17801695017393626,0.5413869006450374,0.7685789842948891,0.5,0.43457430576747025,0.0,1.0,1.0
0.1,52,2058,18529,locked_zero_threshold,0.0,,,,,0.4368827243780021,0.5172891008932585,0.42747647250552123,0.6669776119402985,0.3676005898462187,0.3595984672675266
0.1,52,2058,18529,adaptation_balanced_accuracy_threshold,-0.05185001436879477,,,,,0.45382913271088565,0.518045290060127,0.439713636861814,0.6375932835820896,0.39849729653816446,0.3901451778293486
0.1,52,2058,18529,adaptation_platt_probability_0.5,,-0.015830809239090905,1.196930194460132,0.17787324743611388,0.5410093085754799,0.7685789842948891,0.5,0.43457430576747025,0.0,1.0,1.0
0.1,53,2058,18529,locked_zero_threshold,0.0,,,,,0.4356953964056344,0.5170871453114667,0.4265574972683379,0.6686100746268657,0.3655642159960677,0.35765556694910683
0.1,53,2058,18529,adaptation_balanced_accuracy_threshold,-0.07273423781351396,,,,,0.4592800474931189,0.5180056276705791,0.4433971347460054,0.6273320895522388,0.40867916578891933,0.4003454045010524
0.1,53,2058,18529,adaptation_platt_probability_0.5,,-0.04674860123258935,1.1912237244016268,0.17791501383313219,0.5411235959270623,0.7685789842948891,0.5,0.43457430576747025,0.0,1.0,1.0
0.1,54,2058,18529,locked_zero_threshold,0.0,,,,,0.4357493658589239,0.514758912279764,0.42613762290781193,0.6618470149253731,0.3676708096341549,0.3608397646931837
0.1,54,2058,18529,adaptation_balanced_accuracy_threshold,-0.2386141744877308,,,,,0.5119002644503211,0.5075787424526829,0.47015381373788456,0.49953358208955223,0.5156239028158135,0.5121161422634789
0.1,54,2058,18529,adaptation_platt_probability_0.5,,0.08246405815426519,1.2248112878554915,0.1779806294394658,0.5412901292778167,0.7685789842948891,0.5,0.43457430576747025,0.0,1.0,1.0
0.1,55,2058,18529,locked_zero_threshold,0.0,,,,,0.4347239462464245,0.5159661997181776,0.42561797327953543,0.6672108208955224,0.3647215785408328,0.3573317502293702
0.1,55,2058,18529,adaptation_balanced_accuracy_threshold,0.03181456999821991,,,,,0.42376814722866857,0.515276963350511,0.4171664684593849,0.6856343283582089,0.344919598342813,0.337848777591883
0.1,55,2058,18529,adaptation_platt_probability_0.5,,-0.009989067640451104,1.198790822419275,0.17786918963149928,0.5409983306044162,0.7685789842948891,0.5,0.43457430576747025,0.0,1.0,1.0
0.1,56,2058,18529,locked_zero_threshold,0.0,,,,,0.43715257164444926,0.5169756828612363,0.4276134629309573,0.6655783582089553,0.3683730075135173,0.36051594797344705
0.1,56,2058,18529,adaptation_balanced_accuracy_threshold,0.28348261507366174,,,,,0.35247449943332076,0.5096440852405343,0.3522446952821143,0.8022388059701493,0.2170493645109192,0.21258567650709698
0.1,56,2058,18529,adaptation_platt_probability_0.5,,-0.06125344743559183,1.1843342684803828,0.17794720130247654,0.5412113150544223,0.7685789842948891,0.5,0.43457430576747025,0.0,1.0,1.0
0.1,57,2058,18529,locked_zero_threshold,0.0,,,,,0.43607318257866046,0.51619199039823,0.4266614713378962,0.6653451492537313,0.36703883154272876,0.35954449781423714
0.1,57,2058,18529,adaptation_balanced_accuracy_threshold,-0.017038771190836355,,,,,0.44265745587997196,0.5172156141165879,0.43167280669720204,0.6560167910447762,0.3784144371883997,0.37044632737870364
0.1,57,2058,18529,adaptation_platt_probability_0.5,,0.06769726844970399,1.219562030414414,0.17793893001543376,0.5411824505691645,0.7685789842948891,0.5,0.43457430576747025,0.0,1.0,1.0
0.1,58,2058,18529,locked_zero_threshold,0.0,,,,,0.43601921312537106,0.5166458480061249,0.42671110235774723,0.6667444029850746,0.36654729302717504,0.3588428949214744
0.1,58,2058,18529,adaptation_balanced_accuracy_threshold,-0.12286095819120224,,,,,0.47601057801284474,0.5143021643284525,0.4530295295452629,0.5855876865671642,0.4430166420897409,0.4363969992983971
0.1,58,2058,18529,adaptation_platt_probability_0.5,,0.014067252188087374,1.2048623779490801,0.1778663287920031,0.5409899431982986,0.7685789842948891,0.5,0.43457430576747025,0.0,1.0,1.0
0.1,59,2058,18529,locked_zero_threshold,0.0,,,,,0.43434616007339844,0.5145795062893872,0.4250666194173307,0.663945895522388,0.3652131170563865,0.3584651087484484
0.1,59,2058,18529,adaptation_balanced_accuracy_threshold,-0.0063938124634186355,,,,,0.43715257164444926,0.5154272857720037,0.42730262732938873,0.6611473880597015,0.36970718348430587,0.3625667871984457
0.1,59,2058,18529,adaptation_platt_probability_0.5,,0.04785840818927296,1.2136594889017975,0.17789927971160263,0.5410771437463979,0.7685789842948891,0.5,0.43457430576747025,0.0,1.0,1.0
0.1,60,2058,18529,locked_zero_threshold,0.0,,,,,0.43558745749905553,0.5166909471889551,0.4264000960781993,0.6676772388059702,0.36570465557194015,0.3579793836688434
0.1,60,2058,18529,adaptation_balanced_accuracy_threshold,0.23003484055696904,,,,,0.3674780074477845,0.5118256394847964,0.36745364145686654,0.7805503731343284,0.24310090583526436,0.2376275028333963
0.1,60,2058,18529,adaptation_platt_probability_0.5,,0.025470820842821193,1.2079843292642651,0.17787245647018038,0.5410062291488782,0.7685789842948891,0.5,0.43457430576747025,0.0,1.0,1.0
0.1,61,2058,18529,locked_zero_threshold,0.0,,,,,0.4346160073398456,0.5142660882573649,0.42520420654647795,0.6625466417910447,0.3659855347236851,0.35938258945436885
0.1,61,2058,18529,adaptation_balanced_accuracy_threshold,-0.02558332253486434,,,,,0.4444384478385234,0.5158479085245774,0.4326489397649422,0.6487873134328358,0.38290850361631906,0.37557342544120026
0.1,61,2058,18529,adaptation_platt_probability_0.5,,0.05321521694375945,1.2156820367614343,0.17790818705133288,0.5411017443777044,0.7685789842948891,0.5,0.43457430576747025,0.0,1.0,1.0
0.1,62,2058,18529,locked_zero_threshold,0.0,,,,,0.4348318851530034,0.5156289465878947,0.42563222472087425,0.6660447761194029,0.3652131170563865,0.3579793836688434
0.1,62,2058,18529,adaptation_balanced_accuracy_threshold,-0.2137490742982595,,,,,0.5035349991904582,0.5103676618356501,0.46711519171518756,0.5230876865671642,0.49764763710413595,0.4928490474391494
0.1,62,2058,18529,adaptation_platt_probability_0.5,,0.0485082944343446,1.2132235464984191,0.1779006760037136,0.5410805478205251,0.7685789842948891,0.5,0.43457430576747025,0.0,1.0,1.0
0.1,63,2058,18529,locked_zero_threshold,0.0,,,,,0.43547951859247663,0.5165392328173751,0.42629040017001,0.6674440298507462,0.36563443578400395,0.3579793836688434
0.1,63,2058,18529,adaptation_balanced_accuracy_threshold,-0.0196541945254482,,,,,0.4424955475201036,0.5171102844346835,0.4315337881001966,0.6560167910447762,0.37820377782459097,0.37028441901883535
0.1,63,2058,18529,adaptation_platt_probability_0.5,,0.0021426783698807253,1.2018130321223337,0.17786502069706153,0.540986800479581,0.7685789842948891,0.5,0.43457430576747025,0.0,1.0,1.0
0.1,64,2058,18529,locked_zero_threshold,0.0,,,,,0.4367747854714232,0.5176263540235415,0.4274631291012456,0.668143656716418,0.36710905133066496,0.3589508338280533
0.1,64,2058,18529,adaptation_balanced_accuracy_threshold,0.3629102960939288,,,,,0.33336931296885963,0.5093578757387489,0.3314180363134295,0.8369869402985075,0.18172881117899023,0.1773975929623833
0.1,64,2058,18529,adaptation_platt_probability_0.5,,-0.08161996811963401,1.181189495480863,0.1780045463697605,0.5413669066602509,0.7685789842948891,0.5,0.43457430576747025,0.0,1.0,1.0
0.1,65,2058,18529,locked_zero_threshold,0.0,,,,,0.43601921312537106,0.517460793842563,0.42687067943518,0.6690764925373134,0.36584509514781266,0.35776350585568567
0.1,65,2058,18529,adaptation_balanced_accuracy_threshold,0.32522496323249567,,,,,0.34249015057477467,0.5107277511353072,0.34149584574417535,0.8239272388059702,0.19752826346464433,0.1925630093367154
0.1,65,2058,18529,adaptation_platt_probability_0.5,,-0.08286388045411845,1.1819672706992699,0.17800839703451413,0.5413781291400009,0.7685789842948891,0.5,0.43457430576747025,0.0,1.0,1.0
0.1,66,2058,18529,locked_zero_threshold,0.0,,,,,0.43693669383129147,0.5173242107872267,0.4275232890554629,0.6669776119402985,0.3676708096341549,0.35965243672081604
0.1,66,2058,18529,adaptation_balanced_accuracy_threshold,-0.32150746318905266,,,,,0.5382913271088564,0.5077151126215352,0.48200256419777443,0.4507929104477612,0.5646373147953093,0.5610664363969993
0.1,66,2058,18529,adaptation_platt_probability_0.5,,0.015795175785565566,1.2053026115337988,0.1778668998424856,0.5409915063739241,0.7685789842948891,0.5,0.43457430576747025,0.0,1.0,1.0
0.1,67,2058,18529,locked_zero_threshold,0.0,,,,,0.43580333531221327,0.5160979355120333,0.4264434879104049,0.6655783582089553,0.3666175128151113,0.35916671164121106
0.1,67,2058,18529,adaptation_balanced_accuracy_threshold,-0.00983031266789447,,,,,0.4393653192293162,0.5164593185064775,0.4291303505001417,0.659981343283582,0.37293729372937295,0.36531922931620703
0.1,67,2058,18529,adaptation_platt_probability_0.5,,-0.07648316766700955,1.1816303871828764,0.17798787855431,0.5413224161420976,0.7685789842948891,0.5,0.43457430576747025,0.0,1.0,1.0
0.1,68,2058,18529,locked_zero_threshold,0.0,,,,,0.43645096875168654,0.5167637379905822,0.4270536167212279,0.6662779850746269,0.36724949090653747,0.3594905283609477
0.1,68,2058,18529,adaptation_balanced_accuracy_threshold,0.30303107243708166,,,,,0.34799503481029737,0.5098267582196454,0.3475045778174487,0.8111007462686567,0.2085527701706341,0.20400453343407632
0.1,68,2058,18529,adaptation_platt_probability_0.5,,-0.051794311763502104,1.1879043463237249,0.17792489619564147,0.5411512342965535,0.7685789842948891,0.5,0.43457430576747025,0.0,1.0,1.0
0.1,69,2058,18529,locked_zero_threshold,0.0,,,,,0.4346160073398456,0.5142660882573649,0.42520420654647795,0.6625466417910447,0.3659855347236851,0.35938258945436885
0.1,69,2058,18529,adaptation_balanced_accuracy_threshold,-0.4629718924876386,,,,,0.5789303254358034,0.5003326105673445,0.4912831846137323,0.35401119402985076,0.6466540271048381,0.6465000809541799
0.1,69,2058,18529,adaptation_platt_probability_0.5,,0.1848112664827135,1.253434838435375,0.17848896091024904,0.5426228329863141,0.7685789842948891,0.5000814945836438,0.43480341273310025,0.0002332089552238806,0.9999297802120638,0.9998920610934211
0.1,70,2058,18529,locked_zero_threshold,0.0,,,,,0.4357493658589239,0.5158998364507775,0.42636448505806696,0.6651119402985075,0.36668773260304754,0.3593286200010794
0.1,70,2058,18529,adaptation_balanced_accuracy_threshold,-0.6005863749345428,,,,,0.6134168060877543,0.4940817393703486,0.4928627885407124,0.2719216417910448,0.7162418369496524,0.7189810567218954
0.1,70,2058,18529,adaptation_platt_probability_0.5,,0.1332656718279531,1.2396132386787286,0.17817825353417033,0.541820388034412,0.7685789842948891,0.5,0.43457430576747025,0.0,1.0,1.0
0.1,71,2058,18529,locked_zero_threshold,0.0,,,,,0.4347239462464245,0.5142548134616574,0.42528163437059896,0.6623134328358209,0.3661961940874939,0.3595984672675266
0.1,71,2058,18529,adaptation_balanced_accuracy_threshold,-0.05935138093493214,,,,,0.4559339413891737,0.5164807709137061,0.44076125977356123,0.6291977611940298,0.4037637806333825,0.3961357871444762
0.1,71,2058,18529,adaptation_platt_probability_0.5,,0.1279860120745855,1.2372328825157082,0.178157233136663,0.541752673040659,0.7685789842948891,0.5,0.43457430576747025,0.0,1.0,1.0
0.1,72,2058,18529,locked_zero_threshold,0.0,,,,,0.4338604349937935,0.5135300659908798,0.4245005964231571,0.6618470149253731,0.3652131170563865,0.3589508338280533
0.1,72,2058,18529,adaptation_balanced_accuracy_threshold,-0.08402064080003108,,,,,0.4621404285174591,0.5163621849542052,0.4448610721798397,0.617304104477612,0.4154202654307984,0.4078471585082843
0.1,72,2058,18529,adaptation_platt_probability_0.5,,0.04402270104018581,1.2125882289567753,0.17789293009485477,0.5410611009948847,0.7685789842948891,0.5,0.43457430576747025,0.0,1.0,1.0
0.1,73,2058,18529,locked_zero_threshold,0.0,,,,,0.4375303578174753,0.5183623762900266,0.4281670714611868,0.6688432835820896,0.36788146899796365,0.35938258945436885
0.1,73,2058,18529,adaptation_balanced_accuracy_threshold,0.3516617737911662,,,,,0.33849641103135625,0.5106559510746248,0.3370815830142467,0.8311567164179104,0.1901551857313391,0.18522316368935182
0.1,73,2058,18529,adaptation_platt_probability_0.5,,-0.023389774539804675,1.1950002477188089,0.17788019160099525,0.5410281962428719,0.7685789842948891,0.5,0.43457430576747025,0.0,1.0,1.0
0.1,74,2058,18529,locked_zero_threshold,0.0,,,,,0.43628906039181825,0.5169028920596093,0.42696135342304786,0.6669776119402985,0.36682817217892,0.35900480328134277
0.1,74,2058,18529,adaptation_balanced_accuracy_threshold,0.18130537264671814,,,,,0.3808624318635652,0.5112425106534947,0.38023190991191885,0.753964552238806,0.2685204690681834,0.26331696259916887
0.1,74,2058,18529,adaptation_platt_probability_0.5,,-0.021995481427199766,1.1952721967082955,0.17787872317414125,0.5410243269772937,0.7685789842948891,0.5,0.43457430576747025,0.0,1.0,1.0
0.1,75,2058,18529,locked_zero_threshold,0.0,,,,,0.43531761023260834,0.5157819464663203,0.4260219786747525,0.6655783582089553,0.3659855347236851,0.35868098656160613
0.1,75,2058,18529,adaptation_balanced_accuracy_threshold,-0.24084792689115775,,,,,0.512493928436505,0.5090243808737018,0.4710588239086435,0.5025652985074627,0.515483463239941,0.5113066004641373
0.1,75,2058,18529,adaptation_platt_probability_0.5,,-0.0018909570597153147,1.200764248904018,0.17786579735843164,0.5409889872682639,0.7685789842948891,0.5,0.43457430576747025,0.0,1.0,1.0
0.1,76,2058,18529,locked_zero_threshold,0.0,,,,,0.43672081601813373,0.5183246953823677,0.42755984856917695,0.6702425373134329,0.3664068534513026,0.357925414215554
0.1,76,2058,18529,adaptation_balanced_accuracy_threshold,-0.525575902491528,,,,,0.5973339090075017,0.5021182614549959,0.496801575768023,0.32486007462686567,0.6793764482831262,0.6783960278482379
0.1,76,2058,18529,adaptation_platt_probability_0.5,,-0.044692086482400195,1.1899272882359035,0.1779115104631865,0.5411130271167712,0.7685789842948891,0.5,0.43457430576747025,0.0,1.0,1.0
0.1,77,2058,18529,locked_zero_threshold,0.0,,,,,0.43655890765826544,0.5165894740275869,0.4270988336367795,0.6655783582089553,0.3676005898462187,0.3599222839872632
0.1,77,2058,18529,adaptation_balanced_accuracy_threshold,0.17366319585844567,,,,,0.38334502671487936,0.5112276741031518,0.38252070683621275,0.7493003731343284,0.2731549750719753,0.26795833558206056
0.1,77,2058,18529,adaptation_platt_probability_0.5,,-0.005644508418676443,1.1998119562015936,0.1778670680184519,0.5409925019646938,0.7685789842948891,0.5,0.43457430576747025,0.0,1.0,1.0
0.1,78,2058,18529,locked_zero_threshold,0.0,,,,,0.43531761023260834,0.5165153977191146,0.4261656463678317,0.6676772388059702,0.365353556632259,0.3577095364023962
0.1,78,2058,18529,adaptation_balanced_accuracy_threshold,0.17354276500498106,,,,,0.38231960710238005,0.511701510288771,0.3816047103747384,0.7525652985074627,0.27083772207007933,0.265421771277457
0.1,78,2058,18529,adaptation_platt_probability_0.5,,0.004980194923891147,1.2024771503153002,0.17786483514045537,0.5409862308825607,0.7685789842948891,0.5,0.43457430576747025,0.0,1.0,1.0
0.1,79,2058,18529,locked_zero_threshold,0.0,,,,,0.43601921312537106,0.5155049238351114,0.42648526203634823,0.6634794776119403,0.36753037005828243,0.3603540396135787
0.1,79,2058,18529,adaptation_balanced_accuracy_threshold,-0.05871510941865338,,,,,0.4567434831885153,0.5177408705760224,0.4416239755632052,0.6312966417910447,0.40418509936099994,0.39597387878460794
0.1,79,2058,18529,adaptation_platt_probability_0.5,,-0.0005191024547552391,1.2011602575324183,0.17786546760003089,0.5409880666528958,0.7685789842948891,0.5,0.43457430576747025,0.0,1.0,1.0
0.1,80,2058,18529,locked_zero_threshold,0.0,,,,,0.4356953964056344,0.5155387482222341,0.42625316358650983,0.664179104477612,0.36689839196685625,0.35970640617410543
0.1,80,2058,18529,adaptation_balanced_accuracy_threshold,-0.3131778619978721,,,,,0.5359166711641211,0.5071482122906639,0.480740101230065,0.45359141791044777,0.5607050066708799,0.5573965135733175
0.1,80,2058,18529,adaptation_platt_probability_0.5,,0.020515754312226298,1.2070294208628154,0.17786925171777135,0.5409976814232921,0.7685789842948891,0.5,0.43457430576747025,0.0,1.0,1.0
0.1,81,2058,18529,locked_zero_threshold,0.0,,,,,0.43601921312537106,0.5161568805042619,0.4266146614381183,0.6653451492537313,0.3669686117547925,0.3594905283609477
0.1,81,2058,18529,adaptation_balanced_accuracy_threshold,-0.3017138819854016,,,,,0.5319229316207027,0.5065874447281185,0.4787898189890897,0.4594216417910448,0.5537532476651921,0.5507043013654271
0.1,81,2058,18529,adaptation_platt_probability_0.5,,0.07052663642361705,1.2209498824617666,0.17794558078022746,0.5412002582787458,0.7685789842948891,0.5,0.43457430576747025,0.0,1.0,1.0
0.1,82,2058,18529,locked_zero_threshold,0.0,,,,,0.4341302822602407,0.515254012549953,0.4250385506659598,0.6662779850746269,0.36423004002527914,0.35716984186950185
0.1,82,2058,18529,adaptation_balanced_accuracy_threshold,-0.09718962363287786,,,,,0.46575638188785146,0.5151287861697411,0.4468681090276626,0.6070429104477612,0.4232146618917211,0.4162124237681472
0.1,82,2058,18529,adaptation_platt_probability_0.5,,0.07917219242088401,1.2208563843000833,0.17796854486319408,0.5412604805600376,0.7685789842948891,0.5,0.43457430576747025,0.0,1.0,1.0
0.1,83,2058,18529,locked_zero_threshold,0.0,,,,,0.4362350909385288,0.5188236521730928,0.42729527046109467,0.6725746268656716,0.36507267748051403,0.3563603000701603
0.1,83,2058,18529,adaptation_balanced_accuracy_threshold,0.19800472484271825,,,,,0.3761670894273841,0.5127516465623222,0.37588775087527493,0.7670242537313433,0.258479039393301,0.25257704139457066
0.1,83,2058,18529,adaptation_platt_probability_0.5,,-0.14278423910140003,1.1697428745201792,0.17826289680076574,0.5420842015129442,0.7685789842948891,0.5,0.43457430576747025,0.0,1.0,1.0
0.1,84,2058,18529,locked_zero_threshold,0.0,,,,,0.43672081601813373,0.5165318145422036,0.4272068299056383,0.6651119402985075,0.36795168878589984,0.36030007016028925
0.1,84,2058,18529,adaptation_balanced_accuracy_threshold,-0.005376171090835213,,,,,0.439095471962869,0.5172617040403628,0.42909780462089564,0.6627798507462687,0.37174355733445685,0.3637541151708133
0.1,84,2058,18529,adaptation_platt_probability_0.5,,-0.07862571465498393,1.1819720026682445,0.17799478416072306,0.541340086631401,0.7685789842948891,0.5,0.43457430576747025,0.0,1.0,1.0
0.1,85,2058,18529,locked_zero_threshold,0.0,,,,,0.4374763883641859,0.5168603638904697,0.4278289239956016,0.6646455223880597,0.3690752053928797,0.36127152031949916
0.1,85,2058,18529,adaptation_balanced_accuracy_threshold,-0.5527951407374917,,,,,0.602407037616709,0.4983285627109869,0.4948469188449479,0.3045708955223881,0.6920862298995857,0.6928598413298074
0.1,85,2058,18529,adaptation_platt_probability_0.5,,0.03213323343952184,1.2100808458512833,0.17787845482264217,0.5410220357645432,0.7685789842948891,0.5,0.43457430576747025,0.0,1.0,1.0
0.1,86,2058,18529,locked_zero_threshold,0.0,,,,,0.4357493658589239,0.5151663851979831,0.42621897160711397,0.6630130597014925,0.3673197106944737,0.36030007016028925
0.1,86,2058,18529,adaptation_balanced_accuracy_threshold,-0.05891849745975031,,,,,0.45647363592206813,0.5175653211061817,0.4413975654909289,0.6312966417910447,0.40383400042131873,0.39570403151816075
0.1,86,2058,18529,adaptation_platt_probability_0.5,,-0.044039692636606426,1.189586123117101,0.17790989870495857,0.5411098753160478,0.7685789842948891,0.5,0.43457430576747025,0.0,1.0,1.0
0.1,87,2058,18529,locked_zero_threshold,0.0,,,,,0.43515570187274005,0.5141282196951833,0.4255746087043232,0.6611473880597015,0.36710905133066496,0.36056991742673644
0.1,87,2058,18529,adaptation_balanced_accuracy_threshold,-0.014376961467629346,,,,,0.4403367693885261,0.5146464590885891,0.42945431043411253,0.6529850746268657,0.3763078435503125,0.3695288466727832
0.1,87,2058,18529,adaptation_platt_probability_0.5,,0.06983729728678814,1.2204775952550186,0.17794401652421113,0.5411956903009006,0.7685789842948891,0.5,0.43457430576747025,0.0,1.0,1.0
0.1,88,2058,18529,locked_zero_threshold,0.0,,,,,0.4346160073398456,0.5156514961793099,0.4254765326387197,0.6665111940298507,0.36479179832876907,0.35754762804252793
0.1,88,2058,18529,adaptation_balanced_accuracy_threshold,-0.1563014101293846,,,,,0.48567111015165415,0.5127633553189392,0.45824509712241956,0.5631996268656716,0.462327083772207,0.4564196664687787
0.1,88,2058,18529,adaptation_platt_probability_0.5,,0.03682304301395965,1.2106901827853314,0.17788363090829865,0.5410357301314292,0.7685789842948891,0.5,0.43457430576747025,0.0,1.0,1.0
0.1,89,2058,18529,locked_zero_threshold,0.0,,,,,0.43580333531221327,0.5170758705157591,0.426635401072725,0.6683768656716418,0.3657748753598764,0.35787144476226457
0.1,89,2058,18529,adaptation_balanced_accuracy_threshold,0.03879070134460011,,,,,0.4225808192563009,0.5153194915196505,0.4162473816430423,0.6879664179104478,0.3426725651288533,0.3355820605537266
0.1,89,2058,18529,adaptation_platt_probability_0.5,,0.00973919186911834,1.2036298478330647,0.17786525630557384,0.5409871767566565,0.7685789842948891,0.5,0.43457430576747025,0.0,1.0,1.0
0.1,90,2058,18529,locked_zero_threshold,0.0,,,,,0.4359652436720816,0.516936716446732,0.4267282377435788,0.6676772388059702,0.3661961940874939,0.3583571698418695
0.1,90,2058,18529,adaptation_balanced_accuracy_threshold,-0.0609546582396695,,,,,0.4567434831885153,0.5184743218288168,0.44180686070929975,0.6333955223880597,0.40355312126957377,0.395002428625398
0.1,90,2058,18529,adaptation_platt_probability_0.5,,-0.002566782129763276,1.2006311749065852,0.1778659920456546,0.5409895230426058,0.7685789842948891,0.5,0.43457430576747025,0.0,1.0,1.0
0.1,91,2058,18529,locked_zero_threshold,0.0,,,,,0.43515570187274005,0.5161655842862787,0.4259772438901034,0.6669776119402985,0.365353556632259,0.35787144476226457
0.1,91,2058,18529,adaptation_balanced_accuracy_threshold,-0.06424982963826337,,,,,0.45798478061417236,0.5182224198027139,0.44258275392184065,0.6303638059701493,0.4060810336352784,0.3976469318365805
0.1,91,2058,18529,adaptation_platt_probability_0.5,,-0.04179930765249749,1.1913270002122576,0.17790593397563204,0.5410984361475943,0.7685789842948891,0.5,0.43457430576747025,0.0,1.0,1.0
0.1,92,2058,18529,locked_zero_threshold,0.0,,,,,0.4337524960872146,0.5150897378758199,0.4247259605938152,0.6665111940298507,0.3636682817217892,0.3566841167898969
0.1,92,2058,18529,adaptation_balanced_accuracy_threshold,0.18757642678899944,,,,,0.3774623563063306,0.5099270277535851,0.37699774830226346,0.7565298507462687,0.2633242047609016,0.25872955906956663
0.1,92,2058,18529,adaptation_platt_probability_0.5,,0.02149974980828293,1.2066176309479635,0.177869761532785,0.5409991183974132,0.7685789842948891,0.5,0.43457430576747025,0.0,1.0,1.0
0.1,93,2058,18529,locked_zero_threshold,0.0,,,,,0.43758432727076474,0.5183974861839947,0.4282139086407156,0.6688432835820896,0.36795168878589984,0.35943655890765824
0.1,93,2058,18529,adaptation_balanced_accuracy_threshold,0.35303912090568057,,,,,0.33747099141885695,0.5108853035093125,0.33591465018816813,0.8337220149253731,0.18804859209325187,0.18301041610448487
0.1,93,2058,18529,adaptation_platt_probability_0.5,,-0.08010802997741708,1.181927572716879,0.17799934308643076,0.5413533233967477,0.7685789842948891,0.5,0.43457430576747025,0.0,1.0,1.0
0.1,94,2058,18529,locked_zero_threshold,0.0,,,,,0.4346160073398456,0.5150810340938031,0.4253649059386736,0.6648787313432836,0.36528333684432274,0.35830320038858005
0.1,94,2058,18529,adaptation_balanced_accuracy_threshold,0.046913642026181424,,,,,0.41966646877867125,0.5136680409963035,0.4136946987967031,0.6886660447761194,0.3386700372164876,0.3323438933563603
0.1,94,2058,18529,adaptation_platt_probability_0.5,,0.008097810328299614,1.2034166336463712,0.1778649919617537,0.5409865706273133,0.7685789842948891,0.5,0.43457430576747025,0.0,1.0,1.0
0.1,95,2058,18529,locked_zero_threshold,0.0,,,,,0.43601921312537106,0.517460793842563,0.42687067943518,0.6690764925373134,0.36584509514781266,0.35776350585568567
0.1,95,2058,18529,adaptation_balanced_accuracy_threshold,-0.08565537857367622,,,,,0.46446111500890497,0.5190943291494916,0.44711476179551024,0.6208022388059702,0.41738641949301314,0.408548761401047
0.1,95,2058,18529,adaptation_platt_probability_0.5,,-0.06438068032974595,1.1859130662864188,0.17795474583509105,0.5412312899905796,0.7685789842948891,0.5,0.43457430576747025,0.0,1.0,1.0
0.1,96,2058,18529,locked_zero_threshold,0.0,,,,,0.4356953964056344,0.5153757590549465,0.4262208241864144,0.6637126865671642,0.36703883154272876,0.3599222839872632
0.1,96,2058,18529,adaptation_balanced_accuracy_threshold,-0.005183393497333211,,,,,0.43807005235036967,0.5161871431367494,0.4281287976990167,0.6616138059701493,0.37076048030334946,0.36326839009120837
0.1,96,2058,18529,adaptation_platt_probability_0.5,,-0.0319910218057483,1.1929995187834086,0.17789071136091547,0.5410568054523766,0.7685789842948891,0.5,0.43457430576747025,0.0,1.0,1.0
0.1,97,2058,18529,locked_zero_threshold,0.0,,,,,0.4344001295266879,0.5150220891015745,0.4251934410881171,0.6651119402985075,0.3649322379046415,0.3579793836688434
0.1,97,2058,18529,adaptation_balanced_accuracy_threshold,-0.07851967793394987,,,,,0.4598197420260133,0.5165638457700962,0.4433836675333148,0.6222014925373134,0.410926199002879,0.40325975497868205
0.1,97,2058,18529,adaptation_platt_probability_0.5,,0.04975781312923564,1.2135273553136718,0.17790215514600705,0.5410854551672892,0.7685789842948891,0.5,0.43457430576747025,0.0,1.0,1.0
0.1,98,2058,18529,locked_zero_threshold,0.0,,,,,0.43429219062010904,0.5160927934846518,0.425321560881983,0.6683768656716418,0.3638087212976617,0.3563603000701603
0.1,98,2058,18529,adaptation_balanced_accuracy_threshold,0.18861742712711332,,,,,0.3772464784931729,0.5112534906833014,0.37685233093024695,0.7607276119402985,0.2617793694263043,0.2565707809379891
0.1,98,2058,18529,adaptation_platt_probability_0.5,,0.08063577448043951,1.221500470360482,0.17797666996618222,0.5412762549074677,0.7685789842948891,0.5,0.43457430576747025,0.0,1.0,1.0
0.1,99,2058,18529,locked_zero_threshold,0.0,,,,,0.43294295428787305,0.5136666490462162,0.42384803101193247,0.663945895522388,0.36338740257004426,0.357061902962923
0.1,99,2058,18529,adaptation_balanced_accuracy_threshold,-0.005039222359851769,,,,,0.43504776296616116,0.5143024836581784,0.42552988248727885,0.6618470149253731,0.3667579523909838,0.36013816180042096
0.1,99,2058,18529,adaptation_platt_probability_0.5,,0.07854167135729631,1.2204887490548515,0.17796647060329265,0.5412559194335896,0.7685789842948891,0.5,0.43457430576747025,0.0,1.0,1.0
0.1,100,2058,18529,locked_zero_threshold,0.0,,,,,0.4359652436720816,0.5158772868593624,0.42651945052799156,0.6646455223880597,0.36710905133066496,0.3597603756273949
0.1,100,2058,18529,adaptation_balanced_accuracy_threshold,0.08510052791526551,,,,,0.4074154028819688,0.5119731780061143,0.40356372926338124,0.7066231343283582,0.3173232216838705,0.31178153165308437
0.1,100,2058,18529,adaptation_platt_probability_0.5,,-0.03648841726449778,1.191425602890749,0.17789725188532227,0.5410749920734039,0.7685789842948891,0.5,0.43457430576747025,0.0,1.0,1.0
0.1,101,2058,18529,locked_zero_threshold,0.0,,,,,0.43315883210103084,0.5133996157038695,0.42395591434552393,0.6627798507462687,0.3640193806614704,0.3578174753089751
0.1,101,2058,18529,adaptation_balanced_accuracy_threshold,-0.2166260989672555,,,,,0.5027254573911166,0.5073146813331698,0.46548165828412574,0.5158582089552238,0.4987711537111158,0.49538561174375306
0.1,101,2058,18529,adaptation_platt_probability_0.5,,0.08265518557059341,1.2218888710617728,0.17797857435068665,0.5412887397404993,0.7685789842948891,0.5,0.43457430576747025,0.0,1.0,1.0
0.1,102,2058,18529,locked_zero_threshold,0.0,,,,,0.43720654109773865,0.517662749424355,0.4277895935233478,0.6674440298507462,0.36788146899796365,0.35970640617410543
0.1,102,2058,18529,adaptation_balanced_accuracy_threshold,-0.4994093395161422,,,,,0.5913972691456636,0.5029828589698443,0.4961544127343154,0.33838619402985076,0.6675795239098378,0.6661989314048249
0.1,102,2058,18529,adaptation_platt_probability_0.5,,-0.07914189121144222,1.181185867238168,0.1779967658789983,0.5413464142180155,0.7685789842948891,0.5,0.43457430576747025,0.0,1.0,1.0
0.1,103,2058,18529,locked_zero_threshold,0.0,,,,,0.4356953964056344,0.5163536940586723,0.42641399080349707,0.6665111940298507,0.3661961940874939,0.3586270171083167
0.1,103,2058,18529,adaptation_balanced_accuracy_threshold,-0.0917293155979787,,,,,0.4666738625937719,0.51808899729287,0.44828237357916356,0.6138059701492538,0.4223720244364862,0.41399967618328026
0.1,103,2058,18529,adaptation_platt_probability_0.5,,0.014704085863004314,1.2050984034307362,0.1778665372313916,0.540990510592053,0.7685789842948891,0.5,0.43457430576747025,0.0,1.0,1.0
0.1,104,2058,18529,locked_zero_threshold,0.0,,,,,0.4357493658589239,0.5169592660381472,0.4265725990984713,0.668143656716418,0.3657748753598764,0.357925414215554
0.1,104,2058,18529,adaptation_balanced_accuracy_threshold,-0.09972156968054036,,,,,0.4673214960332452,0.5159024893438852,0.4480875977594825,0.6063432835820896,0.42546169510568077,0.4181013546332776
0.1,104,2058,18529,adaptation_platt_probability_0.5,,0.009494548420045112,1.203605750848815,0.17786517231687063,0.5409870448561817,0.7685789842948891,0.5,0.43457430576747025,0.0,1.0,1.0
0.1,105,2058,18529,locked_zero_threshold,0.0,,,,,0.43558745749905553,0.5166909471889551,0.4264000960781993,0.6676772388059702,0.36570465557194015,0.3579793836688434
0.1,105,2058,18529,adaptation_balanced_accuracy_threshold,0.026508551404132386,,,,,0.4267364671595877,0.5167190400168947,0.41970936854815066,0.6842350746268657,0.34920300540692367,0.34146473096227536
0.1,105,2058,18529,adaptation_platt_probability_0.5,,-0.057051167729130395,1.1874429594753646,0.17793663673159626,0.5411821325308697,0.7685789842948891,0.5,0.43457430576747025,0.0,1.0,1.0
0.1,106,2058,18529,locked_zero_threshold,0.0,,,,,0.43488585460629287,0.5159900348164381,0.42574279601000065,0.6669776119402985,0.3650024576925778,0.3576015974958174
0.1,106,2058,18529,adaptation_balanced_accuracy_threshold,0.05581788318597736,,,,,0.4164822710345944,0.5137969110105676,0.41118787647163096,0.6949626865671642,0.33263113545397094,0.3262453451346538
0.1,106,2058,18529,adaptation_platt_probability_0.5,,0.0006600368311470094,1.2014502738762602,0.17786523733637663,0.5409874185925391,0.7685789842948891,0.5,0.43457430576747025,0.0,1.0,1.0
0.1,107,2058,18529,locked_zero_threshold,0.0,,,,,0.4357493658589239,0.5170407606217909,0.4265885065678809,0.6683768656716418,0.36570465557194015,0.3578174753089751
0.1,107,2058,18529,adaptation_balanced_accuracy_threshold,-0.21155775964804568,,,,,0.5041286631766421,0.5115688165057376,0.46789731947032065,0.5254197761194029,0.4977178568920722,0.4923633223595445
0.1,107,2058,18529,adaptation_platt_probability_0.5,,-0.07750116477546873,1.1827765506279304,0.17799146891727965,0.5413323032962273,0.7685789842948891,0.5,0.43457430576747025,0.0,1.0,1.0
0.1,108,2058,18529,locked_zero_threshold,0.0,,,,,0.4339683739003724,0.5143337370316104,0.4247386780127913,0.663945895522388,0.3647215785408328,0.3580873225754223
0.1,108,2058,18529,adaptation_balanced_accuracy_threshold,0.33348253366191005,,,,,0.33860434993793515,0.507547882100452,0.3374422506963486,0.8220615671641791,0.19303419703672495,0.18954071995250688
0.1,108,2058,18529,adaptation_platt_probability_0.5,,0.05300700586237398,1.2148494447775873,0.1779076487165568,0.5411007160506183,0.7685789842948891,0.5,0.43457430576747025,0.0,1.0,1.0
0.1,109,2058,18529,locked_zero_threshold,0.0,,,,,0.4347239462464245,0.5160476943018214,0.42563383001132793,0.6674440298507462,0.36465135875289656,0.3572238113227913
0.1,109,2058,18529,adaptation_balanced_accuracy_threshold,-0.08528760725298384,,,,,0.4629499703168007,0.5182742412856719,0.44590294519819235,0.621268656716418,0.4152798258549259,0.406821738895785
0.1,109,2058,18529,adaptation_platt_probability_0.5,,0.03313187893653192,1.2093175675794903,0.17787940653980547,0.5410248095918462,0.7685789842948891,0.5,0.43457430576747025,0.0,1.0,1.0
0.1,110,2058,18529,locked_zero_threshold,0.0,,,,,0.43407631280695125,0.5139964839013276,0.42475221382728084,0.6627798507462687,0.3652131170563865,0.3587349560148956
0.1,110,2058,18529,adaptation_balanced_accuracy_threshold,-0.08339635728288414,,,,,0.4612769172648281,0.5159634158180029,0.44418764144996703,0.6177705223880597,0.41415630924794605,0.40676776944249554
0.1,110,2058,18529,adaptation_platt_probability_0.5,,0.1686405851669821,1.2469927319299772,0.17837983839441485,0.5423411631193645,0.7685789842948891,0.5000814945836438,0.43480341273310025,0.0002332089552238806,0.9999297802120638,0.9998920610934211
0.1,111,2058,18529,locked_zero_threshold,0.0,,,,,0.4342382211668196,0.514998254003314,0.4250687633445456,0.6653451492537313,0.36465135875289656,0.3577095364023962
0.1,111,2058,18529,adaptation_balanced_accuracy_threshold,-0.5205110050501275,,,,,0.5942036807167144,0.5005708551067078,0.49501207735864305,0.326259328358209,0.6748823818552068,0.6746181661179772
0.1,111,2058,18529,adaptation_platt_probability_0.5,,0.05557810821840302,1.2152621511227804,0.17791281028960695,0.5411128881162311,0.7685789842948891,0.5,0.43457430576747025,0.0,1.0,1.0
0.1,112,2058,18529,locked_zero_threshold,0.0,,,,,0.4351017324194506,0.5152340339722286,0.42575437877252675,0.6644123134328358,0.36605575451162137,0.35900480328134277
0.1,112,2058,18529,adaptation_balanced_accuracy_threshold,-0.09339744337443379,,,,,0.46624210696745644,0.5159337427173172,0.4474052275401468,0.6084421641791045,0.4234253212555298,0.4160505154082789
0.1,112,2058,18529,adaptation_platt_probability_0.5,,0.052281484113689006,1.215538548702991,0.17790705319023792,0.5410978213300395,0.7685789842948891,0.5,0.43457430576747025,0.0,1.0,1.0
0.1,113,2058,18529,locked_zero_threshold,0.0,,,,,0.4347239462464245,0.5163736726363967,0.4256971122256539,0.6683768656716418,0.3643704796011516,0.3567920556964758
0.1,113,2058,18529,adaptation_balanced_accuracy_threshold,-0.16489625858819001,,,,,0.48880133844244156,0.5134143212471454,0.4602579616451473,0.5592350746268657,0.46759356786742506,0.461384856171407
0.1,113,2058,18529,adaptation_platt_probability_0.5,,-0.014620911058205904,1.197900080573323,0.17787226598735298,0.5410067737387354,0.7685789842948891,0.5,0.43457430576747025,0.0,1.0,1.0
0.1,114,2058,18529,locked_zero_threshold,0.0,,,,,0.4328350153812942,0.5141668913437867,0.4238649419167042,0.6655783582089553,0.3627554244786181,0.356198391710292
0.1,114,2058,18529,adaptation_balanced_accuracy_threshold,-0.05891849745975031,,,,,0.45399104107075394,0.5164392334855111,0.4394329920298323,0.632695895522388,0.40018257144863423,0.3925738032273733
0.1,114,2058,18529,adaptation_platt_probability_0.5,,0.10000362976707886,1.2262437341953543,0.1780372605518149,0.5414415236652402,0.7685789842948891,0.5,0.43457430576747025,0.0,1.0,1.0
0.1,115,2058,18529,locked_zero_threshold,0.0,,,,,0.43720654109773865,0.5183147060935055,0.42791802635278353,0.6693097014925373,0.3673197106944737,0.3588428949214744
0.1,115,2058,18529,adaptation_balanced_accuracy_threshold,0.24141675345968133,,,,,0.36531922931620703,0.5131105649863177,0.36531907957666543,0.7882462686567164,0.23797486131591883,0.23190674078471585
0.1,115,2058,18529,adaptation_platt_probability_0.5,,-0.07039223475393946,1.1843880009909256,0.17797063226495163,0.5412747113576024,0.7685789842948891,0.5,0.43457430576747025,0.0,1.0,1.0
0.1,116,2058,18529,locked_zero_threshold,0.0,,,,,0.4342382211668196,0.5143462973341634,0.42494087266065783,0.6634794776119403,0.3652131170563865,0.35857304765502723
0.1,116,2058,18529,adaptation_balanced_accuracy_threshold,0.04675629163594375,,,,,0.4188569269793297,0.5128154142522063,0.41292196999767006,0.6877332089552238,0.33789761954918895,0.33196610718333425
0.1,116,2058,18529,adaptation_platt_probability_0.5,,0.05775192287026848,1.2173084701747419,0.1779171142936949,0.5411251587775969,0.7685789842948891,0.5,0.43457430576747025,0.0,1.0,1.0
0.1,117,2058,18529,locked_zero_threshold,0.0,,,,,0.4345080684332668,0.5157442655586613,0.42541448070065824,0.6669776119402985,0.3645109191770241,0.3572238113227913
0.1,117,2058,18529,adaptation_balanced_accuracy_threshold,-0.3832180530544259,,,,,0.5544821630956879,0.503008593670577,0.4855623018240809,0.40718283582089554,0.5988343515202584,0.5974418479140806
0.1,117,2058,18529,adaptation_platt_probability_0.5,,0.16807562026612233,1.245318757045059,0.17837858263509226,0.5423363190006495,0.7685789842948891,0.5000814945836438,0.43480341273310025,0.0002332089552238806,0.9999297802120638,0.9998920610934211
0.1,118,2058,18529,locked_zero_threshold,0.0,,,,,0.43601921312537106,0.5161568805042619,0.4266146614381183,0.6653451492537313,0.3669686117547925,0.3594905283609477
0.1,118,2058,18529,adaptation_balanced_accuracy_threshold,-0.10124734528772134,,,,,0.46883264072534947,0.5161521151221982,0.4491207399678472,0.6042444029850746,0.4280598272593217,0.4205839494845917
0.1,118,2058,18529,adaptation_platt_probability_0.5,,-0.08287323713333924,1.1809168037223163,0.17800860037825125,0.5413782094779955,0.7685789842948891,0.5,0.43457430576747025,0.0,1.0,1.0
0.1,119,2058,18529,locked_zero_threshold,0.0,,,,,0.4353715796858978,0.5152465942747815,0.42595622851345394,0.663945895522388,0.36654729302717504,0.3594905283609477
0.1,119,2058,18529,adaptation_balanced_accuracy_threshold,0.1742907345741041,,,,,0.3825354849155378,0.5109455094445615,0.38176055857342645,0.75,0.271891018889123,0.26682497706298236
0.1,119,2058,18529,adaptation_platt_probability_0.5,,0.029951302135397845,1.2092530214029042,0.17787634989750686,0.5410167224987962,0.7685789842948891,0.5,0.43457430576747025,0.0,1.0,1.0
0.1,120,2058,18529,locked_zero_threshold,0.0,,,,,0.4336985266339252,0.5135877254762631,0.4243923091508426,0.6623134328358209,0.36486201811670527,0.35857304765502723
0.1,120,2058,18529,adaptation_balanced_accuracy_threshold,-0.06291882490924544,,,,,0.4556640941227265,0.5158162539420027,0.44041221996131585,0.6277985074626866,0.40383400042131873,0.3965135733175023
0.1,120,2058,18529,adaptation_platt_probability_0.5,,0.07110995045098771,1.2190067547820074,0.17794686887386715,0.5412044793079651,0.7685789842948891,0.5,0.43457430576747025,0.0,1.0,1.0
0.1,121,2058,18529,locked_zero_threshold,0.0,,,,,0.43278104592800476,0.5137243085315994,0.4237390245750093,0.6644123134328358,0.36303630363036304,0.3566841167898969
0.1,121,2058,18529,adaptation_balanced_accuracy_threshold,-0.018096107565326647,,,,,0.4394732581358951,0.5144106791196744,0.42878137196435373,0.6539179104477612,0.3749034477915877,0.3682335797938367
0.1,121,2058,18529,adaptation_platt_probability_0.5,,0.07143658138075368,1.2192044893541023,0.17794947659920754,0.5412103627291927,0.7685789842948891,0.5,0.43457430576747025,0.0,1.0,1.0
0.1,122,2058,18529,locked_zero_threshold,0.0,,,,,0.43466997679313507,0.5157681006569219,0.4255393199237055,0.6667444029850746,0.36479179832876907,0.3574936585892385
0.1,122,2058,18529,adaptation_balanced_accuracy_threshold,-0.08344693998348424,,,,,0.4628420314102218,0.5182855160813795,0.44583485263448663,0.6215018656716418,0.4150691664911172,0.40660586108262725
0.1,122,2058,18529,adaptation_platt_probability_0.5,,-0.00908678913834083,1.199008570716513,0.17786869629780247,0.5409969966246114,0.7685789842948891,0.5,0.43457430576747025,0.0,1.0,1.0
0.1,123,2058,18529,locked_zero_threshold,0.0,,,,,0.4342382211668196,0.5136943406650128,0.424812052996893,0.6616138059701493,0.3657748753598764,0.35943655890765824
0.1,123,2058,18529,adaptation_balanced_accuracy_threshold,0.04453028596277708,,,,,0.41977440768525015,0.512271358278651,0.41355599806110027,0.6844682835820896,0.3400744329752124,0.33439473258135893
0.1,123,2058,18529,adaptation_platt_probability_0.5,,0.1321661690924717,1.2379207092033875,0.1781720341860908,0.5418050102508091,0.7685789842948891,0.5,0.43457430576747025,0.0,1.0,1.0
0.1,124,2058,18529,locked_zero_threshold,0.0,,,,,0.4335366182740569,0.5132379120434273,0.4242036273441865,0.6616138059701493,0.36486201811670527,0.3587349560148956
0.1,124,2058,18529,adaptation_balanced_accuracy_threshold,0.034247439158022364,,,,,0.4222030330832749,0.5126288847525591,0.41550850976986015,0.6809701492537313,0.3442876202513868,0.3384424415780668
0.1,124,2058,18529,adaptation_platt_probability_0.5,,0.16518886472034272,1.2489233031859737,0.17835543818525346,0.5422874587536726,0.7685789842948891,0.5000814945836438,0.43480341273310025,0.0002332089552238806,0.9999297802120638,0.9998920610934211
0.1,125,2058,18529,locked_zero_threshold,0.0,,,,,0.4357493658589239,0.5152478797816269,0.42623519779420627,0.6632462686567164,0.36724949090653747,0.3601921312537104
0.1,125,2058,18529,adaptation_balanced_accuracy_threshold,-0.10782775839783537,,,,,0.4712072966700847,0.5147631454456179,0.45021067664974224,0.5958488805970149,0.4336774102942209,0.4268444060661665
0.1,125,2058,18529,adaptation_platt_probability_0.5,,0.05133847416863018,1.2164276962802505,0.1779053174295159,0.5410931671146948,0.7685789842948891,0.5,0.43457430576747025,0.0,1.0,1.0
0.1,126,2058,18529,locked_zero_threshold,0.0,,,,,0.43493982405958226,0.5153731880412558,0.42566201564877193,0.6651119402985075,0.36563443578400395,0.35851907820173784
0.1,126,2058,18529,adaptation_balanced_accuracy_threshold,-0.06649614168756485,,,,,0.4584165362404879,0.5173623747834453,0.4426543837430751,0.6270988805970149,0.40762586896987574,0.39958983215500027
0.1,126,2058,18529,adaptation_platt_probability_0.5,,-0.054472751799096455,1.188040802604772,0.17793081035936567,0.5411671604766746,0.7685789842948891,0.5,0.43457430576747025,0.0,1.0,1.0
0.1,127,2058,18529,locked_zero_threshold,0.0,,,,,0.4339683739003724,0.5147412099498295,0.4248184301560608,0.6651119402985075,0.3643704796011516,0.35754762804252793
0.1,127,2058,18529,adaptation_balanced_accuracy_threshold,-0.05718504913354283,,,,,0.45372119380430675,0.5159377056810952,0.43912588580773354,0.6317630597014925,0.400112351660698,0.39273571158724163
0.1,127,2058,18529,adaptation_platt_probability_0.5,,0.08988952423767692,1.2258560474075446,0.1780006440506613,0.5413480356251923,0.7685789842948891,0.5,0.43457430576747025,0.0,1.0,1.0
0.1,128,2058,18529,locked_zero_threshold,0.0,,,,,0.4344001295266879,0.5141256486814925,0.4250170033767977,0.6625466417910447,0.36570465557194015,0.35916671164121106
0.1,128,2058,18529,adaptation_balanced_accuracy_threshold,-0.08510734533049358,,,,,0.46332775648982677,0.5166456351196409,0.44571420498879544,0.6159048507462687,0.41738641949301314,0.4096821199201252
0.1,128,2058,18529,adaptation_platt_probability_0.5,,0.015686940784591267,1.2056340999920678,0.1778669105149928,0.5409915853607342,0.7685789842948891,0.5,0.43457430576747025,0.0,1.0,1.0
0.1,129,2058,18529,locked_zero_threshold,0.0,,,,,0.43429219062010904,0.5148703747299944,0.4250837451799278,0.6648787313432836,0.36486201811670527,0.3579793836688434
0.1,129,2058,18529,adaptation_balanced_accuracy_threshold,-0.039746392616820225,,,,,0.44773058448917913,0.5149743124618115,0.4347678010809384,0.6401585820895522,0.38979004283407065,0.38285930163527443
0.1,129,2058,18529,adaptation_platt_probability_0.5,,0.038968821728732984,1.2112917245993808,0.17788645683817197,0.5410433721706632,0.7685789842948891,0.5,0.43457430576747025,0.0,1.0,1.0
0.1,130,2058,18529,locked_zero_threshold,0.0,,,,,0.4356953964056344,0.5153757590549465,0.4262208241864144,0.6637126865671642,0.36703883154272876,0.3599222839872632
0.1,130,2058,18529,adaptation_balanced_accuracy_threshold,-0.23995893022898274,,,,,0.5126558367963733,0.5084777538864556,0.4709043760479812,0.5006996268656716,0.5162558809072396,0.5123320200766366
0.1,130,2058,18529,adaptation_platt_probability_0.5,,0.03777805237461525,1.211792238303154,0.17788504217569545,0.5410392667646148,0.7685789842948891,0.5,0.43457430576747025,0.0,1.0,1.0
0.1,131,2058,18529,locked_zero_threshold,0.0,,,,,0.4347239462464245,0.51580321055089,0.42558621638582955,0.6667444029850746,0.36486201811670527,0.35754762804252793
0.1,131,2058,18529,adaptation_balanced_accuracy_threshold,-0.06342031538747783,,,,,0.4567974526418047,0.517531496719059,0.4416080071690708,0.6305970149253731,0.4044659785127449,0.39635166495763396
0.1,131,2058,18529,adaptation_platt_probability_0.5,,0.004111932805669162,1.2022741005431614,0.17786485929600082,0.5409863167250198,0.7685789842948891,0.5,0.43457430576747025,0.0,1.0,1.0
0.1,132,2058,18529,locked_zero_threshold,0.0,,,,,0.4348318851530034,0.5157919357551823,0.42566409139188566,0.6665111940298507,0.36507267748051403,0.35776350585568567
0.1,132,2058,18529,adaptation_balanced_accuracy_threshold,-0.17029350101015295,,,,,0.49079820821415077,0.5129205064838017,0.46121169142708607,0.5541044776119403,0.47173653535566323,0.46575638188785146
0.1,132,2058,18529,adaptation_platt_probability_0.5,,0.05748961753517535,1.2155333808724593,0.1779162644243488,0.5411234380399981,0.7685789842948891,0.5,0.43457430576747025,0.0,1.0,1.0
0.1,133,2058,18529,locked_zero_threshold,0.0,,,,,0.4395272275891845,0.5203133990359976,0.4300283644201738,0.6707089552238806,0.3699178428481146,0.36051594797344705
0.1,133,2058,18529,adaptation_balanced_accuracy_threshold,-2.2769128724733707,,,,,0.7634518862323925,0.4977239896603982,0.4358254784747653,0.003031716417910448,0.992416262902886,0.993469696151978
0.1,133,2058,18529,adaptation_platt_probability_0.5,,-0.20075706452225106,1.1498864529747974,0.1786365362929225,0.5430961177769648,0.7685789842948891,0.5,0.43457430576747025,0.0,1.0,1.0
0.1,134,2058,18529,locked_zero_threshold,0.0,,,,,0.436504938204976,0.5161468912153997,0.42697108688527513,0.6644123134328358,0.36788146899796365,0.36040800906686815
0.1,134,2058,18529,adaptation_balanced_accuracy_threshold,-0.37063910281024415,,,,,0.5515138431647687,0.5045003220153708,0.48536471900181877,0.41697761194029853,0.592023032090443,0.5899400939068488
0.1,134,2058,18529,adaptation_platt_probability_0.5,,0.05919499105249941,1.2171394722380422,0.17791976372556043,0.5411314366587492,0.7685789842948891,0.5,0.43457430576747025,0.0,1.0,1.0
0.1,135,2058,18529,locked_zero_threshold,0.0,,,,,0.4361271520319499,0.5170420461286364,0.4268688385385262,0.6676772388059702,0.3664068534513026,0.35851907820173784
0.1,135,2058,18529,adaptation_balanced_accuracy_threshold,0.23389082253628815,,,,,0.36720816018133734,0.5127095196023255,0.3671951547606389,0.7835820895522388,0.24183694965241204,0.23595444978142371
0.1,135,2058,18529,adaptation_platt_probability_0.5,,-0.07361896602737611,1.182945908395869,0.17797942698022948,0.5412998432907362,0.7685789842948891,0.5,0.43457430576747025,0.0,1.0,1.0
0.1,136,2058,18529,locked_zero_threshold,0.0,,,,,0.4366668465648443,0.5177191234028928,0.4274014188989004,0.6686100746268657,0.36682817217892,0.3586270171083167
0.1,136,2058,18529,adaptation_balanced_accuracy_threshold,-0.25865957893002345,,,,,0.519024232284527,0.5089534651107219,0.4741458270010001,0.490205223880597,0.5277017063408469,0.5235576663608398
0.1,136,2058,18529,adaptation_platt_probability_0.5,,-0.019899698776501717,1.1961091515557394,0.17787666533797145,0.5410187020121787,0.7685789842948891,0.5,0.43457430576747025,0.0,1.0,1.0
0.1,137,2058,18529,locked_zero_threshold,0.0,,,,,0.43466997679313507,0.5138937252331139,0.42517007933989803,0.6613805970149254,0.3664068534513026,0.3599762534405527
0.1,137,2058,18529,adaptation_balanced_accuracy_threshold,-0.1080211424947023,,,,,0.4690485185385072,0.5128697821850301,0.448303655189242,0.5944496268656716,0.4312899375043887,0.4253332613740623
0.1,137,2058,18529,adaptation_platt_probability_0.5,,0.16511398021798399,1.2437930285438705,0.17835751691513288,0.5422859344902353,0.7685789842948891,0.5000814945836438,0.43480341273310025,0.0002332089552238806,0.9999297802120638,0.9998920610934211
0.1,138,2058,18529,locked_zero_threshold,0.0,,,,,0.4366128771115549,0.5168690676724865,0.42719405870315125,0.6662779850746269,0.3674601502703462,0.35965243672081604
0.1,138,2058,18529,adaptation_balanced_accuracy_threshold,0.12898272047583245,,,,,0.3950563980786875,0.5115120085662901,0.3930170983685276,0.7283115671641791,0.29471244996840107,0.28938420853796754
0.1,138,2058,18529,adaptation_platt_probability_0.5,,-0.0021414761243806237,1.2006948527837442,0.17786586616260208,0.5409891775582801,0.7685789842948891,0.5,0.43457430576747025,0.0,1.0,1.0
0.1,139,2058,18529,locked_zero_threshold,0.0,,,,,0.43515570187274005,0.515595122200772,0.4258654196393841,0.6653451492537313,0.36584509514781266,0.3586270171083167
0.1,139,2058,18529,adaptation_balanced_accuracy_threshold,-0.08499543706169416,,,,,0.46435317610232607,0.5185351418596925,0.44689398694131344,0.6194029850746269,0.4176672986447581,0.4090884559339414
0.1,139,2058,18529,adaptation_platt_probability_0.5,,-0.010149793785046067,1.1987921159352584,0.17786929522977263,0.5409986003871221,0.7685789842948891,0.5,0.43457430576747025,0.0,1.0,1.0
0.1,140,2058,18529,locked_zero_threshold,0.0,,,,,0.4372605105510281,0.5178608484856106,0.42786861533546217,0.667910447761194,0.3678112492100274,0.35954449781423714
0.1,140,2058,18529,adaptation_balanced_accuracy_threshold,0.36321772617349557,,,,,0.32996923741162504,0.509998262846291,0.32745013026846426,0.8451492537313433,0.17484727196123867,0.170219655674888
0.1,140,2058,18529,adaptation_platt_probability_0.5,,-0.044170077894218555,1.1901364952188989,0.17791016750653946,0.5411099703584606,0.7685789842948891,0.5,0.43457430576747025,0.0,1.0,1.0
0.1,141,2058,18529,locked_zero_threshold,0.0,,,,,0.435641426952345,0.5168075516665671,0.4264629047128373,0.667910447761194,0.36570465557194015,0.357925414215554
0.1,141,2058,18529,adaptation_balanced_accuracy_threshold,0.22675702477816526,,,,,0.3682335797938367,0.5122356834167062,0.36820199944842325,0.7803171641791045,0.24415420265430798,0.2384910140860273
0.1,141,2058,18529,adaptation_platt_probability_0.5,,-0.057256484815173585,1.1880936884302697,0.17793746837369315,0.5411846587934254,0.7685789842948891,0.5,0.43457430576747025,0.0,1.0,1.0
0.1,142,2058,18529,locked_zero_threshold,0.0,,,,,0.43520967132602945,0.5149782754255896,0.42578354843057553,0.6634794776119403,0.36647707323923884,0.35954449781423714
0.1,142,2058,18529,adaptation_balanced_accuracy_threshold,0.09016723531786763,,,,,0.40547250256354905,0.5115241676597002,0.40189511686617296,0.7089552238805971,0.3140931114388035,0.3087592422688758
0.1,142,2058,18529,adaptation_platt_probability_0.5,,0.015914119392485063,1.20573630874978,0.1778670408136067,0.5409918757686746,0.7685789842948891,0.5,0.43457430576747025,0.0,1.0,1.0
0.1,143,2058,18529,locked_zero_threshold,0.0,,,,,0.435641426952345,0.5166445624992795,0.4264310402898769,0.6674440298507462,0.36584509514781266,0.35814129202871176
0.1,143,2058,18529,adaptation_balanced_accuracy_threshold,0.06205833294019264,,,,,0.4149171568892007,0.5144086157583685,0.4100207481913102,0.6996268656716418,0.32919036584509515,0.3225214528576826
0.1,143,2058,18529,adaptation_platt_probability_0.5,,-0.17021658192529282,1.1610966672161933,0.17842111642947042,0.5425198347517844,0.7685789842948891,0.5,0.43457430576747025,0.0,1.0,1.0
0.1,144,2058,18529,locked_zero_threshold,0.0,,,,,0.4363969992983971,0.518114036018559,0.42727838971754717,0.6702425373134329,0.3659855347236851,0.3576015974958174
0.1,144,2058,18529,adaptation_balanced_accuracy_threshold,-0.7139581424104909,,,,,0.6415348912515516,0.4939562182242359,0.49392343548948364,0.21921641791044777,0.768696018538024,0.7714933347725188
0.1,144,2058,18529,adaptation_platt_probability_0.5,,-0.005635075907603964,1.199825906959819,0.1778670692869266,0.5409924898793946,0.7685789842948891,0.5,0.43457430576747025,0.0,1.0,1.0
0.1,145,2058,18529,locked_zero_threshold,0.0,,,,,0.4356953964056344,0.5171686398951105,0.426573370109818,0.6688432835820896,0.36549399620813144,0.35754762804252793
0.1,145,2058,18529,adaptation_balanced_accuracy_threshold,0.3629167817949381,,,,,0.32932160397215177,0.5098214278696049,0.32671906457399913,0.8458488805970149,0.17379397514219508,0.16924820551567812
0.1,145,2058,18529,adaptation_platt_probability_0.5,,-0.042489396354353115,1.1912772983465465,0.17790749366285113,0.5411027376988997,0.7685789842948891,0.5,0.43457430576747025,0.0,1.0,1.0
0.1,146,2058,18529,locked_zero_threshold,0.0,,,,,0.4346160073398456,0.5156514961793099,0.4254765326387197,0.6665111940298507,0.36479179832876907,0.35754762804252793
0.1,146,2058,18529,adaptation_balanced_accuracy_threshold,0.16845029734903172,,,,,0.3832370878083005,0.5104240030624212,0.38237313766097747,0.7472014925373134,0.27364651358752895,0.26882184683469157
0.1,146,2058,18529,adaptation_platt_probability_0.5,,0.021806979152487374,1.206627805028992,0.17787011162254202,0.5409997531856992,0.7685789842948891,0.5,0.43457430576747025,0.0,1.0,1.0
0.1,147,2058,18529,locked_zero_threshold,0.0,,,,,0.4359652436720816,0.5176701676995263,0.4268713502636031,0.6697761194029851,0.3655642159960677,0.35738571968265964
0.1,147,2058,18529,adaptation_balanced_accuracy_threshold,-0.1642224115051536,,,,,0.48934103297533593,0.5142543876886895,0.460856043807219,0.5606343283582089,0.46787444701917,0.4612769172648281
0.1,147,2058,18529,adaptation_platt_probability_0.5,,-0.020293576820660658,1.1965574858294479,0.17787709569866061,0.5410199206319711,0.7685789842948891,0.5,0.43457430576747025,0.0,1.0,1.0
0.1,148,2058,18529,locked_zero_threshold,0.0,,,,,0.43531761023260834,0.5159449356336078,0.4260540061982188,0.6660447761194029,0.36584509514781266,0.3584651087484484
0.1,148,2058,18529,adaptation_balanced_accuracy_threshold,0.16916577867653262,,,,,0.3835069350747477,0.5107625416995494,0.38264086535086894,0.7476679104477612,0.2738571729513377,0.268875816287981
0.1,148,2058,18529,adaptation_platt_probability_0.5,,-0.02269682289100741,1.1958070023157261,0.17787944674371814,0.5410262222708664,0.7685789842948891,0.5,0.43457430576747025,0.0,1.0,1.0
0.1,149,2058,18529,locked_zero_threshold,0.0,,,,,0.43547951859247663,0.515235319479074,0.42603367359553296,0.6637126865671642,0.3667579523909838,0.35970640617410543
0.1,149,2058,18529,adaptation_balanced_accuracy_threshold,-0.02550151101981929,,,,,0.4450321118247072,0.5168045794437335,0.43328220182591415,0.6504197761194029,0.383189382768064,0.37541151708133197
0.1,149,2058,18529,adaptation_platt_probability_0.5,,-0.026119562775920344,1.1949423264146284,0.17788323112566223,0.5410366932688982,0.7685789842948891,0.5,0.43457430576747025,0.0,1.0,1.0
0.1,150,2058,18529,locked_zero_threshold,0.0,,,,,0.43520967132602945,0.5157932212620278,0.42594429655589794,0.6658115671641791,0.3657748753598764,0.3584651087484484
0.1,150,2058,18529,adaptation_balanced_accuracy_threshold,0.20173482983505733,,,,,0.3740083112958066,0.5093098862125018,0.3737135155696051,0.7611940298507462,0.25742574257425743,0.25311673592746503
0.1,150,2058,18529,adaptation_platt_probability_0.5,,0.0682740066966535,1.2196382003502246,0.17793941425712873,0.5411851547624887,0.7685789842948891,0.5,0.43457430576747025,0.0,1.0,1.0
0.1,151,2058,18529,locked_zero_threshold,0.0,,,,,0.4379621134437908,0.5171763529361828,0.4282494827960408,0.6646455223880597,0.36970718348430587,0.3617572453991041
0.1,151,2058,18529,adaptation_balanced_accuracy_threshold,-0.1722797212970052,,,,,0.4931188947055966,0.5126373510842669,0.46240292016441986,0.5489738805970149,0.4763008215715189,0.4704517243240326
0.1,151,2058,18529,adaptation_platt_probability_0.5,,0.03465443093358689,1.2115239879585107,0.1778812802113317,0.5410293545790629,0.7685789842948891,0.5,0.43457430576747025,0.0,1.0,1.0
0.1,152,2058,18529,locked_zero_threshold,0.0,,,,,0.43720654109773865,0.5169292981715605,0.42764400004293995,0.6653451492537313,0.36851344708938977,0.36067785633331534
0.1,152,2058,18529,adaptation_balanced_accuracy_threshold,-0.08561101139697908,,,,,0.46586432079443035,0.5191107459725808,0.448036644044613,0.6182369402985075,0.41998455164665405,0.41113929515894004
0.1,152,2058,18529,adaptation_platt_probability_0.5,,-0.08577056767346825,1.1783250339135902,0.17801818121202198,0.5414045936740024,0.7685789842948891,0.5,0.43457430576747025,0.0,1.0,1.0
0.1,153,2058,18529,locked_zero_threshold,0.0,,,,,0.43672081601813373,0.5174282549622857,0.4273842142718791,0.6676772388059702,0.3671792711186012,0.35911274218792166
0.1,153,2058,18529,adaptation_balanced_accuracy_threshold,-0.3918302169539193,,,,,0.5602029251443683,0.5064042640966224,0.4894907571879781,0.40625,0.6065585281932449,0.6035943655890765
0.1,153,2058,18529,adaptation_platt_probability_0.5,,-0.08665298951732073,1.1810643433167658,0.17802104756431716,0.5414116491765326,0.7685789842948891,0.5,0.43457430576747025,0.0,1.0,1.0
0.1,154,2058,18529,locked_zero_threshold,0.0,,,,,0.43445409897997733,0.514894209828255,0.425208347529917,0.6646455223880597,0.36514289726845023,0.35824923093529065
0.1,154,2058,18529,adaptation_balanced_accuracy_threshold,-0.09219781077779543,,,,,0.46516271790166763,0.5162909744253243,0.446809234059902,0.6114738805970149,0.4211080682536339,0.4135679205569648
0.1,154,2058,18529,adaptation_platt_probability_0.5,,0.07167293993992736,1.2199357444021965,0.17794910103326697,0.5412083469405217,0.7685789842948891,0.5,0.43457430576747025,0.0,1.0,1.0
0.1,155,2058,18529,locked_zero_threshold,0.0,,,,,0.43607318257866046,0.5168439470673807,0.42678998902537413,0.6672108208955224,0.36647707323923884,0.35868098656160613
0.1,155,2058,18529,adaptation_balanced_accuracy_threshold,-0.39605488245333154,,,,,0.5591235360785796,0.5033387232915892,0.48732687192064544,0.39948694029850745,0.607190506284671,0.6056452048140752
0.1,155,2058,18529,adaptation_platt_probability_0.5,,0.016257940845549556,1.2053641046552295,0.1778671008283588,0.5409920297167009,0.7685789842948891,0.5,0.43457430576747025,0.0,1.0,1.0
0.1,156,2058,18529,locked_zero_threshold,0.0,,,,,0.4362350909385288,0.5175197388347917,0.4270423560756692,0.6688432835820896,0.3661961940874939,0.3580873225754223
0.1,156,2058,18529,adaptation_balanced_accuracy_threshold,0.006772195056947039,,,,,0.43407631280695125,0.517419256414368,0.4254144046704064,0.6725746268656716,0.3622638859630644,0.3542015219385828
0.1,156,2058,18529,adaptation_platt_probability_0.5,,-0.1102744530140207,1.1775452251371945,0.17810949652091743,0.5416549451573872,0.7685789842948891,0.5,0.43457430576747025,0.0,1.0,1.0
0.1,157,2058,18529,locked_zero_threshold,0.0,,,,,0.4352636407793189,0.5158283311559959,0.4259911491641595,0.6658115671641791,0.36584509514781266,0.35851907820173784
0.1,157,2058,18529,adaptation_balanced_accuracy_threshold,0.12766520876702328,,,,,0.39462464245237194,0.5109051510799698,0.39258388726913857,0.7273787313432836,0.2944315708166561,0.28938420853796754
0.1,157,2058,18529,adaptation_platt_probability_0.5,,-0.1267213033700288,1.1710356238511639,0.17818133137602,0.5418572032271686,0.7685789842948891,0.5,0.43457430576747025,0.0,1.0,1.0
0.1,158,2058,18529,locked_zero_threshold,0.0,,,,,0.43645096875168654,0.5183121350798148,0.4273569934918712,0.6707089552238806,0.3659153149357489,0.35743968913594903
0.1,158,2058,18529,adaptation_balanced_accuracy_threshold,0.3634620270011887,,,,,0.3304009930379405,0.5112570770017617,0.3278116912412925,0.8479477611940298,0.1745663928094937,0.169356144422257
0.1,158,2058,18529,adaptation_platt_probability_0.5,,-0.16355619853912007,1.1642733209293914,0.17838300115598696,0.5424115902186367,0.7685789842948891,0.5,0.43457430576747025,0.0,1.0,1.0
0.1,159,2058,18529,locked_zero_threshold,0.0,,,,,0.43429219062010904,0.5169077393210899,0.42547829593236186,0.6707089552238806,0.3631065234182993,0.35528091100437154
0.1,159,2058,18529,adaptation_balanced_accuracy_threshold,0.28876532570238367,,,,,0.3501538129418749,0.5101717243910006,0.3497838158154387,0.8080690298507462,0.21227441893125482,0.20756651735117923
0.1,159,2058,18529,adaptation_platt_probability_0.5,,-0.06298609942028147,1.1872580258060887,0.17795119448089994,0.5412221246052558,0.7685789842948891,0.5,0.43457430576747025,0.0,1.0,1.0
0.1,160,2058,18529,locked_zero_threshold,0.0,,,,,0.4346160073398456,0.5149995395101594,0.42534890128706815,0.6646455223880597,0.365353556632259,0.35841113929515894
0.1,160,2058,18529,adaptation_balanced_accuracy_threshold,-0.022192313320737123,,,,,0.4428733336931297,0.5160521403541593,0.4315776233100225,0.652285447761194,0.3798188329471245,0.3723892276971234
0.1,160,2058,18529,adaptation_platt_probability_0.5,,0.020936737552420363,1.2065337906370632,0.17786948482721024,0.5409982407696162,0.7685789842948891,0.5,0.43457430576747025,0.0,1.0,1.0
0.1,161,2058,18529,locked_zero_threshold,0.0,,,,,0.43278104592800476,0.5129908572788051,0.42359595412110096,0.6623134328358209,0.3636682817217892,0.35765556694910683
0.1,161,2058,18529,adaptation_balanced_accuracy_threshold,0.021274481846461524,,,,,0.42565707809379894,0.5125940696244918,0.418161991219908,0.6744402985074627,0.35074784074152093,0.3449187759727994
0.1,161,2058,18529,adaptation_platt_probability_0.5,,0.16866523362314634,1.2452202603813258,0.17837783417809008,0.5423456860404448,0.7686329537481785,0.500116604477612,0.4348207220995686,0.0002332089552238806,1.0,0.9999460305467106
0.1,162,2058,18529,locked_zero_threshold,0.0,,,,,0.4392573803227373,0.5195673874806502,0.4296810714949302,0.6690764925373134,0.3700582824239871,0.361001673053052
0.1,162,2058,18529,adaptation_balanced_accuracy_threshold,-0.8000489282669151,,,,,0.6612337417021965,0.49381369072323233,0.4922170701522003,0.18213619402985073,0.805491187416614,0.808354471369205
0.1,162,2058,18529,adaptation_platt_probability_0.5,,-0.07509454121340683,1.1809955966207304,0.1779859205748342,0.5413128490879774,0.7685789842948891,0.5,0.43457430576747025,0.0,1.0,1.0
0.1,163,2058,18529,locked_zero_threshold,0.0,,,,,0.43445409897997733,0.5165241015011314,0.42552534471952935,0.6693097014925373,0.3637385015097254,0.3560904528037131
0.1,163,2058,18529,adaptation_balanced_accuracy_threshold,-0.09510891795803877,,,,,0.46489287063522045,0.5165228978737029,0.4466985258908885,0.6126399253731343,0.42040587037427146,0.41275837875762317
0.1,163,2058,18529,adaptation_platt_probability_0.5,,0.06343565216494648,1.2160923037952083,0.1779292515967922,0.5411565781235952,0.7685789842948891,0.5,0.43457430576747025,0.0,1.0,1.0
0.1,164,2058,18529,locked_zero_threshold,0.0,,,,,0.4359652436720816,0.5153068247738556,0.4264060121863491,0.6630130597014925,0.3676005898462187,0.36051594797344705
0.1,164,2058,18529,adaptation_balanced_accuracy_threshold,-0.07972612931878453,,,,,0.462248367424038,0.5171658559949358,0.4451465423199329,0.6194029850746269,0.41492872691524474,0.4069836472556533
0.1,164,2058,18529,adaptation_platt_probability_0.5,,0.030955370040764516,1.210166111173675,0.17787741800312,0.5410193601394683,0.7685789842948891,0.5,0.43457430576747025,0.0,1.0,1.0
0.1,165,2058,18529,locked_zero_threshold,0.0,,,,,0.43332074046089913,0.5141569020549245,0.42422394107598826,0.6646455223880597,0.3636682817217892,0.3571158724162124
0.1,165,2058,18529,adaptation_balanced_accuracy_threshold,-0.1642224115051536,,,,,0.4880997355496789,0.5117354738709026,0.45927579112609096,0.5557369402985075,0.4677340074432975,0.4623023368773274
0.1,165,2058,18529,adaptation_platt_probability_0.5,,0.030553509827364187,1.2088906200851564,0.17787688166676047,0.5410182012145619,0.7685789842948891,0.5,0.43457430576747025,0.0,1.0,1.0
0.1,166,2058,18529,locked_zero_threshold,0.0,,,,,0.43645096875168654,0.516845232574226,0.42706971408536876,0.6665111940298507,0.3671792711186012,0.35938258945436885
0.1,166,2058,18529,adaptation_balanced_accuracy_threshold,-0.020610946347431436,,,,,0.44406066166549735,0.5178839876088276,0.432824217703786,0.6553171641791045,0.38045081103855066,0.37217334988396567
0.1,166,2058,18529,adaptation_platt_probability_0.5,,-0.013048734737646069,1.1978214766226738,0.1778711078906903,0.5410036197981691,0.7685789842948891,0.5,0.43457430576747025,0.0,1.0,1.0
0.1,167,2058,18529,locked_zero_threshold,0.0,,,,,0.43456203788655623,0.5143124729470406,0.4251735384246955,0.6627798507462687,0.36584509514781266,0.3592206810945005
0.1,167,2058,18529,adaptation_balanced_accuracy_threshold,-0.07949244788256565,,,,,0.46133088671811756,0.5166504823811215,0.4444056846635026,0.6196361940298507,0.4136647707323924,0.405958227643154
0.1,167,2058,18529,adaptation_platt_probability_0.5,,-0.02494929017744504,1.1947622080109301,0.17788182408708508,0.5410329149573784,0.7685789842948891,0.5,0.43457430576747025,0.0,1.0,1.0
0.1,168,2058,18529,locked_zero_threshold,0.0,,,,,0.4355334880457661,0.5169818156295624,0.4264167777643948,0.6686100746268657,0.365353556632259,0.3574936585892385
0.1,168,2058,18529,adaptation_balanced_accuracy_threshold,-0.5259875466683815,,,,,0.5970640617410545,0.5022686903197306,0.49685840364858047,0.3257929104477612,0.6787444701917,0.6776944249554752
0.1,168,2058,18529,adaptation_platt_probability_0.5,,-0.056869890198967654,1.188159972179181,0.17793643034062828,0.5411819670977582,0.7685789842948891,0.5,0.43457430576747025,0.0,1.0,1.0
0.1,169,2058,18529,locked_zero_threshold,0.0,,,,,0.43607318257866046,0.5158660120636548,0.4265968648231594,0.6644123134328358,0.3673197106944737,0.3599762534405527
0.1,169,2058,18529,adaptation_balanced_accuracy_threshold,-0.02550151101981929,,,,,0.44535592854444384,0.5171782279748298,0.4335948886274288,0.6508861940298507,0.383470261919809,0.37551945598791087
0.1,169,2058,18529,adaptation_platt_probability_0.5,,0.0401642053770824,1.2115617413009883,0.17788765690103994,0.5410464651476558,0.7685789842948891,0.5,0.43457430576747025,0.0,1.0,1.0
0.1,170,2058,18529,locked_zero_threshold,0.0,,,,,0.4346160073398456,0.5155700015956661,0.42546062943602797,0.6662779850746269,0.36486201811670527,0.35765556694910683
0.1,170,2058,18529,adaptation_balanced_accuracy_threshold,0.17747596673855073,,,,,0.38032273733067085,0.5105654333792382,0.3796959340587699,0.7530317164179104,0.268099150340566,0.26320902369258997
0.1,170,2058,18529,adaptation_platt_probability_0.5,,0.016302447003917017,1.2054602256823546,0.17786712852396636,0.540992173591815,0.7685789842948891,0.5,0.43457430576747025,0.0,1.0,1.0
0.1,171,2058,18529,locked_zero_threshold,0.0,,,,,0.4351017324194506,0.514174604384859,0.4255441400659108,0.6613805970149254,0.3669686117547925,0.36040800906686815
0.1,171,2058,18529,adaptation_balanced_accuracy_threshold,-0.08190691419068363,,,,,0.4625182146904852,0.5160374921264752,0.445021188753347,0.6156716417910447,0.41640334246190575,0.4089805170273625
0.1,171,2058,18529,adaptation_platt_probability_0.5,,0.060795271396461396,1.2186951438126719,0.17792357397873215,0.5411422119694286,0.7685789842948891,0.5,0.43457430576747025,0.0,1.0,1.0
0.1,172,2058,18529,locked_zero_threshold,0.0,,,,,0.4352636407793189,0.5153393636541329,0.4258948400128636,0.6644123134328358,0.3662664138754301,0.35916671164121106
0.1,172,2058,18529,adaptation_balanced_accuracy_threshold,-0.066322730470388,,,,,0.45782287225430407,0.5168946713661522,0.44213709558023956,0.6268656716417911,0.4069236710905133,0.39910410707539534
0.1,172,2058,18529,adaptation_platt_probability_0.5,,0.03302318553174011,1.2101982496296366,0.17787933655887683,0.5410248942473742,0.7685789842948891,0.5,0.43457430576747025,0.0,1.0,1.0
0.1,173,2058,18529,locked_zero_threshold,0.0,,,,,0.4352636407793189,0.5156653419887083,0.4259591040900884,0.6653451492537313,0.3659855347236851,0.3587349560148956
0.1,173,2058,18529,adaptation_balanced_accuracy_threshold,-0.1694890267765693,,,,,0.4907442387608614,0.5128853965898337,0.4611690055299631,0.5541044776119403,0.471666315567727,0.46570241243456206
0.1,173,2058,18529,adaptation_platt_probability_0.5,,0.11227234854762505,1.2316509136267337,0.1780838043303533,0.5415636668404152,0.7685789842948891,0.5,0.43457430576747025,0.0,1.0,1.0
0.1,174,2058,18529,locked_zero_threshold,0.0,,,,,0.43542554913918724,0.5156891770869688,0.4260835536772143,0.6651119402985075,0.3662664138754301,0.35900480328134277
0.1,174,2058,18529,adaptation_balanced_accuracy_threshold,0.18756285185169114,,,,,0.3781639591990933,0.5108724238770337,0.3776980372964807,0.757929104477612,0.2638157432764553,0.2587835285228561
0.1,174,2058,18529,adaptation_platt_probability_0.5,,0.013858767321375129,1.204864762377935,0.1778662136392193,0.5409897751387657,0.7685789842948891,0.5,0.43457430576747025,0.0,1.0,1.0
0.1,175,2058,18529,locked_zero_threshold,0.0,,,,,0.4329969237411625,0.5138647481074718,0.42392666395942386,0.6644123134328358,0.363317182782108,0.35689999460305466
0.1,175,2058,18529,adaptation_balanced_accuracy_threshold,-0.10853960154954695,,,,,0.4674294349398241,0.5123869474514934,0.44714711562150505,0.5960820895522388,0.42869180535074786,0.422958605429327
0.1,175,2058,18529,adaptation_platt_probability_0.5,,0.08658514406953918,1.2236611518822214,0.17799091253604635,0.5413213820041858,0.7685789842948891,0.5,0.43457430576747025,0.0,1.0,1.0
0.1,176,2058,18529,locked_zero_threshold,0.0,,,,,0.4344001295266879,0.5154295620197936,0.42527305993055065,0.6662779850746269,0.3645811389649603,0.35743968913594903
0.1,176,2058,18529,adaptation_balanced_accuracy_threshold,0.01459170637459739,,,,,0.429111123104323,0.5149225974220953,0.42120918784517974,0.6746735074626866,0.3551716873815041,0.34826488207674455
0.1,176,2058,18529,adaptation_platt_probability_0.5,,0.03433611696727936,1.2097577386523601,0.1778807712762743,0.5410283814162848,0.7685789842948891,0.5,0.43457430576747025,0.0,1.0,1.0
0.1,177,2058,18529,locked_zero_threshold,0.0,,,,,0.4355334880457661,0.5168188264622747,0.426385022972489,0.668143656716418,0.36549399620813144,0.3577095364023962
0.1,177,2058,18529,adaptation_balanced_accuracy_threshold,0.09328795090872977,,,,,0.4056883803767068,0.5137019718266682,0.4023394699225488,0.714785447761194,0.3126184958921424,0.30627664741756166
0.1,177,2058,18529,adaptation_platt_probability_0.5,,-0.030209120405222428,1.193967968099477,0.17788832636964666,0.5410503699478795,0.7685789842948891,0.5,0.43457430576747025,0.0,1.0,1.0
0.1,178,2058,18529,locked_zero_threshold,0.0,,,,,0.4362350909385288,0.5168677821656411,0.4269145119386366,0.6669776119402985,0.3667579523909838,0.3589508338280533
0.1,178,2058,18529,adaptation_balanced_accuracy_threshold,0.460663997041505,,,,,0.3047655027254574,0.5017514007275609,0.2981345284865713,0.8684701492537313,0.13503265220139035,0.13422203033083274
0.1,178,2058,18529,adaptation_platt_probability_0.5,,0.02494751773820793,1.2083117377020707,0.17787212152464485,0.5410054971953052,0.7685789842948891,0.5,0.43457430576747025,0.0,1.0,1.0
0.1,179,2058,18529,locked_zero_threshold,0.0,,,,,0.43477791569971397,0.515430847526639,0.4255534364498308,0.6655783582089553,0.36528333684432274,0.35814129202871176
0.1,179,2058,18529,adaptation_balanced_accuracy_threshold,-0.10725846110139364,,,,,0.47050569377732204,0.5152846518277582,0.449925298533157,0.5986473880597015,0.4319219155958149,0.4248475362944573
0.1,179,2058,18529,adaptation_platt_probability_0.5,,0.03742392852571466,1.2113761617469736,0.17788447837199575,0.5410381861191855,0.7685789842948891,0.5,0.43457430576747025,0.0,1.0,1.0
0.1,180,2058,18529,locked_zero_threshold,0.0,,,,,0.4383938690701063,0.5189241345935165,0.4289162182948952,0.6688432835820896,0.3690049856049435,0.36024610070699986
0.1,180,2058,18529,adaptation_balanced_accuracy_threshold,-0.5265296244086848,,,,,0.5991688704193426,0.5027415357644053,0.4976366194920713,0.32322761194029853,0.6822554595885121,0.6809865616061309
0.1,180,2058,18529,adaptation_platt_probability_0.5,,-0.08826343460259754,1.1773200415389706,0.17802661717171078,0.5414263923936691,0.7685789842948891,0.5,0.43457430576747025,0.0,1.0,1.0
0.1,181,2058,18529,locked_zero_threshold,0.0,,,,,0.4368287549247126,0.5182319260030164,0.42762182521945646,0.6697761194029851,0.36668773260304754,0.35824923093529065
0.1,181,2058,18529,adaptation_balanced_accuracy_threshold,-0.28259763934451076,,,,,0.5264720168384694,0.5088274608760495,0.47749254524265194,0.4759794776119403,0.5416754441401587,0.5375897242160937
0.1,181,2058,18529,adaptation_platt_probability_0.5,,0.05561110788586973,1.2156047258236824,0.17791400837274549,0.5411146653599023,0.7685789842948891,0.5,0.43457430576747025,0.0,1.0,1.0
0.1,182,2058,18529,locked_zero_threshold,0.0,,,,,0.43731448000431755,0.5170810125431407,0.42775377296199574,0.6655783582089553,0.368583666877326,0.36067785633331534
0.1,182,2058,18529,adaptation_balanced_accuracy_threshold,-0.2510532298785717,,,,,0.51681148469966,0.5093883348818369,0.473293689580055,0.49556902985074625,0.5232076399129275,0.5188623239246587
0.1,182,2058,18529,adaptation_platt_probability_0.5,,-0.026078485612882372,1.1947901570983352,0.177883091501728,0.5410361154530795,0.7685789842948891,0.5,0.43457430576747025,0.0,1.0,1.0
0.1,183,2058,18529,locked_zero_threshold,0.0,,,,,0.436504938204976,0.5176952883046323,0.4272767706708168,0.6688432835820896,0.36654729302717504,0.3583571698418695
0.1,183,2058,18529,adaptation_balanced_accuracy_threshold,0.39517316337049013,,,,,0.3214420637918938,0.5079551666960123,0.31766816624362937,0.8551772388059702,0.16073309458605434,0.1570511090722651
0.1,183,2058,18529,adaptation_platt_probability_0.5,,-0.06100071448711683,1.185620104276687,0.177946328263796,0.5412100474881182,0.7685789842948891,0.5,0.43457430576747025,0.0,1.0,1.0
0.1,184,2058,18529,locked_zero_threshold,0.0,,,,,0.4361271520319499,0.5167975623777049,0.42682082272093236,0.6669776119402985,0.3666175128151113,0.3588428949214744
0.1,184,2058,18529,adaptation_balanced_accuracy_threshold,0.030658366143891613,,,,,0.42544120028064114,0.5162838754798789,0.41863390655176125,0.6854011194029851,0.3471666315567727,0.33962976955043445
0.1,184,2058,18529,adaptation_platt_probability_0.5,,-0.07409546329360502,1.1823016224800194,0.17798101082219764,0.5413038841505705,0.7685789842948891,0.5,0.43457430576747025,0.0,1.0,1.0
0.1,185,2058,18529,locked_zero_threshold,0.0,,,,,0.43591127421879217,0.5157606823817504,0.42645649731301094,0.6644123134328358,0.36710905133066496,0.35981434508068433
0.1,185,2058,18529,adaptation_balanced_accuracy_threshold,0.22578481786055057,,,,,0.3676399158076529,0.5101380883265366,0.3675915739078127,0.7754197761194029,0.2448564005336704,0.2401640671379999
0.1,185,2058,18529,adaptation_platt_probability_0.5,,0.050384463548065764,1.213847305821574,0.17790313469948993,0.5410874973701413,0.7685789842948891,0.5,0.43457430576747025,0.0,1.0,1.0
0.1,186,2058,18529,locked_zero_threshold,0.0,,,,,0.43407631280695125,0.5145669459868343,0.4248643533635492,0.6644123134328358,0.3647215785408328,0.3579793836688434
0.1,186,2058,18529,adaptation_balanced_accuracy_threshold,0.03166551383691574,,,,,0.4236062388688003,0.5142751932485246,0.4168733499811527,0.6830690298507462,0.3454813566463029,0.33887419720438233
0.1,186,2058,18529,adaptation_platt_probability_0.5,,0.05020638812886019,1.2145331604263516,0.17790393574711416,0.5410894799066093,0.7685789842948891,0.5,0.43457430576747025,0.0,1.0,1.0
0.1,187,2058,18529,locked_zero_threshold,0.0,,,,,0.4345080684332668,0.5153367926404422,0.42533502192553263,0.6658115671641791,0.36486201811670527,0.35776350585568567
0.1,187,2058,18529,adaptation_balanced_accuracy_threshold,-0.07780925277130202,,,,,0.4605753143720654,0.5166479113674308,0.44390618879305616,0.621035447761194,0.4122603749736676,0.4045550218576286
0.1,187,2058,18529,adaptation_platt_probability_0.5,,0.06923721696314941,1.2194014754579905,0.1779428427720743,0.5411921510520252,0.7685789842948891,0.5,0.43457430576747025,0.0,1.0,1.0
0.1,188,2058,18529,locked_zero_threshold,0.0,,,,,0.4355334880457661,0.5151889347893983,0.4260642900252862,0.6634794776119403,0.36689839196685625,0.3598683145339738
0.1,188,2058,18529,adaptation_balanced_accuracy_threshold,0.05190196089521265,,,,,0.4175616601003832,0.5127877226334098,0.4118938254150375,0.6900652985074627,0.3355101467593568,0.32959145123859895
0.1,188,2058,18529,adaptation_platt_probability_0.5,,0.07958584557660094,1.2238649095223955,0.17796901165545745,0.5412644560628129,0.7685789842948891,0.5,0.43457430576747025,0.0,1.0,1.0
0.1,189,2058,18529,locked_zero_threshold,0.0,,,,,0.43628906039181825,0.5169028920596093,0.42696135342304786,0.6669776119402985,0.36682817217892,0.35900480328134277
0.1,189,2058,18529,adaptation_balanced_accuracy_threshold,-0.05777798901186548,,,,,0.4565276053753575,0.5184968714202319,0.44166597603188495,0.6338619402985075,0.4031318025419563,0.3945706729990825
0.1,189,2058,18529,adaptation_platt_probability_0.5,,-0.05682272150439118,1.1871371653474814,0.1779361087836884,0.5411811517538496,0.7685789842948891,0.5,0.43457430576747025,0.0,1.0,1.0
0.1,190,2058,18529,locked_zero_threshold,0.0,,,,,0.436504938204976,0.5167988478845503,0.4271004327915566,0.6662779850746269,0.3673197106944737,0.35954449781423714
0.1,190,2058,18529,adaptation_balanced_accuracy_threshold,-0.06867654550436059,,,,,0.46019752819903936,0.5188469796189685,0.44422661855185586,0.6280317164179104,0.40966224282002667,0.4009390684872362
0.1,190,2058,18529,adaptation_platt_probability_0.5,,-0.0572763647779723,1.1862491253537306,0.17793739376729517,0.5411841547376254,0.7685789842948891,0.5,0.43457430576747025,0.0,1.0,1.0
0.1,191,2058,18529,locked_zero_threshold,0.0,,,,,0.4355334880457661,0.5168188264622747,0.426385022972489,0.668143656716418,0.36549399620813144,0.3577095364023962
0.1,191,2058,18529,adaptation_balanced_accuracy_threshold,-0.06829862211741838,,,,,0.4590102002266717,0.5184005402862453,0.44331727876939575,0.628964552238806,0.40783652833368444,0.3993199848885531
0.1,191,2058,18529,adaptation_platt_probability_0.5,,-0.021230027344589307,1.1960576292627227,0.1778779819879733,0.5410222632111612,0.7685789842948891,0.5,0.43457430576747025,0.0,1.0,1.0
0.1,192,2058,18529,locked_zero_threshold,0.0,,,,,0.43704463273787036,0.518698343913464,0.42787304634381984,0.6707089552238806,0.36668773260304754,0.35803335312213286
0.1,192,2058,18529,adaptation_balanced_accuracy_threshold,0.8639208052007689,,,,,0.2511198661557558,0.4994499995807774,0.22182643104135386,0.9617537313432836,0.03714626781827119,0.037400831129580654
0.1,192,2058,18529,adaptation_platt_probability_0.5,,-0.09971561590376984,1.1771511170390998,0.17806743715050435,0.5415416632786776,0.7685789842948891,0.5,0.43457430576747025,0.0,1.0,1.0
0.1,193,2058,18529,locked_zero_threshold,0.0,,,,,0.4324572292082681,0.5130246816659277,0.4233624592890287,0.6630130597014925,0.36303630363036304,0.35700793350963356
0.1,193,2058,18529,adaptation_balanced_accuracy_threshold,-0.08528760725298384,,,,,0.4612769172648281,0.51547444831614,0.44405712926747476,0.6163712686567164,0.4145776279755635,0.4074154028819688
0.1,193,2058,18529,adaptation_platt_probability_0.5,,0.13571576077838887,1.237231586990946,0.1781926031998493,0.5418530584671537,0.7685789842948891,0.5,0.43457430576747025,0.0,1.0,1.0
0.1,194,2058,18529,locked_zero_threshold,0.0,,,,,0.4348318851530034,0.5165253870079768,0.42580677479731216,0.6686100746268657,0.36444069938908785,0.3567920556964758
0.1,194,2058,18529,adaptation_balanced_accuracy_threshold,0.2317718374696009,,,,,0.36666846564844296,0.5124399152462881,0.3666589025483692,0.7838152985074627,0.2410645319851134,0.23530681634195047
0.1,194,2058,18529,adaptation_platt_probability_0.5,,-0.048015674537421525,1.1896935098322605,0.1779174748873886,0.5411298732864126,0.7685789842948891,0.5,0.43457430576747025,0.0,1.0,1.0
0.1,195,2058,18529,locked_zero_threshold,0.0,,,,,0.4345080684332668,0.5152552980567984,0.42531908670748164,0.6655783582089553,0.3649322379046415,0.35787144476226457
0.1,195,2058,18529,adaptation_balanced_accuracy_threshold,-0.06476860319897537,,,,,0.45722920826812025,0.5174863975362287,0.44188799075010654,0.6296641791044776,0.4053086159679798,0.397215176210265
0.1,195,2058,18529,adaptation_platt_probability_0.5,,-0.04025429010741614,1.1911805884853588,0.17790342793649264,0.5410921819525747,0.7685789842948891,0.5,0.43457430576747025,0.0,1.0,1.0
0.1,196,2058,18529,locked_zero_threshold,0.0,,,,,0.4351017324194506,0.5151525393885847,0.42573829364604376,0.664179104477612,0.3661259742995576,0.35911274218792166
0.1,196,2058,18529,adaptation_balanced_accuracy_threshold,0.015379962496428978,,,,,0.43008257326353283,0.5147396296770833,0.42191073168203264,0.6723414179104478,0.35713784144371885,0.3503157213017432
0.1,196,2058,18529,adaptation_platt_probability_0.5,,-0.02011047632793164,1.195807365293819,0.17787683531250312,0.5410194161426265,0.7685789842948891,0.5,0.43457430576747025,0.0,1.0,1.0
0.1,197,2058,18529,locked_zero_threshold,0.0,,,,,0.43731448000431755,0.5173254962940721,0.42780242507090593,0.6662779850746269,0.3683730075135173,0.3603540396135787
0.1,197,2058,18529,adaptation_balanced_accuracy_threshold,-0.30799326735631716,,,,,0.5339198013924119,0.5059306407974872,0.47930270438002,0.45382462686567165,0.5580366547293028,0.5552917048950294
0.1,197,2058,18529,adaptation_platt_probability_0.5,,-0.010929128370331625,1.19838488697643,0.17786975748030698,0.5409998424081272,0.7685789842948891,0.5,0.43457430576747025,0.0,1.0,1.0
0.1,198,2058,18529,locked_zero_threshold,0.0,,,,,0.43407631280695125,0.5150559134886972,0.4249599071805622,0.6658115671641791,0.36430025981321534,0.3573317502293702
0.1,198,2058,18529,adaptation_balanced_accuracy_threshold,-0.18298359302235223,,,,,0.4936046197852016,0.5096935567842271,0.4615936631334212,0.5396455223880597,0.4797415911803946,0.4752550056667926
0.1,198,2058,18529,adaptation_platt_probability_0.5,,0.09318206993036841,1.2262040717435767,0.17801290821390608,0.5413763066882885,0.7685789842948891,0.5,0.43457430576747025,0.0,1.0,1.0
0.1,199,2058,18529,locked_zero_threshold,0.0,,,,,0.43542554913918724,0.5167486066743385,0.4262912223341244,0.668143656716418,0.365353556632259,0.3576015974958174
0.1,199,2058,18529,adaptation_balanced_accuracy_threshold,-0.11155582228854327,,,,,0.4709374494036375,0.5149950688939964,0.45011063720956795,0.5970149253731343,0.43297521241485853,0.42603486426682496
0.1,199,2058,18529,adaptation_platt_probability_0.5,,-0.005092275055970551,1.200038309988482,0.177866851507968,0.5409919097891555,0.7685789842948891,0.5,0.43457430576747025,0.0,1.0,1.0
0.1,200,2058,18529,locked_zero_threshold,0.0,,,,,0.4349937935128717,0.515815770853443,0.42578879514652956,0.6662779850746269,0.365353556632259,0.35803335312213286
0.1,200,2058,18529,adaptation_balanced_accuracy_threshold,-0.07925420675288564,,,,,0.4614388256246964,0.5177801317564275,0.4447749840751933,0.6226679104477612,0.41289235306509375,0.40466296076420744
0.1,200,2058,18529,adaptation_platt_probability_0.5,,-0.0793482538130802,1.182460018788462,0.17799716278267363,0.5413493247286711,0.7685789842948891,0.5,0.43457430576747025,0.0,1.0,1.0
0.2,1,4117,16470,locked_zero_threshold,0.0,,,,,0.4380085003035823,0.5184995168981388,0.4285402402475573,0.6683285226974547,0.368670511098823,0.36010928961748634
0.2,1,4117,16470,adaptation_balanced_accuracy_threshold,-0.11169709554482221,,,,,0.4745598057073467,0.5165089253879838,0.4528046864803533,0.5945945945945946,0.43842325618137296,0.4307832422586521
0.2,1,4117,16470,adaptation_platt_probability_0.5,,-0.034303950283728776,1.1911241330503082,0.1778833153595299,0.5410448208725597,0.7686095931997571,0.5,0.4345840914552508,0.0,1.0,1.0
0.2,2,4117,16470,locked_zero_threshold,0.0,,,,,0.43503339404978747,0.5162890302474021,0.4259033941239213,0.6675413277355025,0.3650367327593017,0.35749848208864604
0.2,2,4117,16470,adaptation_balanced_accuracy_threshold,-0.08161492668362613,,,,,0.46229508196721314,0.5178839721844928,0.4453592653159266,0.6213592233009708,0.41440872106801485,0.4061323618700668
0.2,2,4117,16470,adaptation_platt_probability_0.5,,-0.02938075386337881,1.1929965969578182,0.17787486126768504,0.5410224830643195,0.7686095931997571,0.5,0.4345840914552508,0.0,1.0,1.0
0.2,3,4117,16470,locked_zero_threshold,0.0,,,,,0.43515482695810564,0.5169182348467665,0.42611587736667716,0.669115717659407,0.3647207520341259,0.3568913175470553
0.2,3,4117,16470,adaptation_balanced_accuracy_threshold,-0.08500354961724599,,,,,0.46217364905889496,0.5176215738638421,0.4452097130242826,0.6208344266596694,0.41440872106801485,0.40625379477838497
0.2,3,4117,16470,adaptation_platt_probability_0.5,,0.023983090095101484,1.2060097774133058,0.17785688301338912,0.5409716325704623,0.7686095931997571,0.5,0.4345840914552508,0.0,1.0,1.0
0.2,4,4117,16470,locked_zero_threshold,0.0,,,,,0.43618700667880994,0.518506709584549,0.4271911630648123,0.6717397008659145,0.3652737183031835,0.35670916818457804
0.2,4,4117,16470,adaptation_balanced_accuracy_threshold,0.23655598658538435,,,,,0.366120218579235,0.5130000759274073,0.3661171900848163,0.7864077669902912,0.23959238486452328,0.23357619914996963
0.2,4,4117,16470,adaptation_platt_probability_0.5,,-0.0778526992580605,1.181562839531976,0.17800198783825946,0.5413720970102559,0.7686095931997571,0.5,0.4345840914552508,0.0,1.0,1.0
0.2,5,4117,16470,locked_zero_threshold,0.0,,,,,0.4336976320582878,0.5162453973802744,0.42490056709682067,0.6699029126213593,0.3625878821391895,0.3550698239222829
0.2,5,4117,16470,adaptation_balanced_accuracy_threshold,-0.0557557752722716,,,,,0.4528840315725562,0.517355641384595,0.43889004410616145,0.6373655208606664,0.39734576190852355,0.3893139040680024
0.2,5,4117,16470,adaptation_platt_probability_0.5,,0.025061972659303645,1.2063842502661264,0.17785797390420297,0.5409745234055332,0.7686095931997571,0.5,0.4345840914552508,0.0,1.0,1.0
0.2,6,4117,16470,locked_zero_threshold,0.0,,,,,0.4341833636915604,0.5153692576996309,0.4250932267733881,0.6664917344528996,0.36424678094636226,0.35713418336369157
0.2,6,4117,16470,adaptation_balanced_accuracy_threshold,0.027655620251789137,,,,,0.4245901639344262,0.5148141356974705,0.4177200279195308,0.6827604303332458,0.3468678410616952,0.3400121432908318
0.2,6,4117,16470,adaptation_platt_probability_0.5,,0.054055002760207735,1.2143799429847255,0.177905260016397,0.5411004380158652,0.7686095931997571,0.5,0.4345840914552508,0.0,1.0,1.0
0.2,7,4117,16470,locked_zero_threshold,0.0,,,,,0.43752276867030965,0.5175416251852143,0.4279916987947081,0.6664917344528996,0.36859151591752903,0.3604735883424408
0.2,7,4117,16470,adaptation_balanced_accuracy_threshold,-0.09090186422842894,,,,,0.46672738312082573,0.5177411445023343,0.44821186895897924,0.6127000787194962,0.4227822102851726,0.4145719489981785
0.2,7,4117,16470,adaptation_platt_probability_0.5,,-0.03206307968090355,1.1919261200905762,0.1778792131364679,0.5410343119323562,0.7686095931997571,0.5,0.4345840914552508,0.0,1.0,1.0
0.2,8,4117,16470,locked_zero_threshold,0.0,,,,,0.4366727383120826,0.5173554651948703,0.42732705766329315,0.6675413277355025,0.3671696026542381,0.3591378263509411
0.2,8,4117,16470,adaptation_balanced_accuracy_threshold,-0.05285873367471744,,,,,0.45500910746812384,0.5192882664753095,0.4408154061947126,0.638939910784571,0.3996366221660479,0.3907103825136612
0.2,8,4117,16470,adaptation_platt_probability_0.5,,0.026205089827679207,1.2074273375802103,0.1778591720598387,0.5409775495230285,0.7686095931997571,0.5,0.4345840914552508,0.0,1.0,1.0
0.2,9,4117,16470,locked_zero_threshold,0.0,,,,,0.43266545233758347,0.513097995957959,0.42352407832585076,0.6628181579637891,0.3633778339521289,0.3573163327261688
0.2,9,4117,16470,adaptation_balanced_accuracy_threshold,0.10109197876025278,,,,,0.39817850637522767,0.5079032595700196,0.39533216783216785,0.7121490422461296,0.3036574768939095,0.3
0.2,9,4117,16470,adaptation_platt_probability_0.5,,0.020171199230368312,1.2054778157114037,0.17785363300457213,0.5409635632135772,0.7686095931997571,0.5,0.4345840914552508,0.0,1.0,1.0
0.2,10,4117,16470,locked_zero_threshold,0.0,,,,,0.4341833636915604,0.5136269278757413,0.42475097139094253,0.6615061663605353,0.36574768939094715,0.3594414086217365
0.2,10,4117,16470,adaptation_balanced_accuracy_threshold,-0.06160909975088241,,,,,0.45634486945962355,0.516580852252085,0.44105527848687986,0.6287063762791918,0.40445532822497826,0.3967820279295689
0.2,10,4117,16470,adaptation_platt_probability_0.5,,0.0434337710002958,1.2112775161210392,0.17788232987372438,0.5410410037324009,0.7686095931997571,0.5,0.4345840914552508,0.0,1.0,1.0
0.2,11,4117,16470,locked_zero_threshold,0.0,,,,,0.43673345476624165,0.5177617690642309,0.427451880257386,0.6685909210181055,0.36693261711035624,0.3587128111718276
0.2,11,4117,16470,adaptation_balanced_accuracy_threshold,-0.2493666201501098,,,,,0.5158469945355191,0.51026302037402,0.4732027025309802,0.4998688008396746,0.5206572399083655,0.5159077109896782
0.2,11,4117,16470,adaptation_platt_probability_0.5,,0.017445119752122366,1.2044532804166146,0.17785198839299204,0.5409587725907523,0.7686095931997571,0.5,0.4345840914552508,0.0,1.0,1.0
0.2,12,4117,16470,locked_zero_threshold,0.0,,,,,0.43855494839101394,0.5195886077713888,0.4291593006646712,0.6704277092626607,0.36874950628011693,0.3596842744383728
0.2,12,4117,16470,adaptation_balanced_accuracy_threshold,0.2311771506847173,,,,,0.370066788099575,0.5147421051923547,0.3700339011264574,0.7840461821044346,0.24543802828027492,0.23861566484517305
0.2,12,4117,16470,adaptation_platt_probability_0.5,,-0.0937981514049269,1.1772520990681847,0.17806654176956385,0.541548655493198,0.7686095931997571,0.5,0.4345840914552508,0.0,1.0,1.0
0.2,13,4117,16470,locked_zero_threshold,0.0,,,,,0.4365513054037644,0.5203026218129637,0.42780729500175513,0.6762004723169772,0.36440477130895016,0.35500910746812386
0.2,13,4117,16470,adaptation_balanced_accuracy_threshold,1.0028058399837625,,,,,0.24231936854887676,0.49894812661507676,0.20748453798796257,0.9766465494620834,0.021249703768070147,0.021736490588949605
0.2,13,4117,16470,adaptation_platt_probability_0.5,,-0.08653692362088278,1.1805017543170964,0.17803646488090613,0.5414656281006511,0.7686095931997571,0.5,0.4345840914552508,0.0,1.0,1.0
0.2,14,4117,16470,locked_zero_threshold,0.0,,,,,0.4329690346083789,0.5150378137350835,0.4241254838784666,0.6678037260561532,0.3622719014140137,0.3553126897389193
0.2,14,4117,16470,adaptation_balanced_accuracy_threshold,-0.08240502366650826,,,,,0.4597449908925319,0.5165001780863554,0.44330884475711485,0.6221464182629232,0.4108539379097875,0.4032179720704311
0.2,14,4117,16470,adaptation_platt_probability_0.5,,0.009016429941118943,1.2024272759323344,0.17784875258660257,0.5409503864180922,0.7686095931997571,0.5,0.4345840914552508,0.0,1.0,1.0
0.2,15,4117,16470,locked_zero_threshold,0.0,,,,,0.43466909532483305,0.5170607619699827,0.42578171561256906,0.6704277092626607,0.36369381467730466,0.35579842137219186
0.2,15,4117,16470,adaptation_balanced_accuracy_threshold,-0.11873812498484193,,,,,0.4729204614450516,0.5142503700346963,0.45111130576673636,0.5911834164261349,0.43731732364325776,0.430722525804493
0.2,15,4117,16470,adaptation_platt_probability_0.5,,0.020778573958022226,1.2053624122175306,0.17785416786486144,0.5409647126403146,0.7686095931997571,0.5,0.4345840914552508,0.0,1.0,1.0
0.2,16,4117,16470,locked_zero_threshold,0.0,,,,,0.4336976320582878,0.5148698738350983,0.4246353636675264,0.665966937811598,0.3637728098585986,0.3568913175470553
0.2,16,4117,16470,adaptation_balanced_accuracy_threshold,-0.06116365172080568,,,,,0.4554948391013965,0.5172200063888467,0.4406399550545601,0.6321175544476515,0.4023224583300419,0.39435336976320584
0.2,16,4117,16470,adaptation_platt_probability_0.5,,0.05330575525582005,1.2140215879274503,0.1779024680065784,0.5410952067396989,0.7686095931997571,0.5,0.4345840914552508,0.0,1.0,1.0
0.2,17,4117,16470,locked_zero_threshold,0.0,,,,,0.43582270795385547,0.5169859020651695,0.4266249882207267,0.668066124376804,0.36590567975353505,0.3580449301760777
0.2,17,4117,16470,adaptation_balanced_accuracy_threshold,-0.08706681615247158,,,,,0.46357012750455373,0.5171544949035465,0.4460011790751296,0.6168984518499082,0.41741053795718464,0.40947176684881603
0.2,17,4117,16470,adaptation_platt_probability_0.5,,0.039652543692766246,1.2103810446045646,0.1778761844193919,0.5410230579616394,0.7686095931997571,0.5,0.4345840914552508,0.0,1.0,1.0
0.2,18,4117,16470,locked_zero_threshold,0.0,,,,,0.4356405585913783,0.5148499747603037,0.4260684440841491,0.6622933613224875,0.3674065881981199,0.36053430479659987
0.2,18,4117,16470,adaptation_balanced_accuracy_threshold,-0.0655772344643007,,,,,0.45792349726775955,0.5165073707727654,0.44209701482389463,0.6255575964313829,0.40745714511414804,0.3998178506375228
0.2,18,4117,16470,adaptation_platt_probability_0.5,,0.037995406186612374,1.2108176729933289,0.1778739760694946,0.5410174157109001,0.7686095931997571,0.5,0.4345840914552508,0.0,1.0,1.0
0.2,19,4117,16470,locked_zero_threshold,0.0,,,,,0.4370977534911961,0.5175402467597208,0.4276777199591399,0.6672789294148518,0.36780156410458964,0.3596842744383728
0.2,19,4117,16470,adaptation_balanced_accuracy_threshold,-0.05362419640255167,,,,,0.4552519732847602,0.5191711521288621,0.44095341189904425,0.6381527158226188,0.40018958843510544,0.39131754705525196
0.2,19,4117,16470,adaptation_platt_probability_0.5,,0.00976241811375466,1.202665289700856,0.17784892376951691,0.5409507441125783,0.7686095931997571,0.5,0.4345840914552508,0.0,1.0,1.0
0.2,20,4117,16470,locked_zero_threshold,0.0,,,,,0.43570127504553735,0.5156230849083779,0.42626695745488435,0.6643925478876935,0.36685362192906235,0.35962355798421375
0.2,20,4117,16470,adaptation_balanced_accuracy_threshold,-0.07502073460401992,,,,,0.46035215543412267,0.5160698398657193,0.44359786505089976,0.6197848333770664,0.41235484635437236,0.40491803278688526
0.2,20,4117,16470,adaptation_platt_probability_0.5,,-0.006722337926235472,1.1984396235439154,0.17785141848077096,0.5409579585721666,0.7686095931997571,0.5,0.4345840914552508,0.0,1.0,1.0
0.2,21,4117,16470,locked_zero_threshold,0.0,,,,,0.4355798421372192,0.5143519693212648,0.4259241236404249,0.6609813697192338,0.3677225689232957,0.3610807528840316
0.2,21,4117,16470,adaptation_balanced_accuracy_threshold,-0.22339441865722665,,,,,0.5072859744990893,0.5079951166012198,0.4680502957711925,0.5093151403831016,0.506675092819338,0.5029751062537948
0.2,21,4117,16470,adaptation_platt_probability_0.5,,0.009547937410027983,1.2028056314644715,0.17784883904615909,0.5409505953434691,0.7686095931997571,0.5,0.4345840914552508,0.0,1.0,1.0
0.2,22,4117,16470,locked_zero_threshold,0.0,,,,,0.4356405585913783,0.5156752888874094,0.42623245831943457,0.6646549462083443,0.36669563156647444,0.3594414086217365
0.2,22,4117,16470,adaptation_balanced_accuracy_threshold,-0.08565537857367622,,,,,0.46375227686703097,0.5171812861058089,0.44612739269793517,0.6166360535292574,0.4177265186823604,0.4097753491196114
0.2,22,4117,16470,adaptation_platt_probability_0.5,,-0.06935426457808933,1.1821316955290149,0.1779722366988238,0.5412908254380678,0.7686095931997571,0.5,0.4345840914552508,0.0,1.0,1.0
0.2,23,4117,16470,locked_zero_threshold,0.0,,,,,0.4355798421372192,0.5158191944361192,0.4262160301830107,0.6651797428496458,0.36645864602259265,0.3591378263509411
0.2,23,4117,16470,adaptation_balanced_accuracy_threshold,0.26466483369413996,,,,,0.3573163327261688,0.5102073755133054,0.35724541575305574,0.7948045132511152,0.2256102377754957,0.22088646023072253
0.2,23,4117,16470,adaptation_platt_probability_0.5,,0.03289032476036179,1.2088087815024255,0.17786618560469214,0.5409973144900687,0.7686095931997571,0.5,0.4345840914552508,0.0,1.0,1.0
0.2,24,4117,16470,locked_zero_threshold,0.0,,,,,0.43503339404978747,0.5157388208293316,0.42579586110639345,0.665966937811598,0.36551070384706535,0.3582270795385549
0.2,24,4117,16470,adaptation_balanced_accuracy_threshold,-0.06103303279873368,,,,,0.4556769884638737,0.5167882897427172,0.4406560340479658,0.630543164523747,0.4030334149616873,0.39526411657559196
0.2,24,4117,16470,adaptation_platt_probability_0.5,,0.010838635920554292,1.2028692636641636,0.17784913804159105,0.5409513841583328,0.7686095931997571,0.5,0.4345840914552508,0.0,1.0,1.0
0.2,25,4117,16470,locked_zero_threshold,0.0,,,,,0.43649058894960535,0.5182456896893918,0.42736630740323006,0.6704277092626607,0.3660636701161229,0.35761991499696416
0.2,25,4117,16470,adaptation_balanced_accuracy_threshold,0.36739703668550355,,,,,0.3289617486338798,0.5093687020594236,0.3263577422915766,0.8451849908160588,0.17355241330278853,0.1692167577413479
0.2,25,4117,16470,adaptation_platt_probability_0.5,,-0.01579727640672361,1.1962827290312237,0.17785806870163356,0.5409762540743321,0.7686095931997571,0.5,0.4345840914552508,0.0,1.0,1.0
0.2,26,4117,16470,locked_zero_threshold,0.0,,,,,0.43491196114146935,0.5167602444841786,0.42590464743139894,0.669115717659407,0.36440477130895016,0.3566484517304189
0.2,26,4117,16470,adaptation_balanced_accuracy_threshold,-0.22092774817864969,,,,,0.5052216150576806,0.5086696330521476,0.46728811213167165,0.515087903437418,0.5022513626668773,0.49823922282938676
0.2,26,4117,16470,adaptation_platt_probability_0.5,,0.061980049460472315,1.216824164058876,0.17792609643619264,0.5411534426543848,0.7686095931997571,0.5,0.4345840914552508,0.0,1.0,1.0
0.2,27,4117,16470,locked_zero_threshold,0.0,,,,,0.4355191256830601,0.5156879952757938,0.426145254537184,0.664917344528995,0.36645864602259265,0.35919854280510016
0.2,27,4117,16470,adaptation_balanced_accuracy_threshold,0.028045627649345983,,,,,0.42568306010928963,0.5153416891897592,0.41865421078694487,0.6822356336919444,0.34844774468757406,0.3413479052823315
0.2,27,4117,16470,adaptation_platt_probability_0.5,,0.01676734784854137,1.2046205489544162,0.17785156691897422,0.5409579360412425,0.7686095931997571,0.5,0.4345840914552508,0.0,1.0,1.0
0.2,28,4117,16470,locked_zero_threshold,0.0,,,,,0.43618700667880994,0.5167643797606594,0.4268513363028953,0.6667541327735502,0.3667746267477684,0.3590163934426229
0.2,28,4117,16470,adaptation_balanced_accuracy_threshold,-0.07800368823604453,,,,,0.461445051608986,0.5173310059154352,0.44465222255358927,0.6213592233009708,0.41330278852989966,0.40528233151183973
0.2,28,4117,16470,adaptation_platt_probability_0.5,,-0.006533820784220663,1.1985561041083281,0.17785131434930307,0.5409576743856868,0.7686095931997571,0.5,0.4345840914552508,0.0,1.0,1.0
0.2,29,4117,16470,locked_zero_threshold,0.0,,,,,0.4352762598664238,0.5147963923557788,0.42578932808973635,0.6628181579637891,0.3667746267477684,0.3599271402550091
0.2,29,4117,16470,adaptation_balanced_accuracy_threshold,-0.23753396009058325,,,,,0.5098967820279295,0.5065756596299738,0.46874331512722245,0.5003935974809761,0.5127577217789715,0.5097146326654524
0.2,29,4117,16470,adaptation_platt_probability_0.5,,0.024404243380468094,1.2063901458399335,0.1778570348399575,0.540972369284365,0.7686095931997571,0.5,0.4345840914552508,0.0,1.0,1.0
0.2,30,4117,16470,locked_zero_threshold,0.0,,,,,0.4347298117789921,0.5137990030522072,0.4251880325875568,0.6609813697192338,0.3666166363851805,0.3602307225258045
0.2,30,4117,16470,adaptation_balanced_accuracy_threshold,-0.005904454126422265,,,,,0.43752276867030965,0.5147905780948622,0.4274363523965929,0.658619784833377,0.37096137135634727,0.3641165755919854
0.2,30,4117,16470,adaptation_platt_probability_0.5,,0.04736791209733662,1.212696221237681,0.17788994565154972,0.5410601047044586,0.7686095931997571,0.5,0.4345840914552508,0.0,1.0,1.0
0.2,31,4117,16470,locked_zero_threshold,0.0,,,,,0.43776563448694594,0.5181581233961942,0.4282932827022883,0.6678037260561532,0.3685125207362351,0.36010928961748634
0.2,31,4117,16470,adaptation_balanced_accuracy_threshold,-0.10430544503545625,,,,,0.47152398299939285,0.5173767945156658,0.4511667097933748,0.6027289425347678,0.4320246464965637,0.42398299939283546
0.2,31,4117,16470,adaptation_platt_probability_0.5,,-0.05770926783178547,1.1854995117426992,0.1779363090138185,0.5411903171308197,0.7686095931997571,0.5,0.4345840914552508,0.0,1.0,1.0
0.2,32,4117,16470,locked_zero_threshold,0.0,,,,,0.4345476624165149,0.5145975259770503,0.4252119949186356,0.6636053529257413,0.36558969902835925,0.3588342440801457
0.2,32,4117,16470,adaptation_balanced_accuracy_threshold,0.010787188194612107,,,,,0.4306010928961749,0.5144144233966357,0.4222340490221439,0.6704277092626607,0.35840113753061065,0.3517304189435337
0.2,32,4117,16470,adaptation_platt_probability_0.5,,-0.0038023995828759607,1.1992874992084146,0.1778500633018633,0.5409542124158035,0.7686095931997571,0.5,0.4345840914552508,0.0,1.0,1.0
0.2,33,4117,16470,locked_zero_threshold,0.0,,,,,0.43485124468731023,0.5158037311967476,0.42567356151687424,0.6664917344528996,0.3651157279405956,0.3578020643594414
0.2,33,4117,16470,adaptation_balanced_accuracy_threshold,-0.017092143696588902,,,,,0.44177292046144506,0.5171886031614366,0.4310216096026138,0.6575701915507741,0.3768070147720989,0.36885245901639346
0.2,33,4117,16470,adaptation_platt_probability_0.5,,-0.027486479373776317,1.1934521520752903,0.17787208764138354,0.5410147930154641,0.7686095931997571,0.5,0.4345840914552508,0.0,1.0,1.0
0.2,34,4117,16470,locked_zero_threshold,0.0,,,,,0.4369156041287189,0.5161379320122821,0.4272643800895074,0.6636053529257413,0.368670511098823,0.36120218579234975
0.2,34,4117,16470,adaptation_balanced_accuracy_threshold,-0.1266503262724395,,,,,0.4766848816029144,0.5127560531586371,0.45294461823313537,0.5799002886381527,0.44561181767912156,0.4397085610200364
0.2,34,4117,16470,adaptation_platt_probability_0.5,,0.06394108363895835,1.2170786029456104,0.17792845425887305,0.5411637819295309,0.7686095931997571,0.5,0.4345840914552508,0.0,1.0,1.0
0.2,35,4117,16470,locked_zero_threshold,0.0,,,,,0.4345476624165149,0.5152394369647991,0.42533813600970427,0.6654421411702965,0.3650367327593017,0.35798421372191863
0.2,35,4117,16470,adaptation_balanced_accuracy_threshold,0.007228099792753129,,,,,0.4319368548876746,0.5150082656818338,0.42334833216575957,0.6696405143007085,0.3603760170629592,0.35343047965998786
0.2,35,4117,16470,adaptation_platt_probability_0.5,,0.024015073397358623,1.2061643619263838,0.17785675339334034,0.5409716178036545,0.7686095931997571,0.5,0.4345840914552508,0.0,1.0,1.0
0.2,36,4117,16470,locked_zero_threshold,0.0,,,,,0.4365513054037644,0.5174598731529332,0.42725772610896795,0.668066124376804,0.36685362192906235,0.35877352762598663
0.2,36,4117,16470,adaptation_balanced_accuracy_threshold,-0.06457171052716976,,,,,0.45901639344262296,0.5196025682160494,0.4436175774862343,0.6323799527683023,0.4068251836637965,0.39775349119611414
0.2,36,4117,16470,adaptation_platt_probability_0.5,,0.0027914396785471253,1.200944636159635,0.17784844373189265,0.5409496736596664,0.7686095931997571,0.5,0.4345840914552508,0.0,1.0,1.0
0.2,37,4117,16470,locked_zero_threshold,0.0,,,,,0.4372191863995143,0.5157852105474465,0.42741647542001987,0.6620309630018368,0.3695394580930563,0.36223436551305405
0.2,37,4117,16470,adaptation_balanced_accuracy_threshold,-0.21078175494118756,,,,,0.5026108075288404,0.5067878335149711,0.46520158751155294,0.5145631067961165,0.49901256023382573,0.49587128111718276
0.2,37,4117,16470,adaptation_platt_probability_0.5,,0.11372851678089993,1.2321919214809123,0.17812575088398358,0.5416807043754143,0.7686095931997571,0.5,0.4345840914552508,0.0,1.0,1.0
0.2,38,4117,16470,locked_zero_threshold,0.0,,,,,0.43302975106253794,0.5137934893502328,0.4239300161812298,0.6641301495670427,0.36345682913342287,0.3570734669095325
0.2,38,4117,16470,adaptation_balanced_accuracy_threshold,0.007109523547080165,,,,,0.4306010928961749,0.51358910926953,0.4220790994866813,0.668066124376804,0.3591120941622561,0.3528233151183971
0.2,38,4117,16470,adaptation_platt_probability_0.5,,0.05804951716104449,1.2151490381502048,0.1779132756845513,0.5411239062285144,0.7686095931997571,0.5,0.4345840914552508,0.0,1.0,1.0
0.2,39,4117,16470,locked_zero_threshold,0.0,,,,,0.4363691560412872,0.5172496788113139,0.42708157857381845,0.6678037260561532,0.36669563156647444,0.3587128111718276
0.2,39,4117,16470,adaptation_balanced_accuracy_threshold,-0.08500354961724599,,,,,0.4652701882210079,0.5196359509868376,0.4477815767250194,0.6208344266596694,0.4184374753140058,0.40935033394049786
0.2,39,4117,16470,adaptation_platt_probability_0.5,,-0.05938778740631634,1.1852859206911806,0.1779416631547112,0.5412055858437976,0.7686095931997571,0.5,0.4345840914552508,0.0,1.0,1.0
0.2,40,4117,16470,locked_zero_threshold,0.0,,,,,0.4365513054037644,0.5181934857103604,0.4274012302188003,0.6701653109420099,0.3662216604787108,0.3578020643594414
0.2,40,4117,16470,adaptation_balanced_accuracy_threshold,-0.09219781077779543,,,,,0.4673345476624165,0.5194199423843018,0.44906768429057453,0.6163736552086067,0.42246622955999685,0.4134790528233151
0.2,40,4117,16470,adaptation_platt_probability_0.5,,-0.01600512600008077,1.196226492006935,0.17785827267879853,0.5409766902397386,0.7686095931997571,0.5,0.4345840914552508,0.0,1.0,1.0
0.2,41,4117,16470,locked_zero_threshold,0.0,,,,,0.4321797207043109,0.5125986120934264,0.4230663430420712,0.6622933613224875,0.36290386286436527,0.3570734669095325
0.2,41,4117,16470,adaptation_balanced_accuracy_threshold,-0.08510734533049358,,,,,0.4608986035215543,0.5154166009150797,0.4437846293795674,0.6168984518499082,0.4139347499802512,0.4068002428658166
0.2,41,4117,16470,adaptation_platt_probability_0.5,,0.11861553186322114,1.229957785092999,0.1781550115001189,0.5417587333525856,0.7686095931997571,0.5,0.4345840914552508,0.0,1.0,1.0
0.2,42,4117,16470,locked_zero_threshold,0.0,,,,,0.4350941105039466,0.515411512141265,0.42577649609028423,0.664917344528995,0.36590567975353505,0.35877352762598663
0.2,42,4117,16470,adaptation_balanced_accuracy_threshold,-0.096330104832764,,,,,0.4644808743169399,0.51435400068515,0.44582353101313515,0.6071897139858304,0.42151828738446956,0.4148755312689739
0.2,42,4117,16470,adaptation_platt_probability_0.5,,0.033054721243851545,1.2091248312093168,0.1778664659745672,0.5409978739327154,0.7686095931997571,0.5,0.4345840914552508,0.0,1.0,1.0
0.2,43,4117,16470,locked_zero_threshold,0.0,,,,,0.4363691560412872,0.5172496788113139,0.42708157857381845,0.6678037260561532,0.36669563156647444,0.3587128111718276
0.2,43,4117,16470,adaptation_balanced_accuracy_threshold,-0.08457051081828348,,,,,0.4657559198542805,0.5201353348513702,0.448233905873737,0.6213592233009708,0.41891144640176947,0.4095931997571342
0.2,43,4117,16470,adaptation_platt_probability_0.5,,-0.00577369069672916,1.1987386440446313,0.17785093301448465,0.54095662496063,0.7686095931997571,0.5,0.4345840914552508,0.0,1.0,1.0
0.2,44,4117,16470,locked_zero_threshold,0.0,,,,,0.4340012143290832,0.5146088539399412,0.42480972716591126,0.6646549462083443,0.36456276167153806,0.3578020643594414
0.2,44,4117,16470,adaptation_balanced_accuracy_threshold,-0.016979931702635787,,,,,0.4406193078324226,0.5157962379513952,0.4298942237725505,0.6557334033062189,0.3758590725965716,0.36854887674559805
0.2,44,4117,16470,adaptation_platt_probability_0.5,,0.01895222492681947,1.2049365482833716,0.1778528893380908,0.540961271526682,0.7686095931997571,0.5,0.4345840914552508,0.0,1.0,1.0
0.2,45,4117,16470,locked_zero_threshold,0.0,,,,,0.43649058894960535,0.5169618677138942,0.42711476372265134,0.6667541327735502,0.3671696026542381,0.35931997571341834
0.2,45,4117,16470,adaptation_balanced_accuracy_threshold,-0.006056827403330134,,,,,0.4395871281117183,0.518150930709784,0.42963109284633794,0.6643925478876935,0.37190931353187456,0.36350941105039464
0.2,45,4117,16470,adaptation_platt_probability_0.5,,-0.02921751584473557,1.1927841067993004,0.17787517678256268,0.5410223550950028,0.7686095931997571,0.5,0.4345840914552508,0.0,1.0,1.0
0.2,46,4117,16470,locked_zero_threshold,0.0,,,,,0.4341833636915604,0.5142688388634901,0.42487783697701376,0.6633429546050905,0.36519472312188955,0.3585913782635094
0.2,46,4117,16470,adaptation_balanced_accuracy_threshold,-0.004377733289751773,,,,,0.4361262902246509,0.5149825523461227,0.4264523392170373,0.6617685646811861,0.36819654001105934,0.3612629022465088
0.2,46,4117,16470,adaptation_platt_probability_0.5,,0.025307579389540702,1.2064974665470896,0.17785776451568752,0.5409745844648768,0.7686095931997571,0.5,0.4345840914552508,0.0,1.0,1.0
0.2,47,4117,16470,locked_zero_threshold,0.0,,,,,0.43466909532483305,0.5141263117402738,0.42520841878325444,0.6620309630018368,0.3662216604787108,0.3596842744383728
0.2,47,4117,16470,adaptation_balanced_accuracy_threshold,-0.06135022060067552,,,,,0.45579842137219184,0.5159502692272271,0.44052810048185975,0.6279191813172396,0.4039813571372146,0.39659987856709167
0.2,47,4117,16470,adaptation_platt_probability_0.5,,0.03051706467898699,1.2082464361101724,0.17786331873978434,0.5409894015166603,0.7686095931997571,0.5,0.4345840914552508,0.0,1.0,1.0
0.2,48,4117,16470,locked_zero_threshold,0.0,,,,,0.4340012143290832,0.5148839586489764,0.4248634817510639,0.6654421411702965,0.3643257761276562,0.3574377656344869
0.2,48,4117,16470,adaptation_balanced_accuracy_threshold,0.2342089400257138,,,,,0.3641772920461445,0.5099021216331361,0.3641727541214085,0.7811598005772763,0.23864444268899598,0.23406193078324225
0.2,48,4117,16470,adaptation_platt_probability_0.5,,0.026685518650068248,1.2070708698752415,0.17785910362162116,0.5409783224278285,0.7686095931997571,0.5,0.4345840914552508,0.0,1.0,1.0
0.2,49,4117,16470,locked_zero_threshold,0.0,,,,,0.43539769277474194,0.5167094189306407,0.426255715175373,0.668066124376804,0.36535271348447745,0.35761991499696416
0.2,49,4117,16470,adaptation_balanced_accuracy_threshold,-0.06135022060067552,,,,,0.4564663023679417,0.5187689835359822,0.44168328735584306,0.634741537654159,0.4027964294178055,0.39411050394656955
0.2,49,4117,16470,adaptation_platt_probability_0.5,,-0.037294451055309,1.1911063333536431,0.17788871426135883,0.5410601534422044,0.7686095931997571,0.5,0.4345840914552508,0.0,1.0,1.0
0.2,50,4117,16470,locked_zero_threshold,0.0,,,,,0.43570127504553735,0.5158064880477347,0.42630325426202975,0.664917344528995,0.36669563156647444,0.3593806921675774
0.2,50,4117,16470,adaptation_balanced_accuracy_threshold,0.05460451487465923,,,,,0.41687917425622345,0.5131908997634063,0.41140739461130105,0.6924691681973235,0.3339126313294889,0.3278081360048573
0.2,50,4117,16470,adaptation_platt_probability_0.5,,0.02315885519362392,1.2062132260142768,0.1778559424039842,0.5409695024953033,0.7686095931997571,0.5,0.4345840914552508,0.0,1.0,1.0
0.2,51,4117,16470,locked_zero_threshold,0.0,,,,,0.4355191256830601,0.5161465031241859,0.426235567161208,0.6662293361322488,0.3660636701161229,0.3585913782635094
0.2,51,4117,16470,adaptation_balanced_accuracy_threshold,-0.08971868412478723,,,,,0.4644201578627808,0.5171572517545335,0.4465562606585738,0.6153240619260036,0.4189904415830634,0.41105039465695203
0.2,51,4117,16470,adaptation_platt_probability_0.5,,0.0211785794833034,1.205739207252139,0.17785437919754504,0.5409653320480194,0.7686095931997571,0.5,0.4345840914552508,0.0,1.0,1.0
0.2,52,4117,16470,locked_zero_threshold,0.0,,,,,0.4328476017000607,0.5134915934389351,0.4237360050746023,0.6636053529257413,0.3633778339521289,0.35713418336369157
0.2,52,4117,16470,adaptation_balanced_accuracy_threshold,-0.06476860319897537,,,,,0.45428051001821496,0.5144126200429824,0.4391176223773701,0.6263447913933351,0.4024804486926297,0.39581056466302367
0.2,52,4117,16470,adaptation_platt_probability_0.5,,0.016804109311557236,1.2043272301753127,0.17785153120072342,0.5409578765492455,0.7686095931997571,0.5,0.4345840914552508,0.0,1.0,1.0
0.2,53,4117,16470,locked_zero_threshold,0.0,,,,,0.43515482695810564,0.5142588893260928,0.4255927869762641,0.6615061663605353,0.3670116122916502,0.36041287188828175
0.2,53,4117,16470,adaptation_balanced_accuracy_threshold,-0.024380596129475296,,,,,0.44468731026108077,0.5155081262950334,0.4327422304299624,0.6473366570453949,0.3836795955446718,0.3765027322404372
0.2,53,4117,16470,adaptation_platt_probability_0.5,,0.010922078346979256,1.2031731656734643,0.17784915840837778,0.5409514683891204,0.7686095931997571,0.5,0.4345840914552508,0.0,1.0,1.0
0.2,54,4117,16470,locked_zero_threshold,0.0,,,,,0.4341833636915604,0.5152775561299525,0.42507537854293986,0.6662293361322488,0.3643257761276562,0.3572556162720097
0.2,54,4117,16470,adaptation_balanced_accuracy_threshold,-0.0253688989513014,,,,,0.4440194292653309,0.516724281052128,0.43253534973201446,0.6520598268171084,0.3813887352871475,0.37364905889496053
0.2,54,4117,16470,adaptation_platt_probability_0.5,,0.021311735571733745,1.2056927444402288,0.17785451920463397,0.540965834101877,0.7686095931997571,0.5,0.4345840914552508,0.0,1.0,1.0
0.2,55,4117,16470,locked_zero_threshold,0.0,,,,,0.4363084395871281,0.5174852859297021,0.4270827837993382,0.6685909210181055,0.3663796508412987,0.35828779599271404
0.2,55,4117,16470,adaptation_balanced_accuracy_threshold,-0.3271491396519469,,,,,0.5391621129326047,0.5069063781074193,0.4819342883707952,0.44686434006822356,0.5669484161466151,0.563752276867031
0.2,55,4117,16470,adaptation_platt_probability_0.5,,0.01320462504155777,1.2036705604847409,0.1778500016765529,0.540953549277111,0.7686095931997571,0.5,0.4345840914552508,0.0,1.0,1.0
0.2,56,4117,16470,locked_zero_threshold,0.0,,,,,0.4360048573163327,0.5168292901280752,0.4267292872281877,0.6672789294148518,0.3663796508412987,0.3585913782635094
0.2,56,4117,16470,adaptation_balanced_accuracy_threshold,-0.08938118046195004,,,,,0.46344869459623556,0.5164335887345036,0.4457269209402757,0.615061663605353,0.41780551386365433,0.410200364298725
0.2,56,4117,16470,adaptation_platt_probability_0.5,,0.01714280125933308,1.204344883075782,0.17785181938389566,0.5409585384284958,0.7686095931997571,0.5,0.4345840914552508,0.0,1.0,1.0
0.2,57,4117,16470,locked_zero_threshold,0.0,,,,,0.4344869459623558,0.5140995205380112,0.42506870133382235,0.6622933613224875,0.36590567975353505,0.3593806921675774
0.2,57,4117,16470,adaptation_balanced_accuracy_threshold,-0.002892160145275824,,,,,0.43582270795385547,0.5146933628232094,0.4261711442412681,0.6615061663605353,0.36788055928588353,0.3610807528840316
0.2,57,4117,16470,adaptation_platt_probability_0.5,,0.022294328116374336,1.205907273652575,0.17785524188733579,0.5409677279813793,0.7686095931997571,0.5,0.4345840914552508,0.0,1.0,1.0
0.2,58,4117,16470,locked_zero_threshold,0.0,,,,,0.43831208257437765,0.518972109560409,0.4288580127972731,0.669115717659407,0.36882850146141083,0.3600485731633273
0.2,58,4117,16470,adaptation_balanced_accuracy_threshold,0.3842104999833668,,,,,0.324408014571949,0.5086072204331825,0.3211154403875117,0.8514825505116768,0.16573189035468835,0.16174863387978142
0.2,58,4117,16470,adaptation_platt_probability_0.5,,-0.04506904598441903,1.1889895502274554,0.17790449899166316,0.541103732434516,0.7686095931997571,0.5,0.4345840914552508,0.0,1.0,1.0
0.2,59,4117,16470,locked_zero_threshold,0.0,,,,,0.4356405585913783,0.5154001841783741,0.4261779521861345,0.663867751246392,0.36693261711035624,0.35980570734669093
0.2,59,4117,16470,adaptation_balanced_accuracy_threshold,-0.4989067460031066,,,,,0.5874924104432301,0.4987313821613376,0.4922233890033888,0.3335082655471005,0.6639544987755747,0.664541590771099
0.2,59,4117,16470,adaptation_platt_probability_0.5,,0.09303291409567659,1.2260375586276868,0.17803302553516073,0.5414375338308516,0.7686095931997571,0.5,0.4345840914552508,0.0,1.0,1.0
0.2,60,4117,16470,locked_zero_threshold,0.0,,,,,0.4360655737704918,0.5155849657432245,0.4265280863256573,0.6636053529257413,0.3675645785607078,0.36035215543412263
0.2,60,4117,16470,adaptation_balanced_accuracy_threshold,-0.05871510941865338,,,,,0.45701275045537343,0.5177489383066289,0.4417995207822501,0.6308055628443978,0.4046923137688601,0.39647844565877355
0.2,60,4117,16470,adaptation_platt_probability_0.5,,0.05897796240756966,1.2165463823277078,0.17791711773672758,0.541130997524251,0.7686095931997571,0.5,0.4345840914552508,0.0,1.0,1.0
0.2,61,4117,16470,locked_zero_threshold,0.0,,,,,0.4376442015786278,0.5170704109484378,0.4279871142071079,0.664917344528995,0.3692234773678806,0.36132361870066787
0.2,61,4117,16470,adaptation_balanced_accuracy_threshold,0.027655620251789137,,,,,0.4281117182756527,0.5161879802582108,0.4206673223385118,0.6801364471267384,0.35223951338968323,0.34474802671523985
0.2,61,4117,16470,adaptation_platt_probability_0.5,,0.020201616349601985,1.2056976082391104,0.17785387506756226,0.5409638471680474,0.7686095931997571,0.5,0.4345840914552508,0.0,1.0,1.0
0.2,62,4117,16470,locked_zero_threshold,0.0,,,,,0.43491196114146935,0.5151096162299673,0.42558230824736837,0.6643925478876935,0.3658266845722411,0.3588342440801457
0.2,62,4117,16470,adaptation_balanced_accuracy_threshold,-0.09850539191781005,,,,,0.4676381299332119,0.5151240534232948,0.4480592030310402,0.6035161374967201,0.4267319693498697,0.41973284760170004
0.2,62,4117,16470,adaptation_platt_probability_0.5,,-0.0008019959905880372,1.2000140091345874,0.17784908186754786,0.5409514835074856,0.7686095931997571,0.5,0.4345840914552508,0.0,1.0,1.0
0.2,63,4117,16470,locked_zero_threshold,0.0,,,,,0.43673345476624165,0.5172115596461604,0.42734357351580365,0.667016531094201,0.3674065881981199,0.3594414086217365
0.2,63,4117,16470,adaptation_balanced_accuracy_threshold,0.01595022447992578,,,,,0.43096539162112935,0.5163937387644071,0.42287533313591946,0.6754132773550249,0.3573742001737894,0.3497874924104432
0.2,63,4117,16470,adaptation_platt_probability_0.5,,0.00965478424967132,1.2027483648977229,0.17784886473362588,0.5409506442074415,0.7686095931997571,0.5,0.4345840914552508,0.0,1.0,1.0
0.2,64,4117,16470,locked_zero_threshold,0.0,,,,,0.4344869459623558,0.5146497299560817,0.42517738490959434,0.663867751246392,0.3654317086657714,0.3586520947176685
0.2,64,4117,16470,adaptation_balanced_accuracy_threshold,-0.07882010320835292,,,,,0.4602307225258045,0.5161742478237823,0.4435451237394129,0.6203096300183679,0.4120388656291966,0.4045537340619308
0.2,64,4117,16470,adaptation_platt_probability_0.5,,-0.0030338521837523173,1.1994781440923927,0.17784977258498422,0.5409534085601072,0.7686095931997571,0.5,0.4345840914552508,0.0,1.0,1.0
0.2,65,4117,16470,locked_zero_threshold,0.0,,,,,0.4366727383120826,0.5176305699039054,0.4273811619438582,0.6683285226974547,0.36693261711035624,0.35877352762598663
0.2,65,4117,16470,adaptation_balanced_accuracy_threshold,-0.07972612931878453,,,,,0.46435944140862173,0.5198688012542386,0.4472458330457305,0.6231960115455261,0.41654159096295124,0.4073466909532483
0.2,65,4117,16470,adaptation_platt_probability_0.5,,-0.03385761513586159,1.1916526723956749,0.17788239942852516,0.5410427472043657,0.7686095931997571,0.5,0.4345840914552508,0.0,1.0,1.0
0.2,66,4117,16470,locked_zero_threshold,0.0,,,,,0.4352155434122647,0.5156739104619158,0.4259179766404388,0.6654421411702965,0.36590567975353505,0.3586520947176685
0.2,66,4117,16470,adaptation_balanced_accuracy_threshold,-0.07930660376359427,,,,,0.4618093503339405,0.5172011851806035,0.44485823484195725,0.6203096300183679,0.4140927403428391,0.4061323618700668
0.2,66,4117,16470,adaptation_platt_probability_0.5,,0.037331016306975565,1.2101605185713356,0.17787261829389955,0.5410137159712404,0.7686095931997571,0.5,0.4345840914552508,0.0,1.0,1.0
0.2,67,4117,16470,locked_zero_threshold,0.0,,,,,0.43782635094110506,0.5193897413926604,0.4285807374793616,0.6712149042246129,0.3675645785607078,0.3585913782635094
0.2,67,4117,16470,adaptation_balanced_accuracy_threshold,-0.07384554673617316,,,,,0.4624772313296903,0.5210286167558211,0.44630230483467603,0.6300183678824456,0.4120388656291966,0.4023072252580449
0.2,67,4117,16470,adaptation_platt_probability_0.5,,-0.04827379281219447,1.1882785209895808,0.1779124256611817,0.5411250423020196,0.7686095931997571,0.5,0.4345840914552508,0.0,1.0,1.0
0.2,68,4117,16470,locked_zero_threshold,0.0,,,,,0.43466909532483305,0.5149516258673794,0.4253715570439935,0.6643925478876935,0.36551070384706535,0.3585913782635094
0.2,68,4117,16470,adaptation_balanced_accuracy_threshold,-0.024380596129475296,,,,,0.4432301153612629,0.5157523045253253,0.4317597700098538,0.6507478352138546,0.38075677383679596,0.3734669095324833
0.2,68,4117,16470,adaptation_platt_probability_0.5,,0.06003598519475241,1.216344255224353,0.17791860121926575,0.5411375262997399,0.7686095931997571,0.5,0.4345840914552508,0.0,1.0,1.0
0.2,69,4117,16470,locked_zero_threshold,0.0,,,,,0.4341833636915604,0.5125265090396004,0.4245313894960343,0.6583573865127264,0.36669563156647444,0.36089860352155434
0.2,69,4117,16470,adaptation_balanced_accuracy_threshold,0.05735377359026128,,,,,0.415725561627201,0.5106981157172241,0.41010970768176713,0.6874836001049593,0.3339126313294889,0.3289617486338798
0.2,69,4117,16470,adaptation_platt_probability_0.5,,0.1090569824174941,1.2319095907032753,0.17810044791067023,0.5416235984290559,0.7686095931997571,0.5,0.4345840914552508,0.0,1.0,1.0
0.2,70,4117,16470,locked_zero_threshold,0.0,,,,,0.4365513054037644,0.5165428574561491,0.42707669852812585,0.6654421411702965,0.36764357374200174,0.35998785670916816
0.2,70,4117,16470,adaptation_balanced_accuracy_threshold,-0.06378874010306551,,,,,0.45901639344262296,0.5187772540889438,0.44340873650566476,0.6300183678824456,0.407536140295442,0.39884638737097755
0.2,70,4117,16470,adaptation_platt_probability_0.5,,0.015589255264565543,1.2041945191663128,0.17785107252334387,0.5409562698359703,0.7686095931997571,0.5,0.4345840914552508,0.0,1.0,1.0
0.2,71,4117,16470,locked_zero_threshold,0.0,,,,,0.4352155434122647,0.5140232822077045,0.4255903620680789,0.660718971398583,0.367327593016826,0.3608378870673953
0.2,71,4117,16470,adaptation_balanced_accuracy_threshold,-0.07522503262761543,,,,,0.45938069216757743,0.5151627737063327,0.4427171055074654,0.6189976384151141,0.4113279089975512,0.4043108682452945
0.2,71,4117,16470,adaptation_platt_probability_0.5,,-0.003754195731988078,1.1992717665845323,0.17785004485591108,0.5409541622433128,0.7686095931997571,0.5,0.4345840914552508,0.0,1.0,1.0
0.2,72,4117,16470,locked_zero_threshold,0.0,,,,,0.4371584699453552,0.517212938071654,0.42765768658288417,0.6662293361322488,0.36819654001105934,0.3602307225258045
0.2,72,4117,16470,adaptation_balanced_accuracy_threshold,-0.060216673822431566,,,,,0.4577413479052823,0.5192316266608551,0.44266318100333946,0.6336919443715561,0.40477130895015406,0.3958712811171828
0.2,72,4117,16470,adaptation_platt_probability_0.5,,-0.06001978565835311,1.1849199644625714,0.1779432412483525,0.5412104074821104,0.7686095931997571,0.5,0.4345840914552508,0.0,1.0,1.0
0.2,73,4117,16470,locked_zero_threshold,0.0,,,,,0.4355191256830601,0.5154128905667585,0.42609084681413956,0.6641301495670427,0.36669563156647444,0.35956284153005463
0.2,73,4117,16470,adaptation_balanced_accuracy_threshold,-0.06377443629997431,,,,,0.4572556162720097,0.5170816145421112,0.44179508077752105,0.628443977958541,0.40571925112568136,0.3978142076502732
0.2,73,4117,16470,adaptation_platt_probability_0.5,,-0.009562143079136696,1.1978268756698334,0.1778531044981741,0.5409625801970241,0.7686095931997571,0.5,0.4345840914552508,0.0,1.0,1.0
0.2,74,4117,16470,locked_zero_threshold,0.0,,,,,0.43169398907103823,0.512832840786321,0.422750978812125,0.663867751246392,0.3617979303262501,0.3558591378263509
0.2,74,4117,16470,adaptation_balanced_accuracy_threshold,-0.08457051081828348,,,,,0.46004857316332726,0.5154138440640925,0.4432243216008799,0.6184728417738127,0.41235484635437236,0.4052216150576806
0.2,74,4117,16470,adaptation_platt_probability_0.5,,0.0418025554623071,1.2104951213512278,0.17787953739830656,0.5410332156938172,0.7686095931997571,0.5,0.4345840914552508,0.0,1.0,1.0
0.2,75,4117,16470,locked_zero_threshold,0.0,,,,,0.43436551305403764,0.5140205253567174,0.42496340981653097,0.6622933613224875,0.36574768939094715,0.3592592592592593
0.2,75,4117,16470,adaptation_balanced_accuracy_threshold,-0.06056515250868205,,,,,0.4548876745598057,0.5154495069372009,0.4397876070768201,0.6281815796378903,0.4027174342365116,0.39556769884638737
0.2,75,4117,16470,adaptation_platt_probability_0.5,,0.07405255128555364,1.2208134176212375,0.1779614377487486,0.5412512039506229,0.7686095931997571,0.5,0.4345840914552508,0.0,1.0,1.0
0.2,76,4117,16470,locked_zero_threshold,0.0,,,,,0.4372191863995143,0.5175275403713362,0.4277648943192954,0.667016531094201,0.36803854964847144,0.3599271402550091
0.2,76,4117,16470,adaptation_balanced_accuracy_threshold,0.01601740554274128,,,,,0.4321190042501518,0.517235894556378,0.42390191597902005,0.6756756756756757,0.35879611343708034,0.35081967213114756
0.2,76,4117,16470,adaptation_platt_probability_0.5,,-0.04247137024846841,1.1893316526405944,0.17789910381718038,0.5410890978570679,0.7686095931997571,0.5,0.4345840914552508,0.0,1.0,1.0
0.2,77,4117,16470,locked_zero_threshold,0.0,,,,,0.43740133576199147,0.5183796457007044,0.4280677426501481,0.669115717659407,0.36764357374200174,0.3591378263509411
0.2,77,4117,16470,adaptation_balanced_accuracy_threshold,-0.05779360817951773,,,,,0.4573163327261688,0.519597054514075,0.44246577154176914,0.6355287326161112,0.40366537641203887,0.39459623557984214
0.2,77,4117,16470,adaptation_platt_probability_0.5,,-0.0030473896013860262,1.1994604220709482,0.17784977729976317,0.5409534224556831,0.7686095931997571,0.5,0.4345840914552508,0.0,1.0,1.0
0.2,78,4117,16470,locked_zero_threshold,0.0,,,,,0.4357619914996964,0.5157542840687033,0.42633776911302557,0.6646549462083443,0.36685362192906235,0.35956284153005463
0.2,78,4117,16470,adaptation_balanced_accuracy_threshold,0.0970080819420246,,,,,0.40370370370370373,0.5112224356098587,0.4003757204152202,0.7113618472841774,0.31108302393553994,0.30588949605343047
0.2,78,4117,16470,adaptation_platt_probability_0.5,,0.07997035949325328,1.2223701609494102,0.177979596543802,0.541300610563501,0.7686095931997571,0.5,0.4345840914552508,0.0,1.0,1.0
0.2,79,4117,16470,locked_zero_threshold,0.0,,,,,0.4364298724954463,0.5185729983774585,0.42738470873786405,0.6714773025452637,0.3656686942096532,0.3570734669095325
0.2,79,4117,16470,adaptation_balanced_accuracy_threshold,-0.11297382994945776,,,,,0.4713418336369156,0.516157882907584,0.450696445699783,0.5995801626869588,0.4327356031282092,0.4252580449301761
0.2,79,4117,16470,adaptation_platt_probability_0.5,,0.00554562313728063,1.2015675061380457,0.17784835764774826,0.5409493699427768,0.7686095931997571,0.5,0.4345840914552508,0.0,1.0,1.0
0.2,80,4117,16470,locked_zero_threshold,0.0,,,,,0.4360655737704918,0.5157683688825814,0.4265645798854054,0.6641301495670427,0.3674065881981199,0.36010928961748634
0.2,80,4117,16470,adaptation_balanced_accuracy_threshold,-0.0871227749368298,,,,,0.4640558591378264,0.517653878768079,0.4464533356379773,0.6174232484912097,0.4178845090449483,0.4097146326654523
0.2,80,4117,16470,adaptation_platt_probability_0.5,,0.005977044992068963,1.201728534408341,0.17784837535997208,0.5409494256768465,0.7686095931997571,0.5,0.4345840914552508,0.0,1.0,1.0
0.2,81,4117,16470,locked_zero_threshold,0.0,,,,,0.4331511839708561,0.5134139766831347,0.4239458928149482,0.6628181579637891,0.36400979540248046,0.3578020643594414
0.2,81,4117,16470,adaptation_balanced_accuracy_threshold,-0.05765745143124812,,,,,0.45227686703096537,0.5142096183877732,0.4377090888223659,0.629493571241144,0.3989256655344024,0.3923497267759563
0.2,81,4117,16470,adaptation_platt_probability_0.5,,0.06416588936965736,1.2167082072821664,0.17792913611044125,0.5411655247803601,0.7686095931997571,0.5,0.4345840914552508,0.0,1.0,1.0
0.2,82,4117,16470,locked_zero_threshold,0.0,,,,,0.4347905282331512,0.5150306210486734,0.42547693794502595,0.6643925478876935,0.3656686942096532,0.3587128111718276
0.2,82,4117,16470,adaptation_balanced_accuracy_threshold,-0.07969583713096628,,,,,0.4604735883424408,0.5164239397560485,0.44377137311638676,0.6205720283390186,0.41227585117307847,0.4046751669702489
0.2,82,4117,16470,adaptation_platt_probability_0.5,,0.03742447769264522,1.2099059070523586,0.17787246250875058,0.5410148008222988,0.7686095931997571,0.5,0.4345840914552508,0.0,1.0,1.0
0.2,83,4117,16470,locked_zero_threshold,0.0,,,,,0.43673345476624165,0.5164779470887332,0.427198138748662,0.664917344528995,0.36803854964847144,0.36041287188828175
0.2,83,4117,16470,adaptation_balanced_accuracy_threshold,0.18723726603367366,,,,,0.37959927140255006,0.5108560542593047,0.37903609751558887,0.7551823668328522,0.26652974168575716,0.2615057680631451
0.2,83,4117,16470,adaptation_platt_probability_0.5,,0.012048259689887071,1.2034212056911213,0.17784956317423053,0.5409524010819985,0.7686095931997571,0.5,0.4345840914552508,0.0,1.0,1.0
0.2,84,4117,16470,locked_zero_threshold,0.0,,,,,0.4333940497874924,0.512746652918617,0.42399397522244575,0.6604565730779323,0.3650367327593017,0.3591378263509411
0.2,84,4117,16470,adaptation_balanced_accuracy_threshold,-0.059310418197003556,,,,,0.45343047965998784,0.5142264600526385,0.4384964388670254,0.6273943846759381,0.40105853542933884,0.39447480267152396
0.2,84,4117,16470,adaptation_platt_probability_0.5,,0.08258997804050949,1.2226637682468313,0.17798951576217228,0.54132381582916,0.7686095931997571,0.5,0.4345840914552508,0.0,1.0,1.0
0.2,85,4117,16470,locked_zero_threshold,0.0,,,,,0.4371584699453552,0.5197805820226493,0.42816043582100927,0.6735764891104697,0.365984674934829,0.35683060109289616
0.2,85,4117,16470,adaptation_balanced_accuracy_threshold,-0.1701699289352797,,,,,0.4927747419550698,0.51542828125742,0.4631979788115671,0.5575964313828391,0.47326013113200094,0.46612021857923497
0.2,85,4117,16470,adaptation_platt_probability_0.5,,-0.08305539321383906,1.1807231583477644,0.1780219535628876,0.5414251756876368,0.7686095931997571,0.5,0.4345840914552508,0.0,1.0,1.0
0.2,86,4117,16470,locked_zero_threshold,0.0,,,,,0.4360048573163327,0.5169209916977536,0.4267472792507228,0.6675413277355025,0.36630065566000475,0.3584699453551913
0.2,86,4117,16470,adaptation_balanced_accuracy_threshold,-0.09050214432739423,,,,,0.4650880388585307,0.5175000236819718,0.44708401595201025,0.615061663605353,0.4199383837585907,0.41183970856102003
0.2,86,4117,16470,adaptation_platt_probability_0.5,,-0.030613857046817815,1.1924988406799661,0.17787663242006044,0.5410276547006186,0.7686095931997571,0.5,0.4345840914552508,0.0,1.0,1.0
0.2,87,4117,16470,locked_zero_threshold,0.0,,,,,0.43485124468731023,0.5159871343361044,0.42570936241266,0.667016531094201,0.36495773757800776,0.3575591985428051
0.2,87,4117,16470,adaptation_balanced_accuracy_threshold,-0.07985739950173304,,,,,0.46187006678809955,0.5180659968983561,0.44512671774828627,0.6226712149042246,0.41346077889248756,0.4051001821493625
0.2,87,4117,16470,adaptation_platt_probability_0.5,,0.016608403633813617,1.2043135375369685,0.177851490431553,0.5409575595779469,0.7686095931997571,0.5,0.4345840914552508,0.0,1.0,1.0
0.2,88,4117,16470,locked_zero_threshold,0.0,,,,,0.43539769277474194,0.5159758063732135,0.42611213714446305,0.665966937811598,0.365984674934829,0.3585913782635094
0.2,88,4117,16470,adaptation_balanced_accuracy_threshold,-0.093264206999576,,,,,0.46387370977534914,0.5146926373361076,0.4455261859467281,0.6092889005510365,0.4200963741211786,0.41329690346083786
0.2,88,4117,16470,adaptation_platt_probability_0.5,,-0.0007357927998426364,1.2000654616099675,0.1778490644837477,0.5409514344637414,0.7686095931997571,0.5,0.4345840914552508,0.0,1.0,1.0
0.2,89,4117,16470,locked_zero_threshold,0.0,,,,,0.4345476624165149,0.5153311385344774,0.42535608275482384,0.6657045394909472,0.36495773757800776,0.3578627808136005
0.2,89,4117,16470,adaptation_balanced_accuracy_threshold,0.005023393088539996,,,,,0.43248330297510623,0.5149052361492645,0.42373754978395384,0.6683285226974547,0.3614819496010743,0.35458409228901033
0.2,89,4117,16470,adaptation_platt_probability_0.5,,-0.017015435408966266,1.195982590682452,0.17785922190700512,0.5409794760205148,0.7686095931997571,0.5,0.4345840914552508,0.0,1.0,1.0
0.2,90,4117,16470,locked_zero_threshold,0.0,,,,,0.4384942319368549,0.5189989007626714,0.42899781894268724,0.6688533193387562,0.36914448218658663,0.36035215543412263
0.2,90,4117,16470,adaptation_balanced_accuracy_threshold,-0.05574224352570645,,,,,0.4570734669095325,0.5198058704302008,0.44235220605364506,0.6365783258987142,0.4030334149616873,0.3938676381299332
0.2,90,4117,16470,adaptation_platt_probability_0.5,,-0.07501062046624046,1.1812567715289164,0.1779923548186389,0.5413430484587226,0.7686095931997571,0.5,0.4345840914552508,0.0,1.0,1.0
0.2,91,4117,16470,locked_zero_threshold,0.0,,,,,0.4374620522161506,0.5164934103281049,0.4277374415562083,0.6636053529257413,0.3693814677304684,0.3617486338797814
0.2,91,4117,16470,adaptation_balanced_accuracy_threshold,-0.0491795501538021,,,,,0.45270188221007895,0.5162284313461917,0.43849264267870414,0.6344791393335083,0.3979777233588751,0.3904675166970249
0.2,91,4117,16470,adaptation_platt_probability_0.5,,-0.018773360671378636,1.1952706685922283,0.17786123685341118,0.5409847437184157,0.7686095931997571,0.5,0.4345840914552508,0.0,1.0,1.0
0.2,92,4117,16470,locked_zero_threshold,0.0,,,,,0.4345476624165149,0.5153311385344774,0.42535608275482384,0.6657045394909472,0.36495773757800776,0.3578627808136005
0.2,92,4117,16470,adaptation_balanced_accuracy_threshold,-0.06342031538747783,,,,,0.4564055859137826,0.5173539624001593,0.44129027651135355,0.6308055628443978,0.40390236195592066,0.3958712811171828
0.2,92,4117,16470,adaptation_platt_probability_0.5,,0.0022176939206721086,1.200804380156235,0.17784850731032678,0.540949857151133,0.7686095931997571,0.5,0.4345840914552508,0.0,1.0,1.0
0.2,93,4117,16470,locked_zero_threshold,0.0,,,,,0.43491196114146935,0.5163934382054649,0.42583352951818043,0.668066124376804,0.3647207520341259,0.35713418336369157
0.2,93,4117,16470,adaptation_balanced_accuracy_threshold,-0.036155123482386475,,,,,0.4466909532483303,0.5156194263805641,0.4341806402701792,0.6439254788769352,0.38731337388419307,0.3800850030358227
0.2,93,4117,16470,adaptation_platt_probability_0.5,,-0.05543313865713363,1.18612391290366,0.1779309184479983,0.5411772994775138,0.7686095931997571,0.5,0.4345840914552508,0.0,1.0,1.0
0.2,94,4117,16470,locked_zero_threshold,0.0,,,,,0.4367941712204007,0.5177095650851994,0.42748658520544613,0.6683285226974547,0.36709060747294414,0.3588949605343048
0.2,94,4117,16470,adaptation_balanced_accuracy_threshold,0.022466761274602787,,,,,0.42884031572556164,0.5169370560550096,0.42135691286645915,0.6809236420886906,0.3529504700213287,0.34511232544019427
0.2,94,4117,16470,adaptation_platt_probability_0.5,,-0.08636290068395058,1.1788972265387543,0.17803557126172012,0.5414645953291412,0.7686095931997571,0.5,0.4345840914552508,0.0,1.0,1.0
0.2,95,4117,16470,locked_zero_threshold,0.0,,,,,0.4345476624165149,0.5149643322557639,0.42528418568496545,0.6646549462083443,0.3652737183031835,0.3583485124468731
0.2,95,4117,16470,adaptation_balanced_accuracy_threshold,-0.01686177752595669,,,,,0.4406193078324226,0.5158879395210736,0.42991356951508586,0.6559958016268695,0.3757800774152777,0.3684274438372799
0.2,95,4117,16470,adaptation_platt_probability_0.5,,0.021088466567222144,1.2055909085131868,0.1778543087231815,0.5409650986574728,0.7686095931997571,0.5,0.4345840914552508,0.0,1.0,1.0
0.2,96,4117,16470,locked_zero_threshold,0.0,,,,,0.43570127504553735,0.5169986084535539,0.42653739586783723,0.6683285226974547,0.3656686942096532,0.3578020643594414
0.2,96,4117,16470,adaptation_balanced_accuracy_threshold,-0.08971868412478723,,,,,0.4650880388585307,0.5178668299606854,0.4471840514366432,0.6161112568879559,0.41962240303341497,0.41135397692774744
0.2,96,4117,16470,adaptation_platt_probability_0.5,,0.006550562163207109,1.2018824588551802,0.1778484091710834,0.5409494850673344,0.7686095931997571,0.5,0.4345840914552508,0.0,1.0,1.0
0.2,97,4117,16470,locked_zero_threshold,0.0,,,,,0.4340012143290832,0.5150673617883331,0.4248992263918533,0.665966937811598,0.3641677857650683,0.35719489981785063
0.2,97,4117,16470,adaptation_balanced_accuracy_threshold,-0.022192313320737123,,,,,0.4414086217364906,0.5155760940723786,0.4304164816158015,0.6536342167410129,0.3775179714037444,0.3703096539162113
0.2,97,4117,16470,adaptation_platt_probability_0.5,,0.055963662378054405,1.2142375543395518,0.17790968136414695,0.5411111292392679,0.7686095931997571,0.5,0.4345840914552508,0.0,1.0,1.0
0.2,98,4117,16470,locked_zero_threshold,0.0,,,,,0.4347298117789921,0.5163666470032025,0.42569295118593276,0.6683285226974547,0.36440477130895016,0.35683060109289616
0.2,98,4117,16470,adaptation_balanced_accuracy_threshold,-0.06457171052716976,,,,,0.45689131754705525,0.5178533462646918,0.4417436393866142,0.6313303594856993,0.4043763330436843,0.3961141469338191
0.2,98,4117,16470,adaptation_platt_probability_0.5,,-0.01890526205638581,1.1952950050628177,0.17786124432209602,0.5409851907817771,0.7686095931997571,0.5,0.4345840914552508,0.0,1.0,1.0
0.2,99,4117,16470,locked_zero_threshold,0.0,,,,,0.43661202185792347,0.5160321456287257,0.4270197977360798,0.663867751246392,0.36819654001105934,0.36077717061323616
0.2,99,4117,16470,adaptation_balanced_accuracy_threshold,0.10304220334886793,,,,,0.4013964784456588,0.5112804538498066,0.3984380769791819,0.7158226187352401,0.30673828896437316,0.30151791135397693
0.2,99,4117,16470,adaptation_platt_probability_0.5,,-0.015718451252904934,1.1962041469238371,0.17785802834774214,0.5409760111651849,0.7686095931997571,0.5,0.4345840914552508,0.0,1.0,1.0
0.2,100,4117,16470,locked_zero_threshold,0.0,,,,,0.43387978142076505,0.514254754049612,0.4246503863721541,0.663867751246392,0.36464175685283196,0.3580449301760777
0.2,100,4117,16470,adaptation_balanced_accuracy_threshold,-0.0033643544732832042,,,,,0.4355798421372192,0.5151772834483703,0.42608889973248465,0.6633429546050905,0.3670116122916502,0.35998785670916816
0.2,100,4117,16470,adaptation_platt_probability_0.5,,0.022354340234628466,1.2057385122766793,0.1778552985744115,0.5409679134281674,0.7686095931997571,0.5,0.4345840914552508,0.0,1.0,1.0
0.2,101,4117,16470,locked_zero_threshold,0.0,,,,,0.4358834244080146,0.5158332792499972,0.42644306937119714,0.6646549462083443,0.3670116122916502,0.3596842744383728
0.2,101,4117,16470,adaptation_balanced_accuracy_threshold,0.23645701639153513,,,,,0.3647237401335762,0.50961568896121,0.3647132269990846,0.779323012332721,0.23990836558969902,0.23545840922890104
0.2,101,4117,16470,adaptation_platt_probability_0.5,,0.03121041470474649,1.208694518108056,0.17786426541379413,0.5409916597514944,0.7686095931997571,0.5,0.4345840914552508,0.0,1.0,1.0
0.2,102,4117,16470,locked_zero_threshold,0.0,,,,,0.43649058894960535,0.5176954802713214,0.4272589420532765,0.6688533193387562,0.36653764120388654,0.3583485124468731
0.2,102,4117,16470,adaptation_balanced_accuracy_threshold,-0.07435146805248372,,,,,0.4615664845173042,0.5199776450477245,0.44542338231988476,0.6287063762791918,0.4112489138162572,0.40200364298724955
0.2,102,4117,16470,adaptation_platt_probability_0.5,,-0.06608303170604408,1.1834715646647753,0.17796214153772688,0.5412620577004152,0.7686095931997571,0.5,0.4345840914552508,0.0,1.0,1.0
0.2,103,4117,16470,locked_zero_threshold,0.0,,,,,0.43175470552519735,0.5126889352376112,0.4227682870828717,0.6633429546050905,0.3620349158701319,0.35616272009714633
0.2,103,4117,16470,adaptation_balanced_accuracy_threshold,0.007489087354981883,,,,,0.42932604735883423,0.5125762567265868,0.42093167872704806,0.6675413277355025,0.3576111857176712,0.3517911353976928
0.2,103,4117,16470,adaptation_platt_probability_0.5,,0.0315134710212497,1.2078886108946896,0.17786451001153933,0.5409924262773547,0.7686095931997571,0.5,0.4345840914552508,0.0,1.0,1.0
0.2,104,4117,16470,locked_zero_threshold,0.0,,,,,0.43752276867030965,0.5180918346032847,0.42810078674651236,0.668066124376804,0.3681175448297654,0.35974499089253187
0.2,104,4117,16470,adaptation_balanced_accuracy_threshold,0.17374702844181475,,,,,0.3837887067395264,0.5126643723171617,0.3830103074289729,0.7525583836263448,0.2727703610079785,0.26690953248330296
0.2,104,4117,16470,adaptation_platt_probability_0.5,,-0.040332160130835466,1.1903093376663496,0.1778945400562284,0.541075865409716,0.7686095931997571,0.5,0.4345840914552508,0.0,1.0,1.0
0.2,105,4117,16470,locked_zero_threshold,0.0,,,,,0.4363084395871281,0.5161097623845261,0.42681153743067435,0.6646549462083443,0.3675645785607078,0.36010928961748634
0.2,105,4117,16470,adaptation_balanced_accuracy_threshold,0.05689096268342164,,,,,0.41760777170613234,0.5145818865479539,0.41219826279140287,0.695093151403831,0.3340706216920768,0.3273224043715847
0.2,105,4117,16470,adaptation_platt_probability_0.5,,-0.01315399616028732,1.1969514038604412,0.17785571761011318,0.5409698165231486,0.7686095931997571,0.5,0.4345840914552508,0.0,1.0,1.0
0.2,106,4117,16470,locked_zero_threshold,0.0,,,,,0.43485124468731023,0.5157120296270692,0.42565563357390224,0.6662293361322488,0.36519472312188955,0.35792349726775957
0.2,106,4117,16470,adaptation_balanced_accuracy_threshold,-0.08547725432821496,,,,,0.4633879781420765,0.5185032272464599,0.44624333172275743,0.6210968249803202,0.41590962951259974,0.4073466909532483
0.2,106,4117,16470,adaptation_platt_probability_0.5,,-0.07106109841778956,1.1829084278334616,0.17797816748925233,0.5413056978140187,0.7686095931997571,0.5,0.4345840914552508,0.0,1.0,1.0
0.2,107,4117,16470,locked_zero_threshold,0.0,,,,,0.43624772313296906,0.5153366522364519,0.4266126127156392,0.6625557596431383,0.3681175448297654,0.3610200364298725
0.2,107,4117,16470,adaptation_balanced_accuracy_threshold,-0.08510734533049358,,,,,0.464602307225258,0.5175508492355096,0.44678188228897187,0.6161112568879559,0.4189904415830634,0.4108682452944748
0.2,107,4117,16470,adaptation_platt_probability_0.5,,0.07470381050580084,1.2206034859336337,0.17796047539539897,0.541249703604066,0.7686095931997571,0.5,0.4345840914552508,0.0,1.0,1.0
0.2,108,4117,16470,locked_zero_threshold,0.0,,,,,0.43302975106253794,0.5133349815018409,0.42384045524276553,0.6628181579637891,0.36385180503989256,0.3576806314511233
0.2,108,4117,16470,adaptation_balanced_accuracy_threshold,-0.06378874010306551,,,,,0.4556162720097146,0.5152815670372157,0.4402367631004367,0.6263447913933351,0.40421834268109647,0.3971463266545234
0.2,108,4117,16470,adaptation_platt_probability_0.5,,-0.01210737628109973,1.1971296397079345,0.1778548936206745,0.540967595588048,0.7686095931997571,0.5,0.4345840914552508,0.0,1.0,1.0
0.2,109,4117,16470,locked_zero_threshold,0.0,,,,,0.43466909532483305,0.5145848195886658,0.42529923488379706,0.6633429546050905,0.3658266845722411,0.35907710989678204
0.2,109,4117,16470,adaptation_balanced_accuracy_threshold,-0.08510734533049358,,,,,0.4628415300546448,0.5170473300944963,0.44549555148310327,0.6179480451325111,0.41614661505648154,0.4082574377656345
0.2,109,4117,16470,adaptation_platt_probability_0.5,,0.05686824483308239,1.2149975618248645,0.17791089349817157,0.5411163521117446,0.7686095931997571,0.5,0.4345840914552508,0.0,1.0,1.0
0.2,110,4117,16470,locked_zero_threshold,0.0,,,,,0.4387978142076503,0.5190129855765495,0.4292245555437113,0.6683285226974547,0.36969744845564423,0.36089860352155434
0.2,110,4117,16470,adaptation_balanced_accuracy_threshold,0.3630306500354994,,,,,0.3301760777170613,0.5093333397452574,0.32776680153085497,0.842823405930202,0.17584327356031282,0.17152398299939284
0.2,110,4117,16470,adaptation_platt_probability_0.5,,-0.029860679058160935,1.1924199352559341,0.17787578114251998,0.5410246856986594,0.7686095931997571,0.5,0.4345840914552508,0.0,1.0,1.0
0.2,111,4117,16470,locked_zero_threshold,0.0,,,,,0.4363084395871281,0.5174852859297021,0.4270827837993382,0.6685909210181055,0.3663796508412987,0.35828779599271404
0.2,111,4117,16470,adaptation_balanced_accuracy_threshold,-0.10124734528772134,,,,,0.46860959319975715,0.5163979258613952,0.44904025701045924,0.6053529257412753,0.4274429259815151,0.4198542805100182
0.2,111,4117,16470,adaptation_platt_probability_0.5,,0.012153650998849425,1.2033088416387294,0.17784954946834333,0.5409524521486704,0.7686095931997571,0.5,0.4345840914552508,0.0,1.0,1.0
0.2,112,4117,16470,locked_zero_threshold,0.0,,,,,0.43545840922890106,0.51546509454579,0.4260563436763883,0.6643925478876935,0.36653764120388654,0.3593806921675774
0.2,112,4117,16470,adaptation_balanced_accuracy_threshold,0.004102081564663185,,,,,0.4339404978749241,0.5150278641976862,0.42484645919179065,0.665966937811598,0.3640887905837744,0.35713418336369157
0.2,112,4117,16470,adaptation_platt_probability_0.5,,0.011961039616578458,1.2033639634249302,0.17784949621117702,0.5409523669915928,0.7686095931997571,0.5,0.4345840914552508,0.0,1.0,1.0
0.2,113,4117,16470,locked_zero_threshold,0.0,,,,,0.4333940497874924,0.5156811031483259,0.42456591986575776,0.6688533193387562,0.36250888695789557,0.35525197328476016
0.2,113,4117,16470,adaptation_balanced_accuracy_threshold,-0.08470925541003188,,,,,0.46035215543412267,0.5165283477141114,0.44371851232596055,0.6210968249803202,0.41195987044790267,0.4043108682452945
0.2,113,4117,16470,adaptation_platt_probability_0.5,,0.06431353432839347,1.215276132439714,0.1779303694304103,0.5411670124476777,0.7686095931997571,0.5,0.4345840914552508,0.0,1.0,1.0
0.2,114,4117,16470,locked_zero_threshold,0.0,,,,,0.4337583485124469,0.5131670416018557,0.4243461528498248,0.6609813697192338,0.36535271348447745,0.3592592592592593
0.2,114,4117,16470,adaptation_balanced_accuracy_threshold,-0.07502073460401992,,,,,0.45901639344262296,0.514742385023094,0.4423657099825178,0.6184728417738127,0.41101192827237537,0.4041894353369763
0.2,114,4117,16470,adaptation_platt_probability_0.5,,0.0503120760942805,1.21346037875321,0.1778955330527432,0.5410766859651456,0.7686095931997571,0.5,0.4345840914552508,0.0,1.0,1.0
0.2,115,4117,16470,locked_zero_threshold,0.0,,,,,0.43345476624165147,0.51416167405444,0.424317163240172,0.6643925478876935,0.3639308002211865,0.35737704918032787
0.2,115,4117,16470,adaptation_balanced_accuracy_threshold,-0.09865119301203995,,,,,0.46514875531268973,0.5141465631945179,0.44619412724775576,0.6053529257412753,0.4229402006477605,0.4163934426229508
0.2,115,4117,16470,adaptation_platt_probability_0.5,,0.05749058528861334,1.2148991211959848,0.17791148781575827,0.5411187999784162,0.7686095931997571,0.5,0.4345840914552508,0.0,1.0,1.0
0.2,116,4117,16470,locked_zero_threshold,0.0,,,,,0.43515482695810564,0.5157261144409472,0.42588329625034715,0.6657045394909472,0.36574768939094715,0.3584699453551913
0.2,116,4117,16470,adaptation_balanced_accuracy_threshold,-0.006056827403330134,,,,,0.43831208257437765,0.5167712718881272,0.4284172201429692,0.6628181579637891,0.3707243858124654,0.362962962962963
0.2,116,4117,16470,adaptation_platt_probability_0.5,,-0.022742349807349165,1.1942072072386893,0.17786569094161678,0.5409972551338981,0.7686095931997571,0.5,0.4345840914552508,0.0,1.0,1.0
0.2,117,4117,16470,locked_zero_threshold,0.0,,,,,0.4347905282331512,0.5151223226183518,0.4254949870607384,0.6646549462083443,0.36558969902835925,0.3585913782635094
0.2,117,4117,16470,adaptation_balanced_accuracy_threshold,-0.08457051081828348,,,,,0.46272009714632667,0.5167849317738455,0.4453455942873382,0.6174232484912097,0.41614661505648154,0.4083788706739526
0.2,117,4117,16470,adaptation_platt_probability_0.5,,0.023713975959368083,1.2063349849158387,0.17785649759645897,0.540971008971083,0.7686095931997571,0.5,0.4345840914552508,0.0,1.0,1.0
0.2,118,4117,16470,locked_zero_threshold,0.0,,,,,0.4363084395871281,0.5184940031961646,0.4272790806601659,0.6714773025452637,0.36551070384706535,0.35695203400121434
0.2,118,4117,16470,adaptation_balanced_accuracy_threshold,-0.026896716245986774,,,,,0.4460230722525805,0.5190364188099404,0.43447043782817296,0.6549462083442666,0.3831266292756142,0.3743169398907104
0.2,118,4117,16470,adaptation_platt_probability_0.5,,-0.002395556492955391,1.199574641329341,0.17784955470591662,0.540952797919799,0.7686095931997571,0.5,0.4345840914552508,0.0,1.0,1.0
0.2,119,4117,16470,locked_zero_threshold,0.0,,,,,0.43503339404978747,0.5168392396654725,0.42601026773086215,0.669115717659407,0.36456276167153806,0.3567698846387371
0.2,119,4117,16470,adaptation_balanced_accuracy_threshold,-0.08884786020191032,,,,,0.46344869459623556,0.516983798152574,0.44587576904209625,0.6166360535292574,0.4173315427758907,0.40947176684881603
0.2,119,4117,16470,adaptation_platt_probability_0.5,,-0.0066428496732898745,1.198504822518345,0.1778513792080232,0.5409578532738049,0.7686095931997571,0.5,0.4345840914552508,0.0,1.0,1.0
0.2,120,4117,16470,locked_zero_threshold,0.0,,,,,0.4361262902246509,0.5169999868790476,0.4268527172449326,0.6675413277355025,0.36645864602259265,0.3585913782635094
0.2,120,4117,16470,adaptation_balanced_accuracy_threshold,-0.09253798541090918,,,,,0.46557377049180326,0.5167155855710067,0.44718325740935816,0.6119128837575439,0.42151828738446956,0.4137826350941105
0.2,120,4117,16470,adaptation_platt_probability_0.5,,0.023293536657731984,1.206268825850522,0.17785636068546326,0.5409703448384623,0.7686095931997571,0.5,0.4345840914552508,0.0,1.0,1.0
0.2,121,4117,16470,locked_zero_threshold,0.0,,,,,0.43357619914996964,0.5137821613873419,0.424332854558083,0.6630805562844397,0.3644837664902441,0.3581056466302368
0.2,121,4117,16470,adaptation_balanced_accuracy_threshold,-0.025984220152601212,,,,,0.4434122647237401,0.5152288863095174,0.4317749619671898,0.6489110469692994,0.38154672564973535,0.3744990892531876
0.2,121,4117,16470,adaptation_platt_probability_0.5,,0.037869027217764084,1.2096582576392723,0.17787396370539846,0.5410167982433559,0.7686095931997571,0.5,0.4345840914552508,0.0,1.0,1.0
0.2,122,4117,16470,locked_zero_threshold,0.0,,,,,0.43460837887067394,0.5132615000225211,0.4249912268862195,0.65966937811598,0.36685362192906235,0.3607164541590771
0.2,122,4117,16470,adaptation_balanced_accuracy_threshold,0.015379962496428978,,,,,0.4294474802671524,0.512471848768524,0.4210032810524499,0.667016531094201,0.357927166442847,0.3521554341226472
0.2,122,4117,16470,adaptation_platt_probability_0.5,,0.059086537941419624,1.2161520531760397,0.17791585906814547,0.541130834303898,0.7686095931997571,0.5,0.4345840914552508,0.0,1.0,1.0
0.2,123,4117,16470,locked_zero_threshold,0.0,,,,,0.4363691560412872,0.517524783520349,0.4271355197802571,0.6685909210181055,0.36645864602259265,0.3583485124468731
0.2,123,4117,16470,adaptation_balanced_accuracy_threshold,-0.11301609036936389,,,,,0.4712811171827565,0.5157515790382234,0.4505391713843604,0.5985305694043558,0.432972588672091,0.42568306010928963
0.2,123,4117,16470,adaptation_platt_probability_0.5,,-0.011475631656697478,1.1973353520765668,0.1778544395859468,0.5409662700529402,0.7686095931997571,0.5,0.4345840914552508,0.0,1.0,1.0
0.2,124,4117,16470,locked_zero_threshold,0.0,,,,,0.43703703703703706,0.5197932884110338,0.42807243212005514,0.6738388874311204,0.36574768939094715,0.35658773527625987
0.2,124,4117,16470,adaptation_balanced_accuracy_threshold,0.23872162534274577,,,,,0.3649666059502125,0.5139002499593261,0.3649657608326141,0.7911309367620047,0.23666956315664744,0.2302367941712204
0.2,124,4117,16470,adaptation_platt_probability_0.5,,-0.14522359844081034,1.1675816384815338,0.1783470737241683,0.5423344453801195,0.7686095931997571,0.5,0.4345840914552508,0.0,1.0,1.0
0.2,125,4117,16470,locked_zero_threshold,0.0,,,,,0.43278688524590164,0.5140940068360369,0.4238079196606763,0.6654421411702965,0.36274587250177737,0.3562234365513054
0.2,125,4117,16470,adaptation_balanced_accuracy_threshold,0.11176310095898007,,,,,0.39659987856709167,0.5088020551764448,0.39408059708175813,0.7176594069797954,0.29994470337309426,0.29587128111718275
0.2,125,4117,16470,adaptation_platt_probability_0.5,,0.031705156813686915,1.2082212842966302,0.17786522982140787,0.5409939925186632,0.7686095931997571,0.5,0.4345840914552508,0.0,1.0,1.0
0.2,126,4117,16470,locked_zero_threshold,0.0,,,,,0.43776563448694594,0.5187083328142645,0.4284019942399823,0.6693781159800577,0.36803854964847144,0.3593806921675774
0.2,126,4117,16470,adaptation_balanced_accuracy_threshold,0.2271705272822216,,,,,0.3689131754705525,0.5129829337035998,0.36887854603549275,0.7811598005772763,0.24480606682992337,0.23879781420765028
0.2,126,4117,16470,adaptation_platt_probability_0.5,,-0.11328787893768011,1.173374648905694,0.17815988121959267,0.5418066761399077,0.7686095931997571,0.5,0.4345840914552508,0.0,1.0,1.0
0.2,127,4117,16470,locked_zero_threshold,0.0,,,,,0.4366727383120826,0.5186392871703679,0.42757813598866884,0.6712149042246129,0.3660636701161229,0.3574377656344869
0.2,127,4117,16470,adaptation_balanced_accuracy_threshold,0.26270811339595646,,,,,0.3578020643594414,0.5119905813533356,0.35771017265699057,0.7990028863815272,0.22497827632514417,0.21942926533090468
0.2,127,4117,16470,adaptation_platt_probability_0.5,,-0.022124005226687466,1.1947012076285062,0.1778650892928042,0.5409952794628038,0.7686095931997571,0.5,0.4345840914552508,0.0,1.0,1.0
0.2,128,4117,16470,locked_zero_threshold,0.0,,,,,0.4352762598664238,0.5174557378764524,0.4263101792594398,0.6704277092626607,0.3644837664902441,0.35640558591378263
0.2,128,4117,16470,adaptation_balanced_accuracy_threshold,-0.09352332514384354,,,,,0.4655130540376442,0.5173179989681086,0.44730991417387855,0.6137496720020992,0.420886325934118,0.41287188828172433
0.2,128,4117,16470,adaptation_platt_probability_0.5,,-0.015508860908082144,1.1962932937480655,0.17785787307498485,0.5409755480558793,0.7686095931997571,0.5,0.4345840914552508,0.0,1.0,1.0
0.2,129,4117,16470,locked_zero_threshold,0.0,,,,,0.43485124468731023,0.5147950139302852,0.42547534519615565,0.6636053529257413,0.365984674934829,0.3591378263509411
0.2,129,4117,16470,adaptation_balanced_accuracy_threshold,0.027658725487525238,,,,,0.42586520947176687,0.5143597631255592,0.41862484744066447,0.6790868538441354,0.34963267240698315,0.3429872495446266
0.2,129,4117,16470,adaptation_platt_probability_0.5,,0.05384300783386984,1.2148556063736047,0.17790321637747877,0.541096697956705,0.7686095931997571,0.5,0.4345840914552508,0.0,1.0,1.0
0.2,130,4117,16470,locked_zero_threshold,0.0,,,,,0.4350941105039466,0.5160534231290138,0.4259024510927789,0.6667541327735502,0.36535271348447745,0.35792349726775957
0.2,130,4117,16470,adaptation_balanced_accuracy_threshold,-0.058210326121542644,,,,,0.45591985428051,0.518046698941446,0.44113331818587215,0.6336919443715561,0.4024014535113358,0.39404978749241043
0.2,130,4117,16470,adaptation_platt_probability_0.5,,-0.003316941555772129,1.1993748987890036,0.17784987816399322,0.5409536997451948,0.7686095931997571,0.5,0.4345840914552508,0.0,1.0,1.0
0.2,131,4117,16470,locked_zero_threshold,0.0,,,,,0.4353369763205829,0.5156612040735313,0.42600530858243313,0.6651797428496458,0.36614266529741685,0.3588949605343048
0.2,131,4117,16470,adaptation_balanced_accuracy_threshold,-0.016042566525528934,,,,,0.4411050394656952,0.5162956218159278,0.43035055521266763,0.6562581999475203,0.37633304368433523,0.36879174256223435
0.2,131,4117,16470,adaptation_platt_probability_0.5,,0.0030948002117846523,1.2010247015943902,0.17784841554251962,0.540949594294992,0.7686095931997571,0.5,0.4345840914552508,0.0,1.0,1.0
0.2,132,4117,16470,locked_zero_threshold,0.0,,,,,0.4340012143290832,0.5131416288250867,0.4245202433129305,0.6604565730779323,0.3658266845722411,0.35974499089253187
0.2,132,4117,16470,adaptation_balanced_accuracy_threshold,0.02296372181023687,,,,,0.4260473588342441,0.512369119794897,0.41841302274147935,0.6730516924691682,0.35168654712062564,0.3459623557984214
0.2,132,4117,16470,adaptation_platt_probability_0.5,,0.07728723769721149,1.2213934862447886,0.17796867196903268,0.5412744372351845,0.7686095931997571,0.5,0.4345840914552508,0.0,1.0,1.0
0.2,133,4117,16470,locked_zero_threshold,0.0,,,,,0.4363691560412872,0.5166994693932434,0.4269732017836806,0.6662293361322488,0.3671696026542381,0.3594414086217365
0.2,133,4117,16470,adaptation_balanced_accuracy_threshold,-0.17029350101015295,,,,,0.4914996964177292,0.5132233083086576,0.4617022694369681,0.5536604565730779,0.4727861600442373,0.4666666666666667
0.2,133,4117,16470,adaptation_platt_probability_0.5,,-0.0008603129993725277,1.2000459643896657,0.1778490966889589,0.5409515244045152,0.7686095931997571,0.5,0.4345840914552508,0.0,1.0,1.0
0.2,134,4117,16470,locked_zero_threshold,0.0,,,,,0.4341833636915604,0.5137186294454197,0.42476915021348866,0.6617685646811861,0.3656686942096532,0.35931997571341834
0.2,134,4117,16470,adaptation_balanced_accuracy_threshold,0.04746339033159752,,,,,0.4186399514268367,0.5123188953592435,0.41266634016131404,0.6866964051430071,0.33794138557547987,0.33224043715846996
0.2,134,4117,16470,adaptation_platt_probability_0.5,,0.06965479268014557,1.218828051465444,0.17794542724327167,0.5412088528078463,0.7686095931997571,0.5,0.4345840914552508,0.0,1.0,1.0
0.2,135,4117,16470,locked_zero_threshold,0.0,,,,,0.4347298117789921,0.515816437585132,0.4255859651978797,0.6667541327735502,0.3648787423967138,0.3575591985428051
0.2,135,4117,16470,adaptation_balanced_accuracy_threshold,-0.06501289953725092,,,,,0.456709168184578,0.5175514503533941,0.4415449253654967,0.6308055628443978,0.4042973378623904,0.39617486338797814
0.2,135,4117,16470,adaptation_platt_probability_0.5,,-0.015720580717885544,1.1964141167769689,0.17785798630398653,0.5409761159157707,0.7686095931997571,0.5,0.4345840914552508,0.0,1.0,1.0
0.2,136,4117,16470,locked_zero_threshold,0.0,,,,,0.43673345476624165,0.5173949627855172,0.42737974898800213,0.6675413277355025,0.36724859783553204,0.35919854280510016
0.2,136,4117,16470,adaptation_balanced_accuracy_threshold,0.3247403696713465,,,,,0.3413479052823315,0.5081643520138869,0.3404192431678419,0.8186827604303333,0.19764594359744056,0.1938676381299332
0.2,136,4117,16470,adaptation_platt_probability_0.5,,0.03391512625471554,1.2095714516050138,0.17786805109629467,0.5410016638384854,0.7686095931997571,0.5,0.4345840914552508,0.0,1.0,1.0
0.2,137,4117,16470,locked_zero_threshold,0.0,,,,,0.43545840922890106,0.5150982882670765,0.42598364537193695,0.6633429546050905,0.36685362192906235,0.35986642380085004
0.2,137,4117,16470,adaptation_balanced_accuracy_threshold,-0.0744006751878391,,,,,0.46029143897996355,0.5165805516931428,0.4436920300094759,0.6213592233009708,0.4118018800853148,0.40412871888281726
0.2,137,4117,16470,adaptation_platt_probability_0.5,,0.02876433586417903,1.2081296382731723,0.1778614254695866,0.5409844479627961,0.7686095931997571,0.5,0.4345840914552508,0.0,1.0,1.0
0.2,138,4117,16470,locked_zero_threshold,0.0,,,,,0.43412264723740135,0.5148712522605919,0.4249510647743173,0.6651797428496458,0.36456276167153806,0.3576806314511233
0.2,138,4117,16470,adaptation_balanced_accuracy_threshold,-0.055869622127639185,,,,,0.4536733454766242,0.5162184818087944,0.43915396096857984,0.6326423510889531,0.39979461252863574,0.3922890103217972
0.2,138,4117,16470,adaptation_platt_probability_0.5,,0.03598125294758247,1.209869127615979,0.17787098186646652,0.5410096876242432,0.7686095931997571,0.5,0.4345840914552508,0.0,1.0,1.0
0.2,139,4117,16470,locked_zero_threshold,0.0,,,,,0.4313904068002429,0.5129104575421215,0.42253987734090026,0.6646549462083443,0.3611659688758986,0.3551912568306011
0.2,139,4117,16470,adaptation_balanced_accuracy_threshold,-0.061093920888133035,,,,,0.4516697024893746,0.5147316581780875,0.4374225132760535,0.6321175544476515,0.39734576190852355,0.39052823315118396
0.2,139,4117,16470,adaptation_platt_probability_0.5,,0.05088856778674821,1.2121154299722843,0.17789705319723725,0.5410805493631282,0.7686095931997571,0.5,0.4345840914552508,0.0,1.0,1.0
0.2,140,4117,16470,locked_zero_threshold,0.0,,,,,0.43618700667880994,0.5178647985968001,0.42706673177524285,0.6699029126213593,0.3658266845722411,0.3575591985428051
0.2,140,4117,16470,adaptation_balanced_accuracy_threshold,-0.10810440708412533,,,,,0.4702489374620522,0.5159054341243305,0.44993596495685495,0.6008921542902126,0.43091871395844855,0.4235579842137219
0.2,140,4117,16470,adaptation_platt_probability_0.5,,-0.02254476602943622,1.194606455987628,0.17786545628475325,0.5409965010882474,0.7686095931997571,0.5,0.4345840914552508,0.0,1.0,1.0
0.2,141,4117,16470,locked_zero_threshold,0.0,,,,,0.43278688524590164,0.5114346613153633,0.4232855731634195,0.6578325898714248,0.3650367327593017,0.35974499089253187
0.2,141,4117,16470,adaptation_balanced_accuracy_threshold,0.01601740554274128,,,,,0.4277474195506982,0.5110908115213736,0.4194670756016533,0.6662293361322488,0.35595228691049846,0.35081967213114756
0.2,141,4117,16470,adaptation_platt_probability_0.5,,0.0839191318522963,1.222666936064848,0.17799485727360748,0.5413394609847282,0.7686095931997571,0.5,0.4345840914552508,0.0,1.0,1.0
0.2,142,4117,16470,locked_zero_threshold,0.0,,,,,0.4335154826958106,0.5131007528089462,0.42415371280366676,0.6612437680398845,0.36495773757800776,0.3588949605343048
0.2,142,4117,16470,adaptation_balanced_accuracy_threshold,-0.060216673822431566,,,,,0.45452337583485125,0.5152125213933192,0.43948204651280065,0.6281815796378903,0.4022434631487479,0.3952034001214329
0.2,142,4117,16470,adaptation_platt_probability_0.5,,0.07736509344231976,1.2200574856266124,0.17796994617301745,0.5412731407816642,0.7686095931997571,0.5,0.4345840914552508,0.0,1.0,1.0
0.2,143,4117,16470,locked_zero_threshold,0.0,,,,,0.4337583485124469,0.5155512824134941,0.42481246694152786,0.6678037260561532,0.36329883877083496,0.3561020036429873
0.2,143,4117,16470,adaptation_balanced_accuracy_threshold,-0.011795369628065988,,,,,0.43819064966605953,0.5162337688584413,0.4282191394579846,0.6615061663605353,0.37096137135634727,0.3634486945962356
0.2,143,4117,16470,adaptation_platt_probability_0.5,,-0.010659168196632226,1.197559877267574,0.17785383862652726,0.5409646162193001,0.7686095931997571,0.5,0.4345840914552508,0.0,1.0,1.0
0.2,144,4117,16470,locked_zero_threshold,0.0,,,,,0.43491196114146935,0.5156598256480377,0.4256904145537655,0.665966937811598,0.36535271348447745,0.3581056466302368
0.2,144,4117,16470,adaptation_balanced_accuracy_threshold,-0.0744006751878391,,,,,0.45950212507589555,0.5176260096992651,0.44343934461197926,0.6258199947520335,0.4094320246464966,0.4012750455373406
0.2,144,4117,16470,adaptation_platt_probability_0.5,,0.02339628762673154,1.2062901169455016,0.17785627325903913,0.5409704182539851,0.7686095931997571,0.5,0.4345840914552508,0.0,1.0,1.0
0.2,145,4117,16470,locked_zero_threshold,0.0,,,,,0.4349726775956284,0.5166163389354688,0.42592192208353125,0.6685909210181055,0.36464175685283196,0.35695203400121434
0.2,145,4117,16470,adaptation_balanced_accuracy_threshold,-0.06253743324510308,,,,,0.4562841530054645,0.5181919829156494,0.44141671731948257,0.6334295460509053,0.40295441978039337,0.3945355191256831
0.2,145,4117,16470,adaptation_platt_probability_0.5,,-0.0190326196158949,1.195604196484279,0.1778613433055298,0.5409852888798748,0.7686095931997571,0.5,0.4345840914552508,0.0,1.0,1.0
0.2,146,4117,16470,locked_zero_threshold,0.0,,,,,0.4360655737704918,0.5172355939974358,0.4268538874368907,0.6683285226974547,0.36614266529741685,0.35816636308439587
0.2,146,4117,16470,adaptation_balanced_accuracy_threshold,-0.0769205873801106,,,,,0.46108075288403155,0.5183778423470511,0.44468524455654657,0.6250327997900813,0.41172288490402087,0.4032179720704311
0.2,146,4117,16470,adaptation_platt_probability_0.5,,-0.019412299473344705,1.1953027524476274,0.17786177924030938,0.540986411516735,0.7686095931997571,0.5,0.4345840914552508,0.0,1.0,1.0
0.2,147,4117,16470,locked_zero_threshold,0.0,,,,,0.4367941712204007,0.5170676540974506,0.4273599846568058,0.6664917344528996,0.36764357374200174,0.35974499089253187
0.2,147,4117,16470,adaptation_balanced_accuracy_threshold,-0.08500354961724599,,,,,0.46557377049180326,0.5190998263826452,0.44783538538050593,0.6187352400944633,0.41946441267082707,0.4106253794778385
0.2,147,4117,16470,adaptation_platt_probability_0.5,,-0.010285005159641439,1.1975070306028728,0.17785364092566466,0.540964003580439,0.7686095931997571,0.5,0.4345840914552508,0.0,1.0,1.0
0.2,148,4117,16470,locked_zero_threshold,0.0,,,,,0.4352155434122647,0.5145734916257749,0.4257002284769639,0.6622933613224875,0.36685362192906235,0.36010928961748634
0.2,148,4117,16470,adaptation_balanced_accuracy_threshold,-0.10137684768285393,,,,,0.4681238615664845,0.5136060027549025,0.4479295809571039,0.5982681710837051,0.4289438344261,0.42264723740133575
0.2,148,4117,16470,adaptation_platt_probability_0.5,,-0.028736551699760443,1.19273368648208,0.17787397936112748,0.5410198844936264,0.7686095931997571,0.5,0.4345840914552508,0.0,1.0,1.0
0.2,149,4117,16470,locked_zero_threshold,0.0,,,,,0.4344262295081967,0.5154355464925404,0.42528641765333985,0.6662293361322488,0.36464175685283196,0.35749848208864604
0.2,149,4117,16470,adaptation_balanced_accuracy_threshold,-0.06377443629997431,,,,,0.4561627200971463,0.5174710767466066,0.44115516976772223,0.63159275780635,0.4033493956868631,0.39526411657559196
0.2,149,4117,16470,adaptation_platt_probability_0.5,,-0.03395877381673657,1.1919403618692466,0.1778824532566993,0.5410433831031265,0.7686095931997571,0.5,0.4345840914552508,0.0,1.0,1.0
0.2,150,4117,16470,locked_zero_threshold,0.0,,,,,0.4345476624165149,0.5156062432435127,0.42540981294745617,0.6664917344528996,0.3647207520341259,0.35749848208864604
0.2,150,4117,16470,adaptation_balanced_accuracy_threshold,-0.0063938124634186355,,,,,0.43752276867030965,0.5167163110581086,0.427826830154801,0.6641301495670427,0.3693024725491745,0.36156648451730417
0.2,150,4117,16470,adaptation_platt_probability_0.5,,-0.0025570150283358885,1.1995886898770542,0.1778496078534884,0.5409529458599235,0.7686095931997571,0.5,0.4345840914552508,0.0,1.0,1.0
0.2,151,4117,16470,locked_zero_threshold,0.0,,,,,0.43248330297510623,0.5145384298705509,0.4236673743598138,0.6672789294148518,0.3617979303262501,0.3550698239222829
0.2,151,4117,16470,adaptation_balanced_accuracy_threshold,-0.08475449855869238,,,,,0.4615664845173042,0.5175017026664076,0.4447774418946144,0.6216216216216216,0.4133817837111936,0.40528233151183973
0.2,151,4117,16470,adaptation_platt_probability_0.5,,0.001698541945272955,1.2006470525958057,0.17784857689824077,0.5409500558330322,0.7686095931997571,0.5,0.4345840914552508,0.0,1.0,1.0
0.2,152,4117,16470,locked_zero_threshold,0.0,,,,,0.43436551305403764,0.516221363028999,0.42539383199665215,0.6685909210181055,0.36385180503989256,0.35634486945962357
0.2,152,4117,16470,adaptation_balanced_accuracy_threshold,0.32742853516308335,,,,,0.33879781420765026,0.5065054532067141,0.33773432541199067,0.8186827604303333,0.19432814598309503,0.19131754705525197
0.2,152,4117,16470,adaptation_platt_probability_0.5,,0.061230666380834305,1.2159731528096653,0.17792216157231056,0.5411471801204963,0.7686095931997571,0.5,0.4345840914552508,0.0,1.0,1.0
0.2,153,4117,16470,locked_zero_threshold,0.0,,,,,0.43582270795385547,0.5166190957864559,0.426553143409669,0.667016531094201,0.3662216604787108,0.35853066180935034
0.2,153,4117,16470,adaptation_balanced_accuracy_threshold,-0.06885348225769689,,,,,0.46017000607164543,0.5186106926144523,0.44413887988412404,0.6273943846759381,0.4098270005529663,0.40121432908318155
0.2,153,4117,16470,adaptation_platt_probability_0.5,,-0.06360938031670199,1.18479991940315,0.1779536923170553,0.5412395225590153,0.7686095931997571,0.5,0.4345840914552508,0.0,1.0,1.0
0.2,154,4117,16470,locked_zero_threshold,0.0,,,,,0.43199757134183364,0.5124801193214855,0.4229080976851838,0.6622933613224875,0.36266687732048347,0.3568913175470553
0.2,154,4117,16470,adaptation_balanced_accuracy_threshold,-0.06103303279873368,,,,,0.45343047965998784,0.5147766694707089,0.4386331842523684,0.6289687745998426,0.4005845643415752,0.3937462052216151
0.2,154,4117,16470,adaptation_platt_probability_0.5,,0.049266782040478393,1.2122703365627117,0.17789296320483888,0.5410706983022594,0.7686095931997571,0.5,0.4345840914552508,0.0,1.0,1.0
0.2,155,4117,16470,locked_zero_threshold,0.0,,,,,0.43673345476624165,0.5168447533674468,0.4272710027619056,0.665966937811598,0.3677225689232957,0.3599271402550091
0.2,155,4117,16470,adaptation_balanced_accuracy_threshold,-0.08568951017181059,,,,,0.46466302367941714,0.5188741688016543,0.44717922070134275,0.6197848333770664,0.4179635042262422,0.40922890103217974
0.2,155,4117,16470,adaptation_platt_probability_0.5,,1.748572508368084e-05,1.2002331945677494,0.1778488844976611,0.540950929817175,0.7686095931997571,0.5,0.4345840914552508,0.0,1.0,1.0
0.2,156,4117,16470,locked_zero_threshold,0.0,,,,,0.4350941105039466,0.5152281090019082,0.4257403438468811,0.6643925478876935,0.3660636701161229,0.3590163934426229
0.2,156,4117,16470,adaptation_balanced_accuracy_threshold,-0.15409961345895218,,,,,0.48476017000607163,0.5106731071404119,0.45699933615839117,0.5589084229860929,0.462437791294731,0.457498482088646
0.2,156,4117,16470,adaptation_platt_probability_0.5,,0.06278365270660372,1.217570153858137,0.17792598809644924,0.5411574720723067,0.7686095931997571,0.5,0.4345840914552508,0.0,1.0,1.0
0.2,157,4117,16470,locked_zero_threshold,0.0,,,,,0.4355798421372192,0.5146270740303,0.4259792144688892,0.6617685646811861,0.36748558337941384,0.3607164541590771
0.2,157,4117,16470,adaptation_balanced_accuracy_threshold,-0.1771679748435987,,,,,0.4922282938676381,0.5089287977731443,0.46055266009497975,0.540015743899239,0.4778418516470495,0.4737097753491196
0.2,157,4117,16470,adaptation_platt_probability_0.5,,0.056149460050328545,1.2151301836787476,0.1779086267593931,0.541110271190273,0.7686095931997571,0.5,0.4345840914552508,0.0,1.0,1.0
0.2,158,4117,16470,locked_zero_threshold,0.0,,,,,0.4382513661202186,0.5178321931336212,0.4285863553745517,0.665966937811598,0.36969744845564423,0.36144505160898605
0.2,158,4117,16470,adaptation_balanced_accuracy_threshold,0.029145693550769736,,,,,0.4277474195506982,0.516868010411113,0.42050691827864006,0.6827604303332458,0.3509755904889802,0.34316939890710385
0.2,158,4117,16470,adaptation_platt_probability_0.5,,-0.04292086892771749,1.1886802962445726,0.17790027063574873,0.5410912695051642,0.7686095931997571,0.5,0.4345840914552508,0.0,1.0,1.0
0.2,159,4117,16470,locked_zero_threshold,0.0,,,,,0.4363691560412872,0.5163326631145297,0.4269005840938633,0.6651797428496458,0.36748558337941384,0.3599271402550091
0.2,159,4117,16470,adaptation_balanced_accuracy_threshold,0.3542149843496302,,,,,0.33418336369156043,0.5073551022440373,0.3325288399174392,0.8297034898976646,0.18500671459041,0.18160291438979964
0.2,159,4117,16470,adaptation_platt_probability_0.5,,0.06976764609185769,1.2190803002984836,0.1779449333456437,0.5412083927697127,0.7686095931997571,0.5,0.4345840914552508,0.0,1.0,1.0
0.2,160,4117,16470,locked_zero_threshold,0.0,,,,,0.4380085003035823,0.5176742027710333,0.4283760084223076,0.665966937811598,0.3693814677304684,0.36120218579234975
0.2,160,4117,16470,adaptation_balanced_accuracy_threshold,-0.09629767187024746,,,,,0.4684274438372799,0.5170130456468816,0.449099008791712,0.6074521123064812,0.4265739789872818,0.41870066788099575
0.2,160,4117,16470,adaptation_platt_probability_0.5,,-0.0062009248448586405,1.1986165854415074,0.17785114087911122,0.5409571944552181,0.7686095931997571,0.5,0.4345840914552508,0.0,1.0,1.0
0.2,161,4117,16470,locked_zero_threshold,0.0,,,,,0.43752276867030965,0.5173582220458575,0.4279551896342286,0.665966937811598,0.36874950628011693,0.3607164541590771
0.2,161,4117,16470,adaptation_balanced_accuracy_threshold,-0.22600632103080842,,,,,0.5100789313904068,0.5107290214677644,0.4705741236873018,0.511939123589609,0.5095189193459199,0.5045537340619308
0.2,161,4117,16470,adaptation_platt_probability_0.5,,-0.05230022230176877,1.1868127324357585,0.17792283355949431,0.5411530131796676,0.7686095931997571,0.5,0.4345840914552508,0.0,1.0,1.0
0.2,162,4117,16470,locked_zero_threshold,0.0,,,,,0.4349726775956284,0.5153325169599711,0.42567111273015734,0.664917344528995,0.36574768939094715,0.3586520947176685
0.2,162,4117,16470,adaptation_balanced_accuracy_threshold,0.12453800653105157,,,,,0.39380692167577414,0.5094611083880011,0.39173173052076454,0.7247441616373655,0.29417805513863654,0.28979963570127504
0.2,162,4117,16470,adaptation_platt_probability_0.5,,0.0430151048488264,1.2114910808373633,0.1778815469939552,0.5410389040552679,0.7686095931997571,0.5,0.4345840914552508,0.0,1.0,1.0
0.2,163,4117,16470,locked_zero_threshold,0.0,,,,,0.4363691560412872,0.5163326631145297,0.4269005840938633,0.6651797428496458,0.36748558337941384,0.3599271402550091
0.2,163,4117,16470,adaptation_balanced_accuracy_threshold,-0.003941755350738652,,,,,0.4382513661202186,0.5170985805761938,0.428438895965887,0.663867751246392,0.3703294099059957,0.3624165148755313
0.2,163,4117,16470,adaptation_platt_probability_0.5,,-0.03448902684679895,1.1914838837052801,0.1778836035537021,0.5410462379742088,0.7686095931997571,0.5,0.4345840914552508,0.0,1.0,1.0
0.2,164,4117,16470,locked_zero_threshold,0.0,,,,,0.43885853066180935,0.5186856768884829,0.4292039663177266,0.6672789294148518,0.3700924243621139,0.36144505160898605
0.2,164,4117,16470,adaptation_balanced_accuracy_threshold,0.09767242355568528,,,,,0.4049787492410443,0.5127854975708723,0.401630609417385,0.7134610338493834,0.3121099612923612,0.3061930783242259
0.2,164,4117,16470,adaptation_platt_probability_0.5,,0.026835604144224486,1.2079188444370617,0.17785968746751057,0.5409791603371181,0.7686095931997571,0.5,0.4345840914552508,0.0,1.0,1.0
0.2,165,4117,16470,locked_zero_threshold,0.0,,,,,0.4353369763205829,0.5162114134916017,0.42611338858345,0.6667541327735502,0.3656686942096532,0.35816636308439587
0.2,165,4117,16470,adaptation_balanced_accuracy_threshold,-0.022192313320737123,,,,,0.44310868245294477,0.5167737281801722,0.43189447663489766,0.6538966150616636,0.37965084129868076,0.3718882817243473
0.2,165,4117,16470,adaptation_platt_probability_0.5,,-0.012339741102427675,1.1971059567598281,0.17785516552817443,0.540968145469757,0.7686095931997571,0.5,0.4345840914552508,0.0,1.0,1.0
0.2,166,4117,16470,locked_zero_threshold,0.0,,,,,0.43582270795385547,0.5177195146225967,0.4267677993527508,0.6701653109420099,0.3652737183031835,0.3570734669095325
0.2,166,4117,16470,adaptation_balanced_accuracy_threshold,-0.08510734533049358,,,,,0.4644808743169399,0.5199477964355326,0.4473467657900353,0.6231960115455261,0.41669958132553914,0.4074681238615665
0.2,166,4117,16470,adaptation_platt_probability_0.5,,-0.001943094896865255,1.1997440272593867,0.17784940762267987,0.5409523913256928,0.7686095931997571,0.5,0.4345840914552508,0.0,1.0,1.0
0.2,167,4117,16470,locked_zero_threshold,0.0,,,,,0.43381906496660594,0.5144903611680003,0.42465152640180154,0.6646549462083443,0.3643257761276562,0.35761991499696416
0.2,167,4117,16470,adaptation_balanced_accuracy_threshold,-0.09216708996161999,,,,,0.46411657559198544,0.5155842402561227,0.4459289546332206,0.6113880871162425,0.41978039339600287,0.412568306010929
0.2,167,4117,16470,adaptation_platt_probability_0.5,,0.027436541827999397,1.207128215990703,0.17785996665356152,0.5409806662580744,0.7686095931997571,0.5,0.4345840914552508,0.0,1.0,1.0
0.2,168,4117,16470,locked_zero_threshold,0.0,,,,,0.4336976320582878,0.5136777534292791,0.4244021825354174,0.6625557596431383,0.36479974721541986,0.3584699453551913
0.2,168,4117,16470,adaptation_balanced_accuracy_threshold,-0.084894926866529,,,,,0.4624772313296903,0.5164435382719009,0.44509487470062215,0.6168984518499082,0.4159886246938937,0.4083788706739526
0.2,168,4117,16470,adaptation_platt_probability_0.5,,0.060908303940864744,1.2162542226757018,0.1779206493785028,0.5411428688418141,0.7686095931997571,0.5,0.4345840914552508,0.0,1.0,1.0
0.2,169,4117,16470,locked_zero_threshold,0.0,,,,,0.4350941105039466,0.5169704388257979,0.42608082932963753,0.6693781159800577,0.36456276167153806,0.35670916818457804
0.2,169,4117,16470,adaptation_balanced_accuracy_threshold,-0.05285873367471744,,,,,0.45349119611414695,0.5183008267091351,0.4395347760960324,0.638939910784571,0.39766174263369936,0.38919247115968425
0.2,169,4117,16470,adaptation_platt_probability_0.5,,-0.03656973177557457,1.1914465814037163,0.17788713494277308,0.5410557869130662,0.7686095931997571,0.5,0.4345840914552508,0.0,1.0,1.0
0.2,170,4117,16470,locked_zero_threshold,0.0,,,,,0.4347905282331512,0.5150306210486734,0.42547693794502595,0.6643925478876935,0.3656686942096532,0.3587128111718276
0.2,170,4117,16470,adaptation_balanced_accuracy_threshold,-0.08917996109498671,,,,,0.4640558591378264,0.5162783552229029,0.44607977394126785,0.6134872736814484,0.4190694367643574,0.4115361262902246
0.2,170,4117,16470,adaptation_platt_probability_0.5,,0.07695613846985096,1.221168455283207,0.17796873709782007,0.541270562459769,0.7686095931997571,0.5,0.4345840914552508,0.0,1.0,1.0
0.2,171,4117,16470,locked_zero_threshold,0.0,,,,,0.43503339404978747,0.5141798941447988,0.4254875969494729,0.6615061663605353,0.36685362192906235,0.3602914389799636
0.2,171,4117,16470,adaptation_balanced_accuracy_threshold,-0.08291564988131389,,,,,0.4625986642380085,0.516339130313838,0.445146294451265,0.6163736552086067,0.41630460541906944,0.4087431693989071
0.2,171,4117,16470,adaptation_platt_probability_0.5,,0.02752181676073061,1.2076234539820427,0.1778601562022438,0.5409807791118859,0.7686095931997571,0.5,0.4345840914552508,0.0,1.0,1.0
0.2,172,4117,16470,locked_zero_threshold,0.0,,,,,0.43624772313296906,0.515611756945487,0.42666761079859933,0.6633429546050905,0.36788055928588353,0.36065573770491804
0.2,172,4117,16470,adaptation_balanced_accuracy_threshold,0.23666870186335054,,,,,0.3666059502125076,0.5107484127015877,0.366582599357274,0.7790606140120703,0.24243621139110513,0.23746205221615058
0.2,172,4117,16470,adaptation_platt_probability_0.5,,0.031220436175866065,1.208666247906729,0.17786414765328232,0.5409917176834022,0.7686095931997571,0.5,0.4345840914552508,0.0,1.0,1.0
0.2,173,4117,16470,locked_zero_threshold,0.0,,,,,0.4364298724954463,0.5182061920987449,0.42731352620480334,0.6704277092626607,0.365984674934829,0.3575591985428051
0.2,173,4117,16470,adaptation_balanced_accuracy_threshold,0.18967438389324584,,,,,0.37783849423193683,0.5114529539544322,0.3774160929022717,0.7601679349252165,0.262737972983648,0.25743776563448695
0.2,173,4117,16470,adaptation_platt_probability_0.5,,0.03300986639557812,1.2087236827254981,0.17786689722055363,0.5409983196549913,0.7686095931997571,0.5,0.4345840914552508,0.0,1.0,1.0
0.2,174,4117,16470,locked_zero_threshold,0.0,,,,,0.4366727383120826,0.5186392871703679,0.42757813598866884,0.6712149042246129,0.3660636701161229,0.3574377656344869
0.2,174,4117,16470,adaptation_balanced_accuracy_threshold,0.17911577478520635,,,,,0.3805707346690953,0.5115797172793346,0.37997622147240895,0.755444765153503,0.2677146694051663,0.2623557984213722
0.2,174,4117,16470,adaptation_platt_probability_0.5,,-0.07153547315224985,1.1829971599227922,0.1779786631040756,0.5413092555207842,0.7686095931997571,0.5,0.4345840914552508,0.0,1.0,1.0
0.2,175,4117,16470,locked_zero_threshold,0.0,,,,,0.4374620522161506,0.5186025464307081,0.42815650119771576,0.6696405143007085,0.3675645785607078,0.35895567698846387
0.2,175,4117,16470,adaptation_balanced_accuracy_threshold,-0.13246966407520622,,,,,0.4785670916818458,0.5145306878867637,0.454637443784354,0.5814746785620573,0.4475866972114701,0.4408621736490589
0.2,175,4117,16470,adaptation_platt_probability_0.5,,-0.03904137715743952,1.1901823308545334,0.1778927754862111,0.5410705567835284,0.7686095931997571,0.5,0.4345840914552508,0.0,1.0,1.0
0.2,176,4117,16470,locked_zero_threshold,0.0,,,,,0.4352762598664238,0.5174557378764524,0.4263101792594398,0.6704277092626607,0.3644837664902441,0.35640558591378263
0.2,176,4117,16470,adaptation_balanced_accuracy_threshold,-0.04945468000018338,,,,,0.45264116575591984,0.5188482792762183,0.4390788524638477,0.6420886906323799,0.39560786792005687,0.38688524590163936
0.2,176,4117,16470,adaptation_platt_probability_0.5,,-0.014180237324755488,1.196809455190324,0.17785658934035747,0.5409721566474446,0.7686095931997571,0.5,0.4345840914552508,0.0,1.0,1.0
0.2,177,4117,16470,locked_zero_threshold,0.0,,,,,0.43594414086217365,0.5154142689922522,0.4264045996948058,0.6633429546050905,0.36748558337941384,0.36035215543412263
0.2,177,4117,16470,adaptation_balanced_accuracy_threshold,0.17399328161522953,,,,,0.3812386156648452,0.509446546825456,0.3804782526496683,0.748097612175282,0.27079548147563,0.26642380085003037
0.2,177,4117,16470,adaptation_platt_probability_0.5,,0.029464097422296397,1.2078779923085476,0.17786216905210145,0.5409865438493417,0.7686095931997571,0.5,0.4345840914552508,0.0,1.0,1.0
0.2,178,4117,16470,locked_zero_threshold,0.0,,,,,0.4344262295081967,0.5149770386441483,0.42519675637351734,0.664917344528995,0.3650367327593017,0.3581056466302368
0.2,178,4117,16470,adaptation_balanced_accuracy_threshold,-0.05505661936508188,,,,,0.45421979356405584,0.5170324679730092,0.4397261673210229,0.6339543426922067,0.40011059325381154,0.39222829386763813
0.2,178,4117,16470,adaptation_platt_probability_0.5,,0.023407572414158168,1.205985770978053,0.17785609160196456,0.5409699587922261,0.7686095931997571,0.5,0.4345840914552508,0.0,1.0,1.0
0.2,179,4117,16470,locked_zero_threshold,0.0,,,,,0.4363084395871281,0.5184940031961646,0.4272790806601659,0.6714773025452637,0.36551070384706535,0.35695203400121434
0.2,179,4117,16470,adaptation_balanced_accuracy_threshold,0.11160068723862238,,,,,0.39939283545840926,0.5128197820184871,0.39689469021864066,0.7239569666754133,0.30168259736156094,0.29574984820886463
0.2,179,4117,16470,adaptation_platt_probability_0.5,,-0.022144733980077817,1.1946765539561834,0.17786510947169973,0.5409952240672252,0.7686095931997571,0.5,0.4345840914552508,0.0,1.0,1.0
0.2,180,4117,16470,locked_zero_threshold,0.0,,,,,0.4382513661202186,0.5177404915639426,0.428567987110559,0.6657045394909472,0.3697764436369381,0.36156648451730417
0.2,180,4117,16470,adaptation_balanced_accuracy_threshold,-0.2775031877706018,,,,,0.525197328476017,0.508275911201954,0.47665557510690626,0.4767777486224088,0.5397740737814993,0.5359441408621737
0.2,180,4117,16470,adaptation_platt_probability_0.5,,-0.006608212825968921,1.1984944072674224,0.1778513587995493,0.5409577964391,0.7686095931997571,0.5,0.4345840914552508,0.0,1.0,1.0
0.2,181,4117,16470,locked_zero_threshold,0.0,,,,,0.4335154826958106,0.5148430826328358,0.42449480065575007,0.6662293361322488,0.36345682913342287,0.35658773527625987
0.2,181,4117,16470,adaptation_balanced_accuracy_threshold,0.037654599861949634,,,,,0.4211293260473588,0.5140299981454477,0.41489565373891135,0.6869588034636578,0.34110119282723755,0.33460837887067396
0.2,181,4117,16470,adaptation_platt_probability_0.5,,-0.020402401886214314,1.1954232886340912,0.17786287919450033,0.5409894506427233,0.7686095931997571,0.5,0.4345840914552508,0.0,1.0,1.0
0.2,182,4117,16470,locked_zero_threshold,0.0,,,,,0.4360655737704918,0.5176941018458279,0.4269433345604626,0.6696405143007085,0.36574768939094715,0.3575591985428051
0.2,182,4117,16470,adaptation_balanced_accuracy_threshold,-0.0744006751878391,,,,,0.4607164541590771,0.5186910662212397,0.44452415140352236,0.6266071897139859,0.4107749427284936,0.4021250758955677
0.2,182,4117,16470,adaptation_platt_probability_0.5,,-0.04659120648493125,1.1882881112630714,0.1779081601347312,0.5411142575136229,0.7686095931997571,0.5,0.4345840914552508,0.0,1.0,1.0
0.2,183,4117,16470,locked_zero_threshold,0.0,,,,,0.4320582877959927,0.5144453498753789,0.4233322447318315,0.6678037260561532,0.36108697369460463,0.3544019429265331
0.2,183,4117,16470,adaptation_balanced_accuracy_threshold,0.02664777603620544,,,,,0.4238615664845173,0.5143401646097069,0.4170757868432672,0.6827604303332458,0.3459198988861679,0.3392835458409229
0.2,183,4117,16470,adaptation_platt_probability_0.5,,0.01095307957725939,1.202929105012157,0.17784919563172236,0.5409515274195383,0.7686095931997571,0.5,0.4345840914552508,0.0,1.0,1.0
0.2,184,4117,16470,locked_zero_threshold,0.0,,,,,0.43515482695810564,0.5160012191499824,0.42593724364388963,0.6664917344528996,0.36551070384706535,0.3581056466302368
0.2,184,4117,16470,adaptation_balanced_accuracy_threshold,0.047110688026307634,,,,,0.4198542805100182,0.5146677738567158,0.41399422273739217,0.6911571765940698,0.3381783711193617,0.33139040680024284
0.2,184,4117,16470,adaptation_platt_probability_0.5,,-0.038301377701758225,1.1903706879005105,0.17789085143591002,0.5410657856498077,0.7686095931997571,0.5,0.4345840914552508,0.0,1.0,1.0
0.2,185,4117,16470,locked_zero_threshold,0.0,,,,,0.43594414086217365,0.5171565988161418,0.4267484008362625,0.6683285226974547,0.365984674934829,0.3580449301760777
0.2,185,4117,16470,adaptation_balanced_accuracy_threshold,0.02397625575728135,,,,,0.4277474195506982,0.5165012041323994,0.42044304991800413,0.6817108370506428,0.35129157121415594,0.34365513054037644
0.2,185,4117,16470,adaptation_platt_probability_0.5,,0.015464928673998082,1.204282501665301,0.17785100022135092,0.5409561709922084,0.7686095931997571,0.5,0.4345840914552508,0.0,1.0,1.0
0.2,186,4117,16470,locked_zero_threshold,0.0,,,,,0.43424408014571947,0.5151336505812426,0.4250923763387586,0.6657045394909472,0.36456276167153806,0.3575591985428051
0.2,186,4117,16470,adaptation_balanced_accuracy_threshold,-0.016665646481163532,,,,,0.4411657559198543,0.5163351194065747,0.43040275122715443,0.6562581999475203,0.3764120388656292,0.36885245901639346
0.2,186,4117,16470,adaptation_platt_probability_0.5,,-0.0005018145102778336,1.2000914199146078,0.17784900612868626,0.5409512711504906,0.7686095931997571,0.5,0.4345840914552508,0.0,1.0,1.0
0.2,187,4117,16470,locked_zero_threshold,0.0,,,,,0.43752276867030965,0.5177250283245711,0.42802813468218326,0.667016531094201,0.36843352555494113,0.3602307225258045
0.2,187,4117,16470,adaptation_balanced_accuracy_threshold,-0.1020933609224538,,,,,0.4707953855494839,0.5169945249975805,0.450596448509586,0.6029913408554185,0.4309977091397425,0.4231329690346084
0.2,187,4117,16470,adaptation_platt_probability_0.5,,-0.03526378865397058,1.19150892584741,0.17788497480831358,0.5410494427831205,0.7686095931997571,0.5,0.4345840914552508,0.0,1.0,1.0
0.2,188,4117,16470,locked_zero_threshold,0.0,,,,,0.43776563448694594,0.5184332281052294,0.4283477207764146,0.6685909210181055,0.3682755351923533,0.35974499089253187
0.2,188,4117,16470,adaptation_balanced_accuracy_threshold,0.04813782433672692,,,,,0.4214936247723133,0.5165595229312896,0.4155854341601499,0.6935187614799265,0.33960028438265266,0.33193685488767455
0.2,188,4117,16470,adaptation_platt_probability_0.5,,-0.03093272258967999,1.192271063995099,0.17787760714463607,0.5410298929423228,0.7686095931997571,0.5,0.4345840914552508,0.0,1.0,1.0
0.2,189,4117,16470,locked_zero_threshold,0.0,,,,,0.43897996357012753,0.5189480752091336,0.42934581464842114,0.6678037260561532,0.3700924243621139,0.36132361870066787
0.2,189,4117,16470,adaptation_balanced_accuracy_threshold,0.23512612696243032,,,,,0.36830601092896176,0.5137800782029494,0.3682887871560915,0.784570978745736,0.24298917766016273,0.2366120218579235
0.2,189,4117,16470,adaptation_platt_probability_0.5,,-0.04770178838066037,1.187423510135745,0.17791223038763465,0.5411220850484718,0.7686095931997571,0.5,0.4345840914552508,0.0,1.0,1.0
0.2,190,4117,16470,locked_zero_threshold,0.0,,,,,0.4352155434122647,0.5157656120315941,0.42593600301299406,0.6657045394909472,0.3658266845722411,0.35853066180935034
0.2,190,4117,16470,adaptation_balanced_accuracy_threshold,-0.07426972138574195,,,,,0.4593199757134183,0.517232412218289,0.44321628031179766,0.6250327997900813,0.4094320246464966,0.40145719489981785
0.2,190,4117,16470,adaptation_platt_probability_0.5,,-0.058284653495236385,1.1861197903178933,0.1779378996615186,0.5411961026206373,0.7686095931997571,0.5,0.4345840914552508,0.0,1.0,1.0
0.2,191,4117,16470,locked_zero_threshold,0.0,,,,,0.4326047358834244,0.5147091266215232,0.42379069363351446,0.6675413277355025,0.361876925507544,0.3550698239222829
0.2,191,4117,16470,adaptation_balanced_accuracy_threshold,-0.06480878808516716,,,,,0.4553734061930783,0.5169576080681959,0.4404924524147098,0.63159275780635,0.4023224583300419,0.39447480267152396
0.2,191,4117,16470,adaptation_platt_probability_0.5,,-0.03225335972087114,1.1929057263687,0.17787937727282815,0.5410350284361957,0.7686095931997571,0.5,0.4345840914552508,0.0,1.0,1.0
0.2,192,4117,16470,locked_zero_threshold,0.0,,,,,0.4368548876745598,0.5189411830816657,0.42777212400092113,0.6717397008659145,0.36614266529741685,0.35737704918032787
0.2,192,4117,16470,adaptation_balanced_accuracy_threshold,-0.3020827700757509,,,,,0.5307832422586521,0.5069578047788416,0.4784759407830662,0.4626082393072684,0.5513073702504148,0.5480874316939891
0.2,192,4117,16470,adaptation_platt_probability_0.5,,-0.019198821364490422,1.1954949384473856,0.17786147981147285,0.5409855833439793,0.7686095931997571,0.5,0.4345840914552508,0.0,1.0,1.0
0.2,193,4117,16470,locked_zero_threshold,0.0,,,,,0.4336976320582878,0.5144113659867063,0.4245460458886421,0.6646549462083443,0.3641677857650683,0.35749848208864604
0.2,193,4117,16470,adaptation_balanced_accuracy_threshold,-0.09216708996161999,,,,,0.46357012750455373,0.5151370603706216,0.4454521594571942,0.6111256887955917,0.4191484319456513,0.41214329083181545
0.2,193,4117,16470,adaptation_platt_probability_0.5,,0.03235241726124188,1.208789316720615,0.17786570030962115,0.5409958910518915,0.7686095931997571,0.5,0.4345840914552508,0.0,1.0,1.0
0.2,194,4117,16470,locked_zero_threshold,0.0,,,,,0.4371584699453552,0.5183133569077949,0.4278749052834195,0.6693781159800577,0.36724859783553204,0.35877352762598663
0.2,194,4117,16470,adaptation_balanced_accuracy_threshold,-0.08508701091507431,,,,,0.465391621129326,0.5206319618649156,0.4481279903706029,0.6234584098661768,0.41780551386365433,0.4082574377656345
0.2,194,4117,16470,adaptation_platt_probability_0.5,,0.010958652422813237,1.20312996134335,0.17784923069168396,0.5409515330938024,0.7686095931997571,0.5,0.4345840914552508,0.0,1.0,1.0
0.2,195,4117,16470,locked_zero_threshold,0.0,,,,,0.4347905282331512,0.5153057257577086,0.42553103023100436,0.6651797428496458,0.3654317086657714,0.3583485124468731
0.2,195,4117,16470,adaptation_balanced_accuracy_threshold,0.0371738163523207,,,,,0.422040072859745,0.5136137447386898,0.41553925821289744,0.6840724219364996,0.34315506754088,0.3368548876745598
0.2,195,4117,16470,adaptation_platt_probability_0.5,,0.017373928548977353,1.2046257649571142,0.17785192424506255,0.5409586910984906,0.7686095931997571,0.5,0.4345840914552508,0.0,1.0,1.0
0.2,196,4117,16470,locked_zero_threshold,0.0,,,,,0.4349726775956284,0.5146906059722223,0.42554435985619665,0.6630805562844397,0.36630065566000475,0.3595021250758956
0.2,196,4117,16470,adaptation_balanced_accuracy_threshold,-0.08500354961724599,,,,,0.46375227686703097,0.5173646892451657,0.4461769233805708,0.6171608501705589,0.4175685283197725,0.4095324833029751
0.2,196,4117,16470,adaptation_platt_probability_0.5,,0.012094883061842945,1.2034194312055257,0.17784958981723653,0.5409524693498019,0.7686095931997571,0.5,0.4345840914552508,0.0,1.0,1.0
0.2,197,4117,16470,locked_zero_threshold,0.0,,,,,0.43697632058287794,0.5176446547177835,0.4276085770930014,0.6678037260561532,0.36748558337941384,0.35931997571341834
0.2,197,4117,16470,adaptation_balanced_accuracy_threshold,-0.05876180188651414,,,,,0.45689131754705525,0.5183118541130838,0.4418581861839311,0.6326423510889531,0.4039813571372146,0.3955069823922283
0.2,197,4117,16470,adaptation_platt_probability_0.5,,-0.029683677268278044,1.1926552538491764,0.1778755942320591,0.5410239024566194,0.7686095931997571,0.5,0.4345840914552508,0.0,1.0,1.0
0.2,198,4117,16470,locked_zero_threshold,0.0,,,,,0.4375834851244687,0.5170309133577908,0.4279345340979236,0.664917344528995,0.36914448218658663,0.3612629022465088
0.2,198,4117,16470,adaptation_balanced_accuracy_threshold,0.057636187901786706,,,,,0.41791135397692775,0.5146876729315104,0.4124562014013341,0.6948307530831803,0.33454459277984044,0.32774741955069825
0.2,198,4117,16470,adaptation_platt_probability_0.5,,-0.027857255591415157,1.192488541607833,0.17787284526493177,0.541016729373271,0.7686095931997571,0.5,0.4345840914552508,0.0,1.0,1.0
0.2,199,4117,16470,locked_zero_threshold,0.0,,,,,0.4344869459623558,0.512907400132192,0.42483094853353354,0.6588821831540278,0.36693261711035624,0.3609593199757134
0.2,199,4117,16470,adaptation_balanced_accuracy_threshold,-0.0145405483111401,,,,,0.43989071038251365,0.5137633401790987,0.4289373563853699,0.6512726318551562,0.37625404850304134,0.36988463873709776
0.2,199,4117,16470,adaptation_platt_probability_0.5,,0.10810372627316221,1.2306201899309392,0.1780956101219194,0.5416093748951096,0.7686095931997571,0.5,0.4345840914552508,0.0,1.0,1.0
0.2,200,4117,16470,locked_zero_threshold,0.0,,,,,0.4371584699453552,0.5156540113871212,0.42734544197999613,0.6617685646811861,0.3695394580930563,0.3622950819672131
0.2,200,4117,16470,adaptation_balanced_accuracy_threshold,-0.04941394691852663,,,,,0.4537947783849423,0.5164808801294452,0.43930110523485205,0.6331671477302545,0.39979461252863574,0.3921675774134791
0.2,200,4117,16470,adaptation_platt_probability_0.5,,-0.02005570517076223,1.1947796490327607,0.1778625087313654,0.5409883400271787,0.7686095931997571,0.5,0.4345840914552508,0.0,1.0,1.0
