corpus,hostname,fake_n,real_n,total,real_rate,is_missing_category,label_exclusive
PolitiFact,[missing],4,54,58,0.9310344827586207,True,False
PolitiFact,youtube.com,1,44,45,0.9777777777777777,False,False
PolitiFact,whitehouse.gov,0,26,26,1.0,False,True
PolitiFact,politifact.com,2,23,25,0.92,False,False
PolitiFact,abcnews.go.com,0,24,24,1.0,False,True
PolitiFact,nytimes.com,1,19,20,0.95,False,False
PolitiFact,washingtonpost.com,4,14,18,0.7777777777777778,False,False
PolitiFact,cq.com,0,17,17,1.0,False,True
PolitiFact,yournewswire.com,15,0,15,0.0,False,True
PolitiFact,foxnews.com,2,10,12,0.8333333333333334,False,False
PolitiFact,cnn.com,3,8,11,0.7272727272727273,False,False
PolitiFact,medium.com,1,8,9,0.8888888888888888,False,False
PolitiFact,cbo.gov,0,8,8,1.0,False,True
PolitiFact,facebook.com,6,2,8,0.25,False,False
PolitiFact,twitter.com,1,7,8,0.875,False,False
PolitiFact,time.com,1,6,7,0.8571428571428571,False,False
PolitiFact,cbsnews.com,0,6,6,1.0,False,True
PolitiFact,nbcnews.com,2,4,6,0.6666666666666666,False,False
PolitiFact,pbs.org,0,6,6,1.0,False,True
PolitiFact,thehill.com,4,2,6,0.3333333333333333,False,False
PolitiFact,politico.com,1,4,5,0.8,False,False
PolitiFact,republicanleader.house.gov,0,5,5,1.0,False,True
PolitiFact,thegatewaypundit.com,5,0,5,0.0,False,True
PolitiFact,thomas.loc.gov,0,5,5,1.0,False,True
PolitiFact,uspoln.com,5,0,5,0.0,False,True
PolitiFact,cdc.gov,0,4,4,1.0,False,True
PolitiFact,dailyfeed.news,4,0,4,0.0,False,True
PolitiFact,dailyusaupdate.com,4,0,4,0.0,False,True
PolitiFact,frwebgate.access.gpo.gov,0,4,4,1.0,False,True
PolitiFact,kff.org,0,4,4,1.0,False,True
PolitiFact,query.nytimes.com,0,4,4,1.0,False,True
PolitiFact,react365.com,4,0,4,0.0,False,True
PolitiFact,taxpolicycenter.org,0,4,4,1.0,False,True
PolitiFact,worldnewsdailyreport.com,4,0,4,0.0,False,True
PolitiFact,bea.gov,0,3,3,1.0,False,True
PolitiFact,breakingnews365.net,3,0,3,0.0,False,True
PolitiFact,breitbart.com,3,0,3,0.0,False,True
PolitiFact,c-span.org,0,3,3,1.0,False,True
PolitiFact,dailyworldupdate.us,3,0,3,0.0,False,True
PolitiFact,data.bls.gov,0,3,3,1.0,False,True
PolitiFact,freedomcrossroads.us,3,0,3,0.0,False,True
PolitiFact,hillaryclinton.com,0,3,3,1.0,False,True
PolitiFact,me.me,3,0,3,0.0,False,True
PolitiFact,neonnettle.com,3,0,3,0.0,False,True
PolitiFact,newsweek.com,3,0,3,0.0,False,True
PolitiFact,obama.senate.gov,0,3,3,1.0,False,True
PolitiFact,observeronline.news,3,0,3,0.0,False,True
PolitiFact,our.news,3,0,3,0.0,False,True
PolitiFact,politicot.com,3,0,3,0.0,False,True
PolitiFact,senate.gov,0,3,3,1.0,False,True
PolitiFact,tampabay.com,0,3,3,1.0,False,True
PolitiFact,trendolizer.com,3,0,3,0.0,False,True
PolitiFact,usacarry.com,3,0,3,0.0,False,True
PolitiFact,usatoday.com,3,0,3,0.0,False,True
PolitiFact,video.foxnews.com,0,3,3,1.0,False,True
PolitiFact,apnews.com,1,1,2,0.5,False,False
PolitiFact,babylonbee.com,2,0,2,0.0,False,True
PolitiFact,barackobama.com,0,2,2,1.0,False,True
PolitiFact,bbc.com,2,0,2,0.0,False,True
PolitiFact,berniesanders.com,0,2,2,1.0,False,True
PolitiFact,bls.gov,0,2,2,1.0,False,True
PolitiFact,breakingnews247.net,2,0,2,0.0,False,True
PolitiFact,businessinsider.com,1,1,2,0.5,False,False
PolitiFact,census.gov,0,2,2,1.0,False,True
PolitiFact,clinton.senate.gov,0,2,2,1.0,False,True
PolitiFact,conservativedailypost.com,2,0,2,0.0,False,True
PolitiFact,disaster.trendolizer.com,2,0,2,0.0,False,True
PolitiFact,empirenews.net,2,0,2,0.0,False,True
PolitiFact,eveningw.com,2,0,2,0.0,False,True
PolitiFact,flashnewss.club,2,0,2,0.0,False,True
PolitiFact,freedomdaily.com,2,0,2,0.0,False,True
PolitiFact,govtrack.us,0,2,2,1.0,False,True
PolitiFact,gpo.gov,0,2,2,1.0,False,True
PolitiFact,houstonchronicle-tv.com,2,0,2,0.0,False,True
PolitiFact,ilga.gov,0,2,2,1.0,False,True
PolitiFact,irs.gov,0,2,2,1.0,False,True
PolitiFact,johnmccain.com,0,2,2,1.0,False,True
PolitiFact,mainerepublicemailalert.com,2,0,2,0.0,False,True
PolitiFact,mcclatchydc.com,0,2,2,1.0,False,True
PolitiFact,mittromney.com,0,2,2,1.0,False,True
PolitiFact,msnbc.msn.com,0,2,2,1.0,False,True
PolitiFact,my.barackobama.com,0,2,2,1.0,False,True
PolitiFact,newsbreakshere.com,2,0,2,0.0,False,True
PolitiFact,newslo.com,2,0,2,0.0,False,True
PolitiFact,notallowedto.com,2,0,2,0.0,False,True
PolitiFact,nrtonline.info,2,0,2,0.0,False,True
PolitiFact,nyeveningnews.com,2,0,2,0.0,False,True
PolitiFact,nymag.com,1,1,2,0.5,False,False
PolitiFact,nypost.com,2,0,2,0.0,False,True
PolitiFact,obama.trendolizer.com,2,0,2,0.0,False,True
PolitiFact,opensecrets.org,0,2,2,1.0,False,True
PolitiFact,pol.moveon.org,0,2,2,1.0,False,True
PolitiFact,politicalticker.blogs.cnn.com,0,2,2,1.0,False,True
PolitiFact,politicono.com,2,0,2,0.0,False,True
PolitiFact,pollingreport.com,0,2,2,1.0,False,True
PolitiFact,puppetstringnews.com,2,0,2,0.0,False,True
PolitiFact,redstatewave.com,2,0,2,0.0,False,True
PolitiFact,rip.trendolizer.com,2,0,2,0.0,False,True
PolitiFact,sotu.blogs.cnn.com,0,2,2,1.0,False,True
PolitiFact,ssa.gov,0,2,2,1.0,False,True
PolitiFact,thelastlineofdefense.org,2,0,2,0.0,False,True
PolitiFact,thepatriotreport.net,2,0,2,0.0,False,True
PolitiFact,therightists.com,2,0,2,0.0,False,True
PolitiFact,usanewstoday.org,2,0,2,0.0,False,True
PolitiFact,usleader.net,2,0,2,0.0,False,True
PolitiFact,youtu.be,0,2,2,1.0,False,True
PolitiFact,100percentfedup.com,1,0,1,0.0,False,True
PolitiFact,24trueinfoamerica.com,1,0,1,0.0,False,True
PolitiFact,abcnews-us.com,1,0,1,0.0,False,True
PolitiFact,action.citizen.org,0,1,1,1.0,False,True
PolitiFact,action.getourtroopsout.com,0,1,1,1.0,False,True
PolitiFact,actionnetwork.org,1,0,1,0.0,False,True
PolitiFact,actionnews3.com,1,0,1,0.0,False,True
PolitiFact,activistmommy.com,1,0,1,0.0,False,True
PolitiFact,acton.org,0,1,1,1.0,False,True
PolitiFact,adn.com,0,1,1,1.0,False,True
PolitiFact,afp.google.com,0,1,1,1.0,False,True
PolitiFact,aft.org,0,1,1,1.0,False,True
PolitiFact,ajeteys.com,1,0,1,0.0,False,True
PolitiFact,alexander.senate.gov,0,1,1,1.0,False,True
PolitiFact,alison-jackson.co.uk,1,0,1,0.0,False,True
PolitiFact,allianceforschoolchoice.org,0,1,1,1.0,False,True
PolitiFact,allnews4us.com,1,0,1,0.0,False,True
PolitiFact,alternativemediasyndicate.com,1,0,1,0.0,False,True
PolitiFact,america.aljazeera.com,0,1,1,1.0,False,True
PolitiFact,americanflavor.news,1,0,1,0.0,False,True
PolitiFact,americannews.com,1,0,1,0.0,False,True
PolitiFact,americanproud.info,1,0,1,0.0,False,True
PolitiFact,americantoday.us,1,0,1,0.0,False,True
PolitiFact,americatb.com,1,0,1,0.0,False,True
PolitiFact,amposts.com,1,0,1,0.0,False,True
PolitiFact,ams.usda.gov,0,1,1,1.0,False,True
PolitiFact,ap.google.com,0,1,1,1.0,False,True
PolitiFact,archive.is,1,0,1,0.0,False,True
PolitiFact,archives.gov,1,0,1,0.0,False,True
PolitiFact,armytimes.com,0,1,1,1.0,False,True
PolitiFact,asce.org,0,1,1,1.0,False,True
PolitiFact,asnowrose.wordpress.com,1,0,1,0.0,False,True
PolitiFact,associatedmediacoverage.com,1,0,1,0.0,False,True
PolitiFact,azdps.gov,0,1,1,1.0,False,True
PolitiFact,barackobamaexperiment.com,0,1,1,1.0,False,True
PolitiFact,beforeitsnews.com,1,0,1,0.0,False,True
PolitiFact,beta.criticalmention.com,0,1,1,1.0,False,True
PolitiFact,bioguide.congress.gov,0,1,1,1.0,False,True
PolitiFact,blingnews.com,1,0,1,0.0,False,True
PolitiFact,blog.aflcio.org,0,1,1,1.0,False,True
PolitiFact,blogs.desmoinesregister.com,0,1,1,1.0,False,True
PolitiFact,blogs.rollcall.com,0,1,1,1.0,False,True
PolitiFact,blogs.trendolizer.com,1,0,1,0.0,False,True
PolitiFact,blogs.wsj.com,0,1,1,1.0,False,True
PolitiFact,bloomberg.com,0,1,1,1.0,False,True
PolitiFact,bluedotdaily.com,1,0,1,0.0,False,True
PolitiFact,bobmcdonnell.com,0,1,1,1.0,False,True
PolitiFact,boingboing.net,1,0,1,0.0,False,True
PolitiFact,boston.com,0,1,1,1.0,False,True
PolitiFact,breaking13news.com,1,0,1,0.0,False,True
PolitiFact,breakingtop.world,1,0,1,0.0,False,True
PolitiFact,brighthorizons.com,0,1,1,1.0,False,True
PolitiFact,campaignmoney.org,0,1,1,1.0,False,True
PolitiFact,capitaleye.org,0,1,1,1.0,False,True
PolitiFact,channel24news.com,1,0,1,0.0,False,True
PolitiFact,chicagosuntimes.live,1,0,1,0.0,False,True
PolitiFact,chicagotribune.com,0,1,1,1.0,False,True
PolitiFact,christforums.org,1,0,1,0.0,False,True
PolitiFact,christmasdailygifts.info,1,0,1,0.0,False,True
PolitiFact,citizenlink.org,0,1,1,1.0,False,True
PolitiFact,clerk.house.gov,0,1,1,1.0,False,True
PolitiFact,colbertnation.com,0,1,1,1.0,False,True
PolitiFact,commonwealthfund.org,0,1,1,1.0,False,True
PolitiFact,conservative-headlines.com,1,0,1,0.0,False,True
PolitiFact,conservative7.com,1,0,1,0.0,False,True
PolitiFact,conservativepost.com,1,0,1,0.0,False,True
PolitiFact,conservativestories.com,1,0,1,0.0,False,True
PolitiFact,conservativetown.com,1,0,1,0.0,False,True
PolitiFact,cpsc.gov,1,0,1,0.0,False,True
PolitiFact,cqpolitics.com,0,1,1,1.0,False,True
PolitiFact,crime.chicagotribune.com,0,1,1,1.0,False,True
PolitiFact,cuinsight.com,0,1,1,1.0,False,True
PolitiFact,cvikas.com,1,0,1,0.0,False,True
PolitiFact,daily-vine.com,1,0,1,0.0,False,True
PolitiFact,dailybuzzlive.com,1,0,1,0.0,False,True
PolitiFact,dailyheadlines.net,1,0,1,0.0,False,True
PolitiFact,dailynative.us,1,0,1,0.0,False,True
PolitiFact,dailynewsforamericans.com,1,0,1,0.0,False,True
PolitiFact,dailysidnews.com,1,0,1,0.0,False,True
PolitiFact,data.unhcr.org,0,1,1,1.0,False,True
PolitiFact,debates.org,0,1,1,1.0,False,True
PolitiFact,defense-usa.xyz,1,0,1,0.0,False,True
PolitiFact,defenselink.mil,0,1,1,1.0,False,True
PolitiFact,delta-flying.info,1,0,1,0.0,False,True
PolitiFact,demconvention.com,0,1,1,1.0,False,True
PolitiFact,demint.senate.gov,0,1,1,1.0,False,True
PolitiFact,democracynow.org,0,1,1,1.0,False,True
PolitiFact,democrats-oversight.house.gov,0,1,1,1.0,False,True
PolitiFact,dems.gov,0,1,1,1.0,False,True
PolitiFact,departedmedia.com,1,0,1,0.0,False,True
PolitiFact,desmoinesregister.com,0,1,1,1.0,False,True
PolitiFact,diamondandsilk.americandailynews.org,1,0,1,0.0,False,True
PolitiFact,disclose.tv,1,0,1,0.0,False,True
PolitiFact,dni.gov,0,1,1,1.0,False,True
PolitiFact,docquery.fec.gov,0,1,1,1.0,False,True
PolitiFact,documentcloud.org,0,1,1,1.0,False,True
PolitiFact,documents.nytimes.com,0,1,1,1.0,False,True
PolitiFact,doe.mass.edu,0,1,1,1.0,False,True
PolitiFact,donaldjtrump.com,0,1,1,1.0,False,True
PolitiFact,donaldtrainews.blogspot.com,1,0,1,0.0,False,True
PolitiFact,duffelblog.com,1,0,1,0.0,False,True
PolitiFact,econewsmedia.org,1,0,1,0.0,False,True
PolitiFact,economist.com,0,1,1,1.0,False,True
PolitiFact,ed.gov,0,1,1,1.0,False,True
PolitiFact,edition.cnn.com,0,1,1,1.0,False,True
PolitiFact,eia.doe.gov,0,1,1,1.0,False,True
PolitiFact,eia.gov,0,1,1,1.0,False,True
PolitiFact,elections.nytimes.com,0,1,1,1.0,False,True
PolitiFact,elsa.berkeley.edu,0,1,1,1.0,False,True
PolitiFact,empiresports.co,1,0,1,0.0,False,True
PolitiFact,emsnews.wordpress.com,1,0,1,0.0,False,True
PolitiFact,energycommerce.house.gov,0,1,1,1.0,False,True
PolitiFact,enhlive.com,1,0,1,0.0,False,True
PolitiFact,epi.org,0,1,1,1.0,False,True
PolitiFact,evanjenkins.house.gov,0,1,1,1.0,False,True
PolitiFact,exclusive103.com,1,0,1,0.0,False,True
PolitiFact,facts.hillaryhub.com,0,1,1,1.0,False,True
PolitiFact,fda.gov,1,0,1,0.0,False,True
PolitiFact,fdic.gov,0,1,1,1.0,False,True
PolitiFact,federalisttribune.com,1,0,1,0.0,False,True
PolitiFact,fedupthebook.com,0,1,1,1.0,False,True
PolitiFact,fellowshipoftheminds.com,1,0,1,0.0,False,True
PolitiFact,findarticles.com,0,1,1,1.0,False,True
PolitiFact,firstpost.com,1,0,1,0.0,False,True
PolitiFact,flake.senate.gov,0,1,1,1.0,False,True
PolitiFact,flashnewscorner.com,1,0,1,0.0,False,True
PolitiFact,focusonthefamily.com,0,1,1,1.0,False,True
PolitiFact,forbes.com,0,1,1,1.0,False,True
PolitiFact,foreign.senate.gov,0,1,1,1.0,False,True
PolitiFact,foreignaffairs.org,0,1,1,1.0,False,True
PolitiFact,forfreedomworld.com,1,0,1,0.0,False,True
PolitiFact,forums.spacebattles.com,1,0,1,0.0,False,True
PolitiFact,fox5dc.com,1,0,1,0.0,False,True
PolitiFact,freedumjunkshun.com,1,0,1,0.0,False,True
PolitiFact,freeinfomedia.com,1,0,1,0.0,False,True
PolitiFact,frontpagemagazine.com,0,1,1,1.0,False,True
PolitiFact,fsis.usda.gov,0,1,1,1.0,False,True
PolitiFact,fuelgaugereport.com,0,1,1,1.0,False,True
PolitiFact,gao.gov,0,1,1,1.0,False,True
PolitiFact,gellerreport.com,1,0,1,0.0,False,True
PolitiFact,genius.com,1,0,1,0.0,False,True
PolitiFact,geopolitica.ru,1,0,1,0.0,False,True
PolitiFact,ghanaweb.website,1,0,1,0.0,False,True
PolitiFact,globalsecurity.org,0,1,1,1.0,False,True
PolitiFact,gloria.tv,1,0,1,0.0,False,True
PolitiFact,google.com,0,1,1,1.0,False,True
PolitiFact,gop.gov,0,1,1,1.0,False,True
PolitiFact,gopleader.gov,0,1,1,1.0,False,True
PolitiFact,graphics.nra.org,0,1,1,1.0,False,True
PolitiFact,gravel2008.us,0,1,1,1.0,False,True
PolitiFact,greentechmedia.com,0,1,1,1.0,False,True
PolitiFact,guardian.co.uk,0,1,1,1.0,False,True
PolitiFact,gunrights.trendolizer.com,1,0,1,0.0,False,True
PolitiFact,guttmacher.org,0,1,1,1.0,False,True
PolitiFact,haaretz.com,1,0,1,0.0,False,True
PolitiFact,halfwaypost.com,1,0,1,0.0,False,True
PolitiFact,haysresearch.com,0,1,1,1.0,False,True
PolitiFact,helloforos.com,1,0,1,0.0,False,True
PolitiFact,higherperspectives.com,1,0,1,0.0,False,True
PolitiFact,hitwise.com,0,1,1,1.0,False,True
PolitiFact,hollywoodreporter.com,1,0,1,0.0,False,True
PolitiFact,homelessholocaust.wordpress.com,1,0,1,0.0,False,True
PolitiFact,hotgazette.com,1,0,1,0.0,False,True
PolitiFact,house.gov,1,0,1,0.0,False,True
PolitiFact,houstonpost.co,1,0,1,0.0,False,True
PolitiFact,howafrica.com,1,0,1,0.0,False,True
PolitiFact,huffingtonpost.com,0,1,1,1.0,False,True
PolitiFact,huzlers.com,1,0,1,0.0,False,True
PolitiFact,ilovenativeamericans.us,1,0,1,0.0,False,True
PolitiFact,independent.co.uk,1,0,1,0.0,False,True
PolitiFact,info.nct.news,1,0,1,0.0,False,True
PolitiFact,infowars.com,1,0,1,0.0,False,True
PolitiFact,inshapetoday.com,1,0,1,0.0,False,True
PolitiFact,inspiringday.com,1,0,1,0.0,False,True
PolitiFact,internationalflashnews.blogspot.com,1,0,1,0.0,False,True
PolitiFact,inverse.com,1,0,1,0.0,False,True
PolitiFact,iqmediacorp.com,0,1,1,1.0,False,True
PolitiFact,jis.gov.jm,1,0,1,0.0,False,True
PolitiFact,judiciary.house.gov,0,1,1,1.0,False,True
PolitiFact,jumboreport.com,1,0,1,0.0,False,True
PolitiFact,justice.gov,1,0,1,0.0,False,True
PolitiFact,ladylibertysnews.com,1,0,1,0.0,False,True
PolitiFact,latimesblogs.latimes.com,0,1,1,1.0,False,True
PolitiFact,law.cornell.edu,0,1,1,1.0,False,True
PolitiFact,learnprogress.org,1,0,1,0.0,False,True
PolitiFact,legis.state.ak.us,0,1,1,1.0,False,True
PolitiFact,legis.wisconsin.gov,0,1,1,1.0,False,True
PolitiFact,liberalplug.com,1,0,1,0.0,False,True
PolitiFact,libertyheadlines.com,1,0,1,0.0,False,True
PolitiFact,lidblog.com,1,0,1,0.0,False,True
PolitiFact,londonwebnews.com,1,0,1,0.0,False,True
PolitiFact,lovethispic.com,1,0,1,0.0,False,True
PolitiFact,madworldnews.com,1,0,1,0.0,False,True
PolitiFact,maga2020.us,1,0,1,0.0,False,True
PolitiFact,majorthoughts.com,1,0,1,0.0,False,True
PolitiFact,mass.gov,0,1,1,1.0,False,True
PolitiFact,masscops.com,1,0,1,0.0,False,True
PolitiFact,maxipolitics.com,1,0,1,0.0,False,True
PolitiFact,mccain.senate.gov,0,1,1,1.0,False,True
PolitiFact,miamipost.co,1,0,1,0.0,False,True
PolitiFact,mightynest.com,1,0,1,0.0,False,True
PolitiFact,minnesota.cbslocal.com,0,1,1,1.0,False,True
PolitiFact,mirror.co.uk,1,0,1,0.0,False,True
PolitiFact,motherjones.com,0,1,1,1.0,False,True
PolitiFact,msnbc.com,0,1,1,1.0,False,True
PolitiFact,mtv.com,0,1,1,1.0,False,True
PolitiFact,mysterious-times.com,1,0,1,0.0,False,True
PolitiFact,mysteriousearth.club,1,0,1,0.0,False,True
PolitiFact,nap.edu,0,1,1,1.0,False,True
PolitiFact,nbc.com,0,1,1,1.0,False,True
PolitiFact,neon-nettle.com,1,0,1,0.0,False,True
PolitiFact,news.antiwar.com,1,0,1,0.0,False,True
PolitiFact,news.groopspeak.com,1,0,1,0.0,False,True
PolitiFact,news.yahoo.com,0,1,1,1.0,False,True
PolitiFact,newscats.org,1,0,1,0.0,False,True
PolitiFact,newschannel5.com,0,1,1,1.0,False,True
PolitiFact,newsconservative.com,1,0,1,0.0,False,True
PolitiFact,newsdaily12.com,1,0,1,0.0,False,True
PolitiFact,newsdonaldtrumps.com,1,0,1,0.0,False,True
PolitiFact,newsexaminer.net,1,0,1,0.0,False,True
PolitiFact,newsfeedobserver.com,1,0,1,0.0,False,True
PolitiFact,newsfeedusa.us,1,0,1,0.0,False,True
PolitiFact,newstarget.com,1,0,1,0.0,False,True
PolitiFact,newsuptoday.com,1,0,1,0.0,False,True
PolitiFact,nfib-sbet.org,0,1,1,1.0,False,True
PolitiFact,nobelprize.org,0,1,1,1.0,False,True
PolitiFact,nofakenews.online,1,0,1,0.0,False,True
PolitiFact,nourtey.com,1,0,1,0.0,False,True
PolitiFact,now8news.com,1,0,1,0.0,False,True
PolitiFact,nowtrump.com,1,0,1,0.0,False,True
PolitiFact,npr.org,0,1,1,1.0,False,True
PolitiFact,nrdc.org,0,1,1,1.0,False,True
PolitiFact,nscdscamps.org,1,0,1,0.0,False,True
PolitiFact,nydailynews-tv.com,1,0,1,0.0,False,True
PolitiFact,nyfoxnews.co,1,0,1,0.0,False,True
PolitiFact,nytimes-news.com,1,0,1,0.0,False,True
PolitiFact,nytiwes.com,1,0,1,0.0,False,True
PolitiFact,occupydemocrats.com,1,0,1,0.0,False,True
PolitiFact,ohioart.com,0,1,1,1.0,False,True
PolitiFact,onlypolitics.info,1,0,1,0.0,False,True
PolitiFact,opreminfo.com,1,0,1,0.0,False,True
PolitiFact,ourlandofthefree.com,1,0,1,0.0,False,True
PolitiFact,ourvoiceny.com,1,0,1,0.0,False,True
PolitiFact,patriotcrier.com,1,0,1,0.0,False,True
PolitiFact,patrioticviralnews.com,1,0,1,0.0,False,True
PolitiFact,patriotnetwork.one,1,0,1,0.0,False,True
PolitiFact,paul.senate.gov,0,1,1,1.0,False,True
PolitiFact,pegida.trendolizer.com,1,0,1,0.0,False,True
PolitiFact,pewforum.org,0,1,1,1.0,False,True
PolitiFact,pewtrusts.org,1,0,1,0.0,False,True
PolitiFact,pirate4x4.com,1,0,1,0.0,False,True
PolitiFact,pix11.com,1,0,1,0.0,False,True
PolitiFact,plannedparenthoodaction.org,0,1,1,1.0,False,True
PolitiFact,policetimes.info,1,0,1,0.0,False,True
PolitiFact,politicaladarchive.org,0,1,1,1.0,False,True
PolitiFact,politicalmayhem.news,1,0,1,0.0,False,True
PolitiFact,politicass.com,1,0,1,0.0,False,True
PolitiFact,politics.blogs.foxnews.com,0,1,1,1.0,False,True
PolitiFact,politics2020.info,1,0,1,0.0,False,True
PolitiFact,politicsdaily.com,0,1,1,1.0,False,True
PolitiFact,politicsdepot.com,1,0,1,0.0,False,True
PolitiFact,politicspaper.com,1,0,1,0.0,False,True
PolitiFact,politifeed.net,1,0,1,0.0,False,True
PolitiFact,polls.trendolizer.com,1,0,1,0.0,False,True
PolitiFact,popularmechanics.com,0,1,1,1.0,False,True
PolitiFact,portalstate.com,1,0,1,0.0,False,True
PolitiFact,potus-press.com,1,0,1,0.0,False,True
PolitiFact,press.org,0,1,1,1.0,False,True
PolitiFact,proconservativenews.com,1,0,1,0.0,False,True
PolitiFact,projectrepublictoday.com,1,0,1,0.0,False,True
PolitiFact,projects.washingtonpost.com,0,1,1,1.0,False,True
PolitiFact,proudleader.com,1,0,1,0.0,False,True
PolitiFact,proxywhore.com,1,0,1,0.0,False,True
PolitiFact,quickening-spirit.com,1,0,1,0.0,False,True
PolitiFact,radaronline.com,0,1,1,1.0,False,True
PolitiFact,rare.us,0,1,1,1.0,False,True
PolitiFact,ravinderbhalla.com,1,0,1,0.0,False,True
PolitiFact,rawstory.com,0,1,1,1.0,False,True
PolitiFact,realclearpolitics.com,0,1,1,1.0,False,True
PolitiFact,realnewsrightnow.com,1,0,1,0.0,False,True
PolitiFact,realtimepolitics.com,1,0,1,0.0,False,True
PolitiFact,rearfront.com,1,0,1,0.0,False,True
PolitiFact,reddit.com,1,0,1,0.0,False,True
PolitiFact,redstatewatcher.com,1,0,1,0.0,False,True
PolitiFact,reflectionofmind.org,1,0,1,0.0,False,True
PolitiFact,religionmind.com,1,0,1,0.0,False,True
PolitiFact,republicans.foreignaffairs.house.gov,0,1,1,1.0,False,True
PolitiFact,reuters.com,0,1,1,1.0,False,True
PolitiFact,revolutionradio.org,1,0,1,0.0,False,True
PolitiFact,rickeysmileymorningshow.com,1,0,1,0.0,False,True
PolitiFact,rockymountainnews.com,0,1,1,1.0,False,True
PolitiFact,rollcall.com,0,1,1,1.0,False,True
PolitiFact,rollingstone.com,1,0,1,0.0,False,True
PolitiFact,ryannewman.org,0,1,1,1.0,False,True
PolitiFact,sasse.senate.gov,0,1,1,1.0,False,True
PolitiFact,sciam.com,0,1,1,1.0,False,True
PolitiFact,sciencevibe.com,1,0,1,0.0,False,True
PolitiFact,select.nytimes.com,0,1,1,1.0,False,True
PolitiFact,sentinelksmo.org,1,0,1,0.0,False,True
PolitiFact,sfchronicle.com,1,0,1,0.0,False,True
PolitiFact,smag31.com,1,0,1,0.0,False,True
PolitiFact,smartmindmag.com,1,0,1,0.0,False,True
PolitiFact,smoaky.com,1,0,1,0.0,False,True
PolitiFact,snapusanews.com,1,0,1,0.0,False,True
PolitiFact,snoopack.com,1,0,1,0.0,False,True
PolitiFact,someonesbones.com,1,0,1,0.0,False,True
PolitiFact,southernconservativextra.com,1,0,1,0.0,False,True
PolitiFact,soutwest-air.com,1,0,1,0.0,False,True
PolitiFact,speedtalk.com,1,0,1,0.0,False,True
PolitiFact,sportfella.com,1,0,1,0.0,False,True
PolitiFact,stabenow.senate.gov,0,1,1,1.0,False,True
PolitiFact,starbulletin.com,0,1,1,1.0,False,True
PolitiFact,state.gov,0,1,1,1.0,False,True
PolitiFact,states-tv.com,1,0,1,0.0,False,True
PolitiFact,steemit.com,1,0,1,0.0,False,True
PolitiFact,stgeorgegazette.com,1,0,1,0.0,False,True
PolitiFact,stlouisfed.org,0,1,1,1.0,False,True
PolitiFact,stluciantimes.com,1,0,1,0.0,False,True
PolitiFact,straightstoned.com,1,0,1,0.0,False,True
PolitiFact,supremecourt.gov,0,1,1,1.0,False,True
PolitiFact,switchboard.nrdc.org,0,1,1,1.0,False,True
PolitiFact,talkingpointsmemo.com,0,1,1,1.0,False,True
PolitiFact,tdtalliance.com,1,0,1,0.0,False,True
PolitiFact,teamster.org,0,1,1,1.0,False,True
PolitiFact,teddeutch.house.gov,0,1,1,1.0,False,True
PolitiFact,teddystick.com,1,0,1,0.0,False,True
PolitiFact,the-fringe.com,1,0,1,0.0,False,True
PolitiFact,thebreakingdawn.site,1,0,1,0.0,False,True
PolitiFact,theburningplatform.com,1,0,1,0.0,False,True
PolitiFact,thecaucus.blogs.nytimes.com,0,1,1,1.0,False,True
PolitiFact,thecommonsenseshow.com,1,0,1,0.0,False,True
PolitiFact,thedailyshow.com,0,1,1,1.0,False,True
PolitiFact,theeconomiccollapseblog.com,1,0,1,0.0,False,True
PolitiFact,thefederalistpapers.org,1,0,1,0.0,False,True
PolitiFact,theglobalheadlines.net,1,0,1,0.0,False,True
PolitiFact,thegoldwater.com,1,0,1,0.0,False,True
PolitiFact,theguardian.com,1,0,1,0.0,False,True
PolitiFact,thelifebuzz.com,1,0,1,0.0,False,True
PolitiFact,themoscowtimes.com,0,1,1,1.0,False,True
PolitiFact,thenationalmarijuananews.com,1,0,1,0.0,False,True
PolitiFact,thenewyorkevening.com,1,0,1,0.0,False,True
PolitiFact,thepage.time.com,0,1,1,1.0,False,True
PolitiFact,therightscoop.com,0,1,1,1.0,False,True
PolitiFact,theseattletribune.com,1,0,1,0.0,False,True
PolitiFact,thesun.co.uk,1,0,1,0.0,False,True
PolitiFact,thetrumpmedia.com,1,0,1,0.0,False,True
PolitiFact,theuspoliticalnews.com,1,0,1,0.0,False,True
PolitiFact,theverge.com,1,0,1,0.0,False,True
PolitiFact,threpublican.com,1,0,1,0.0,False,True
PolitiFact,tmzbreaking.com,1,0,1,0.0,False,True
PolitiFact,tonto.eia.doe.gov,0,1,1,1.0,False,True
PolitiFact,trainnews.info,1,0,1,0.0,False,True
PolitiFact,transcripts.cnn.com,0,1,1,1.0,False,True
PolitiFact,transcriptswire.cq.com,0,1,1,1.0,False,True
PolitiFact,triblive.com,0,1,1,1.0,False,True
PolitiFact,trueamericans.me,1,0,1,0.0,False,True
PolitiFact,truetrumpers.com,1,0,1,0.0,False,True
PolitiFact,truthexam.com,1,0,1,0.0,False,True
PolitiFact,tsa.gov,0,1,1,1.0,False,True
PolitiFact,twentyeightmay.pw,1,0,1,0.0,False,True
PolitiFact,undergroundnewsreport.com,1,0,1,0.0,False,True
PolitiFact,unhcr.org,0,1,1,1.0,False,True
PolitiFact,unilad.co.uk,1,0,1,0.0,False,True
PolitiFact,unionleader.com,0,1,1,1.0,False,True
PolitiFact,unofficialnetworks.com,1,0,1,0.0,False,True
PolitiFact,unseen-pedia.com,1,0,1,0.0,False,True
PolitiFact,urbanintellectuals.com,1,0,1,0.0,False,True
PolitiFact,us3.campaign-archive1.com,0,1,1,1.0,False,True
PolitiFact,usa24info.com,1,0,1,0.0,False,True
PolitiFact,usaconservativereport.com,1,0,1,0.0,False,True
PolitiFact,usadailyportal.com,1,0,1,0.0,False,True
PolitiFact,usadailypost.us,1,0,1,0.0,False,True
PolitiFact,usalibertypress.com,1,0,1,0.0,False,True
PolitiFact,usamirrornews.com,1,0,1,0.0,False,True
PolitiFact,usanews24h.tk,1,0,1,0.0,False,True
PolitiFact,usanewscentral.com,1,0,1,0.0,False,True
PolitiFact,usasnich.com,1,0,1,0.0,False,True
PolitiFact,usawatchdog.com,1,0,1,0.0,False,True
PolitiFact,usbreakingnews.net,1,0,1,0.0,False,True
PolitiFact,usnews.com,1,0,1,0.0,False,True
PolitiFact,usnnetwork.com,1,0,1,0.0,False,True
PolitiFact,uspostman.com,1,0,1,0.0,False,True
PolitiFact,ustreas.gov,0,1,1,1.0,False,True
PolitiFact,veterantv.com,1,0,1,0.0,False,True
PolitiFact,viralactions.com,1,0,1,0.0,False,True
PolitiFact,viraldevil.com,1,0,1,0.0,False,True
PolitiFact,viraltruthwire.com,1,0,1,0.0,False,True
PolitiFact,viralwdc.site,1,0,1,0.0,False,True
PolitiFact,vote-smart.org,0,1,1,1.0,False,True
PolitiFact,vote.us.org,1,0,1,0.0,False,True
PolitiFact,votesmart.org,0,1,1,1.0,False,True
PolitiFact,vox.com,1,0,1,0.0,False,True
PolitiFact,w3.nexis.com,0,1,1,1.0,False,True
PolitiFact,washingtonpress.com,1,0,1,0.0,False,True
PolitiFact,washingtonsources.org,1,0,1,0.0,False,True
PolitiFact,wbn12.com,1,0,1,0.0,False,True
PolitiFact,web.archive.org,0,1,1,1.0,False,True
PolitiFact,webcache.googleusercontent.com,0,1,1,1.0,False,True
PolitiFact,west.congressnewsletter.net,0,1,1,1.0,False,True
PolitiFact,wesupportdonaldtrump.com,1,0,1,0.0,False,True
PolitiFact,wfpl.org,0,1,1,1.0,False,True
PolitiFact,what-you-missed.com,1,0,1,0.0,False,True
PolitiFact,whathappensintheusa.com,1,0,1,0.0,False,True
PolitiFact,wilmingtonfilm.com,1,0,1,0.0,False,True
PolitiFact,wkrg.com,1,0,1,0.0,False,True
PolitiFact,world-politicus.com,1,0,1,0.0,False,True
PolitiFact,worldfactsftw.com,1,0,1,0.0,False,True
PolitiFact,wrpm33.com,1,0,1,0.0,False,True
PolitiFact,www2.alabamavotes.gov,1,0,1,0.0,False,True
PolitiFact,www2.tbo.com,0,1,1,1.0,False,True
PolitiFact,www6.lexisnexis.com,0,1,1,1.0,False,True
PolitiFact,zambianobserver.com,1,0,1,0.0,False,True
PolitiFact,zerohedge.com,1,0,1,0.0,False,True
PolitiFact,zimbabwe-today.com,1,0,1,0.0,False,True
GossipCop,people.com,173,1441,1614,0.8928128872366791,False,False
GossipCop,dailymail.co.uk,183,736,919,0.8008705114254625,False,False
GossipCop,usmagazine.com,116,530,646,0.8204334365325078,False,False
GossipCop,etonline.com,63,568,631,0.9001584786053882,False,False
GossipCop,longroom.com,0,562,562,1.0,False,True
GossipCop,en.wikipedia.org,76,434,510,0.8509803921568627,False,False
GossipCop,hollywoodlife.com,413,64,477,0.13417190775681342,False,False
GossipCop,hollywoodreporter.com,29,275,304,0.9046052631578947,False,False
GossipCop,usatoday.com,28,270,298,0.9060402684563759,False,False
GossipCop,variety.com,36,239,275,0.8690909090909091,False,False
GossipCop,[missing],255,13,268,0.048507462686567165,True,False
GossipCop,ew.com,41,201,242,0.8305785123966942,False,False
GossipCop,msn.com,67,120,187,0.6417112299465241,False,False
GossipCop,radaronline.com,168,18,186,0.0967741935483871,False,False
GossipCop,billboard.com,26,157,183,0.8579234972677595,False,False
GossipCop,elle.com,39,140,179,0.7821229050279329,False,False
GossipCop,today.com,12,166,178,0.9325842696629213,False,False
GossipCop,thewrap.com,14,150,164,0.9146341463414634,False,False
GossipCop,inquisitr.com,102,51,153,0.3333333333333333,False,False
GossipCop,harpersbazaar.com,21,129,150,0.86,False,False
GossipCop,bravotv.com,11,138,149,0.9261744966442953,False,False
GossipCop,celebrityinsider.org,47,100,147,0.6802721088435374,False,False
GossipCop,imdb.com,144,0,144,0.0,False,True
GossipCop,cosmopolitan.com,26,116,142,0.8169014084507042,False,False
GossipCop,bustle.com,14,123,137,0.8978102189781022,False,False
GossipCop,deadline.com,15,122,137,0.8905109489051095,False,False
GossipCop,vanityfair.com,25,112,137,0.8175182481751825,False,False
GossipCop,eonline.com,136,0,136,0.0,False,True
GossipCop,pagesix.com,36,100,136,0.7352941176470589,False,False
GossipCop,instyle.com,12,115,127,0.905511811023622,False,False
GossipCop,time.com,17,107,124,0.8629032258064516,False,False
GossipCop,refinery29.com,18,104,122,0.8524590163934426,False,False
GossipCop,foxnews.com,31,81,112,0.7232142857142857,False,False
GossipCop,newidea.com.au,101,5,106,0.04716981132075472,False,False
GossipCop,abcnews.go.com,14,91,105,0.8666666666666667,False,False
GossipCop,cnn.com,18,86,104,0.8269230769230769,False,False
GossipCop,bojtv.com,0,98,98,1.0,False,True
GossipCop,huffingtonpost.com,21,77,98,0.7857142857142857,False,False
GossipCop,medium.com,3,95,98,0.9693877551020408,False,False
GossipCop,wstale.com,0,96,96,1.0,False,True
GossipCop,businessinsider.com,16,78,94,0.8297872340425532,False,False
GossipCop,mirror.co.uk,43,51,94,0.5425531914893617,False,False
GossipCop,article.wn.com,0,93,93,1.0,False,True
GossipCop,glamour.com,7,86,93,0.9247311827956989,False,False
GossipCop,washingtonpost.com,20,71,91,0.7802197802197802,False,False
GossipCop,okmagazine.com,62,28,90,0.3111111111111111,False,False
GossipCop,theguardian.com,18,71,89,0.797752808988764,False,False
GossipCop,independent.co.uk,16,70,86,0.813953488372093,False,False
GossipCop,celebritynetworth.com,17,67,84,0.7976190476190477,False,False
GossipCop,tmz.com,21,60,81,0.7407407407407407,False,False
GossipCop,rollingstone.com,9,71,80,0.8875,False,False
GossipCop,hellogiggles.com,4,75,79,0.9493670886075949,False,False
GossipCop,popsugar.com,23,56,79,0.7088607594936709,False,False
GossipCop,popculture.com,4,74,78,0.9487179487179487,False,False
GossipCop,intouchweekly.com,59,16,75,0.21333333333333335,False,False
GossipCop,nytimes.com,12,63,75,0.84,False,False
GossipCop,express.co.uk,30,40,70,0.5714285714285714,False,False
GossipCop,vulture.com,8,62,70,0.8857142857142857,False,False
GossipCop,upi.com,2,67,69,0.9710144927536232,False,False
GossipCop,tvline.com,1,66,67,0.9850746268656716,False,False
GossipCop,zerchoo.com,0,67,67,1.0,False,True
GossipCop,justjared.com,20,45,65,0.6923076923076923,False,False
GossipCop,metro.co.uk,36,29,65,0.4461538461538462,False,False
GossipCop,nextdivas.com,0,64,64,1.0,False,True
GossipCop,teenvogue.com,11,52,63,0.8253968253968254,False,False
GossipCop,elitedaily.com,12,50,62,0.8064516129032258,False,False
GossipCop,gossipbucket.com,0,62,62,1.0,False,True
GossipCop,lifeandstylemag.com,50,10,60,0.16666666666666666,False,False
GossipCop,toofab.com,7,53,60,0.8833333333333333,False,False
GossipCop,dailynews.news,0,58,58,1.0,False,True
GossipCop,forbes.com,7,49,56,0.875,False,False
GossipCop,nydailynews.com,9,47,56,0.8392857142857143,False,False
GossipCop,thesun.co.uk,32,24,56,0.42857142857142855,False,False
GossipCop,aol.com,16,38,54,0.7037037037037037,False,False
GossipCop,cbsnews.com,11,43,54,0.7962962962962963,False,False
GossipCop,cheatsheet.com,15,39,54,0.7222222222222222,False,False
GossipCop,thisisinsider.com,8,46,54,0.8518518518518519,False,False
GossipCop,bbc.com,2,51,53,0.9622641509433962,False,False
GossipCop,thecut.com,15,37,52,0.7115384615384616,False,False
GossipCop,scoopnest.com,1,49,50,0.98,False,False
GossipCop,wmagazine.com,12,37,49,0.7551020408163265,False,False
GossipCop,yahoo.com,19,30,49,0.6122448979591837,False,False
GossipCop,en.paperblog.com,0,48,48,1.0,False,True
GossipCop,hellomagazine.com,12,36,48,0.75,False,False
GossipCop,nationalenquirer.com,48,0,48,0.0,False,True
GossipCop,thehollywoodgossip.com,40,8,48,0.16666666666666666,False,False
GossipCop,kartiavelino.com,0,47,47,1.0,False,True
GossipCop,trueara.com,0,47,47,1.0,False,True
GossipCop,amazon.com,5,40,45,0.8888888888888888,False,False
GossipCop,telegraph.co.uk,14,31,45,0.6888888888888889,False,False
GossipCop,extratv.com,15,29,44,0.6590909090909091,False,False
GossipCop,news.com.au,18,25,43,0.5813953488372093,False,False
GossipCop,vogue.com,7,36,43,0.8372093023255814,False,False
GossipCop,brides.com,6,35,41,0.8536585365853658,False,False
GossipCop,theworldnews.net,1,40,41,0.975609756097561,False,False
GossipCop,ibtimes.com,21,18,39,0.46153846153846156,False,False
GossipCop,allure.com,3,35,38,0.9210526315789473,False,False
GossipCop,latimes.com,14,24,38,0.631578947368421,False,False
GossipCop,nbcnews.com,3,35,38,0.9210526315789473,False,False
GossipCop,parkerxl.com,0,38,38,1.0,False,True
GossipCop,biphoo.com,1,35,36,0.9722222222222222,False,False
GossipCop,complex.com,8,28,36,0.7777777777777778,False,False
GossipCop,abc.go.com,5,30,35,0.8571428571428571,False,False
GossipCop,mercurynews.com,22,13,35,0.37142857142857144,False,False
GossipCop,newslocker.com,3,32,35,0.9142857142857143,False,False
GossipCop,aceshowbiz.com,24,10,34,0.29411764705882354,False,False
GossipCop,buzznews.co.uk,0,34,34,1.0,False,True
GossipCop,townandcountrymag.com,7,27,34,0.7941176470588235,False,False
GossipCop,vox.com,6,28,34,0.8235294117647058,False,False
GossipCop,mashable.com,6,27,33,0.8181818181818182,False,False
GossipCop,christianpost.com,4,28,32,0.875,False,False
GossipCop,marieclaire.com,7,25,32,0.78125,False,False
GossipCop,brit.co,4,27,31,0.8709677419354839,False,False
GossipCop,indiewire.com,1,30,31,0.967741935483871,False,False
GossipCop,tvguide.com,2,29,31,0.9354838709677419,False,False
GossipCop,biography.com,5,25,30,0.8333333333333334,False,False
GossipCop,stylecaster.com,1,29,30,0.9666666666666667,False,False
GossipCop,uk.businessinsider.com,4,26,30,0.8666666666666667,False,False
GossipCop,worldnews.easybranches.com,0,30,30,1.0,False,True
GossipCop,closerweekly.com,8,21,29,0.7241379310344828,False,False
GossipCop,reddit.com,2,27,29,0.9310344827586207,False,False
GossipCop,seventeen.com,4,25,29,0.8620689655172413,False,False
GossipCop,digitalspy.com,8,20,28,0.7142857142857143,False,False
GossipCop,nme.com,6,22,28,0.7857142857142857,False,False
GossipCop,nypost.com,9,19,28,0.6785714285714286,False,False
GossipCop,thedailybeast.com,5,23,28,0.8214285714285714,False,False
GossipCop,ibtimes.co.in,26,1,27,0.037037037037037035,False,False
GossipCop,storiesflow.com,0,27,27,1.0,False,True
GossipCop,wonderwall.com,18,9,27,0.3333333333333333,False,False
GossipCop,standard.co.uk,6,20,26,0.7692307692307693,False,False
GossipCop,nickiswift.com,3,22,25,0.88,False,False
GossipCop,romper.com,4,21,25,0.84,False,False
GossipCop,whowhatwear.com,0,25,25,1.0,False,True
GossipCop,quora.com,3,21,24,0.875,False,False
GossipCop,globalnews.ca,3,20,23,0.8695652173913043,False,False
GossipCop,iheart.com,14,9,23,0.391304347826087,False,False
GossipCop,kardashiantoday.com,1,22,23,0.9565217391304348,False,False
GossipCop,thestir.cafemom.com,12,11,23,0.4782608695652174,False,False
GossipCop,w3livenews.com,1,22,23,0.9565217391304348,False,False
GossipCop,ajc.com,3,19,22,0.8636363636363636,False,False
GossipCop,pinterest.co.uk,20,2,22,0.09090909090909091,False,False
GossipCop,soundbooks.org,0,22,22,1.0,False,True
GossipCop,theverge.com,1,21,22,0.9545454545454546,False,False
GossipCop,archyworldys.com,1,20,21,0.9523809523809523,False,False
GossipCop,celebdirtylaundry.com,21,0,21,0.0,False,True
GossipCop,chicagotribune.com,2,19,21,0.9047619047619048,False,False
GossipCop,etcanada.com,3,18,21,0.8571428571428571,False,False
GossipCop,independent.ie,6,15,21,0.7142857142857143,False,False
GossipCop,kardashians.trendolizer.com,0,21,21,1.0,False,True
GossipCop,ktvb.com,0,21,21,1.0,False,True
GossipCop,marriedbiography.com,15,6,21,0.2857142857142857,False,False
GossipCop,newhot997.com,0,21,21,1.0,False,True
GossipCop,glamourmagazine.co.uk,4,16,20,0.8,False,False
GossipCop,perezhilton.com,4,16,20,0.8,False,False
GossipCop,screenrant.com,3,17,20,0.85,False,False
GossipCop,celebitchy.com,19,0,19,0.0,False,True
GossipCop,cinemablend.com,3,16,19,0.8421052631578947,False,False
GossipCop,npr.org,2,17,19,0.8947368421052632,False,False
GossipCop,omgcheckitout.com,0,19,19,1.0,False,True
GossipCop,ibtimes.co.uk,10,8,18,0.4444444444444444,False,False
GossipCop,nbclosangeles.com,0,18,18,1.0,False,True
GossipCop,tvinsider.com,1,17,18,0.9444444444444444,False,False
GossipCop,vh1.com,4,14,18,0.7777777777777778,False,False
GossipCop,wetpaint.com,8,10,18,0.5555555555555556,False,False
GossipCop,bet.com,4,13,17,0.7647058823529411,False,False
GossipCop,essence.com,1,16,17,0.9411764705882353,False,False
GossipCop,hindustantimes.com,4,13,17,0.7647058823529411,False,False
GossipCop,newsweek.com,6,11,17,0.6470588235294118,False,False
GossipCop,tasteofcountry.com,3,14,17,0.8235294117647058,False,False
GossipCop,countryliving.com,2,14,16,0.875,False,False
GossipCop,fortune.com,2,14,16,0.875,False,False
GossipCop,j-14.com,5,11,16,0.6875,False,False
GossipCop,k92radio.com,0,16,16,1.0,False,True
GossipCop,self.com,0,16,16,1.0,False,True
GossipCop,starmagazine.com,16,0,16,0.0,False,True
GossipCop,supernewsworld.com,0,16,16,1.0,False,True
GossipCop,us.blastingnews.com,5,11,16,0.6875,False,False
GossipCop,us.hola.com,1,15,16,0.9375,False,False
GossipCop,yourtango.com,14,2,16,0.125,False,False
GossipCop,buzzfeed.com,0,15,15,1.0,False,True
GossipCop,comedyfeed.co.uk,0,15,15,1.0,False,True
GossipCop,mtv.com,3,12,15,0.8,False,False
GossipCop,nbc.com,4,11,15,0.7333333333333333,False,False
GossipCop,nbcchicago.com,0,15,15,1.0,False,True
GossipCop,purewow.com,0,15,15,1.0,False,True
GossipCop,goodhousekeeping.com,5,9,14,0.6428571428571429,False,False
GossipCop,money.cnn.com,1,13,14,0.9285714285714286,False,False
GossipCop,mtv.co.uk,1,13,14,0.9285714285714286,False,False
GossipCop,newsflash.one,0,14,14,1.0,False,True
GossipCop,nowtolove.com.au,9,5,14,0.35714285714285715,False,False
GossipCop,ranker.com,3,11,14,0.7857142857142857,False,False
GossipCop,sheknows.com,5,9,14,0.6428571428571429,False,False
GossipCop,si.com,0,14,14,1.0,False,True
GossipCop,tech2.org,0,14,14,1.0,False,True
GossipCop,theblast.com,2,12,14,0.8571428571428571,False,False
GossipCop,15minutenews.com,0,13,13,1.0,False,True
GossipCop,floor8.com,0,13,13,1.0,False,True
GossipCop,her.ie,2,11,13,0.8461538461538461,False,False
GossipCop,justjaredjr.com,1,12,13,0.9230769230769231,False,False
GossipCop,lipstickalley.com,1,12,13,0.9230769230769231,False,False
GossipCop,ohnotheydidnt.livejournal.com,3,10,13,0.7692307692307693,False,False
GossipCop,onenewspage.com,0,13,13,1.0,False,True
GossipCop,oscar.go.com,5,8,13,0.6153846153846154,False,False
GossipCop,powerslc.com,0,13,13,1.0,False,True
GossipCop,simplemost.com,0,13,13,1.0,False,True
GossipCop,architecturaldigest.com,2,10,12,0.8333333333333334,False,False
GossipCop,bankrate.com,3,9,12,0.75,False,False
GossipCop,ca.hellomagazine.com,0,12,12,1.0,False,True
GossipCop,cbs.com,0,12,12,1.0,False,True
GossipCop,dailymotion.com,12,0,12,0.0,False,True
GossipCop,dailystar.co.uk,10,2,12,0.16666666666666666,False,False
GossipCop,hotnewhiphop.com,5,7,12,0.5833333333333334,False,False
GossipCop,parade.com,1,11,12,0.9166666666666666,False,False
GossipCop,allabouttrh.com,1,10,11,0.9090909090909091,False,False
GossipCop,capitalfm.com,4,7,11,0.6363636363636364,False,False
GossipCop,channel24.co.za,0,11,11,1.0,False,True
GossipCop,footwearnews.com,0,11,11,1.0,False,True
GossipCop,ftw.usatoday.com,1,10,11,0.9090909090909091,False,False
GossipCop,girlfriend.com.au,9,2,11,0.18181818181818182,False,False
GossipCop,gq.com,1,10,11,0.9090909090909091,False,False
GossipCop,huffingtonpost.ca,3,8,11,0.7272727272727273,False,False
GossipCop,liveindex.co.uk,0,11,11,1.0,False,True
GossipCop,nbcsandiego.com,0,11,11,1.0,False,True
GossipCop,neuzd.wordpress.com,0,11,11,1.0,False,True
GossipCop,news.iheart.com,1,10,11,0.9090909090909091,False,False
GossipCop,news9ontime.com,0,11,11,1.0,False,True
GossipCop,newscabal.co.uk,0,11,11,1.0,False,True
GossipCop,newsday.com,4,7,11,0.6363636363636364,False,False
GossipCop,popcrush.com,1,10,11,0.9090909090909091,False,False
GossipCop,realityblurb.com,1,10,11,0.9090909090909091,False,False
GossipCop,reuters.com,1,10,11,0.9090909090909091,False,False
GossipCop,theringer.com,2,9,11,0.8181818181818182,False,False
GossipCop,torontosun.com,2,9,11,0.8181818181818182,False,False
GossipCop,vibe.com,0,11,11,1.0,False,True
GossipCop,vogue.com.au,2,9,11,0.8181818181818182,False,False
GossipCop,wwd.com,0,11,11,1.0,False,True
GossipCop,zig.com,0,11,11,1.0,False,True
GossipCop,accessonline.com,3,7,10,0.7,False,False
GossipCop,amnayzh.wordpress.com,0,10,10,1.0,False,True
GossipCop,apnews.com,1,9,10,0.9,False,False
GossipCop,bossip.com,6,4,10,0.4,False,False
GossipCop,celebuzz.com,5,5,10,0.5,False,False
GossipCop,cnbc.com,1,9,10,0.9,False,False
GossipCop,collider.com,3,7,10,0.7,False,False
GossipCop,comicbook.com,3,7,10,0.7,False,False
GossipCop,esquire.com,1,9,10,0.9,False,False
GossipCop,fashionista.com,0,10,10,1.0,False,True
GossipCop,finance.yahoo.com,2,8,10,0.8,False,False
GossipCop,genius.com,3,7,10,0.7,False,False
GossipCop,magzter.com,10,0,10,0.0,False,True
GossipCop,onairwithryan.iheart.com,2,8,10,0.8,False,False
GossipCop,shape.com,0,10,10,1.0,False,True
GossipCop,spin.com,2,8,10,0.8,False,False
GossipCop,tennessean.com,1,9,10,0.9,False,False
GossipCop,thetalko.com,2,8,10,0.8,False,False
GossipCop,timesofindia.indiatimes.com,4,6,10,0.6,False,False
GossipCop,tribune.com.pk,4,6,10,0.6,False,False
GossipCop,tv.avclub.com,0,10,10,1.0,False,True
GossipCop,wikihow.com,0,10,10,1.0,False,True
GossipCop,womenshealthmag.com,1,9,10,0.9,False,False
GossipCop,yournewswire.com,10,0,10,0.0,False,True
GossipCop,951wayv.com,0,9,9,1.0,False,True
GossipCop,bbc.co.uk,0,9,9,1.0,False,True
GossipCop,books.google.com,9,0,9,0.0,False,True
GossipCop,broadwayworld.com,2,7,9,0.7777777777777778,False,False
GossipCop,celebrity.nine.com.au,1,8,9,0.8888888888888888,False,False
GossipCop,consequenceofsound.net,0,9,9,1.0,False,True
GossipCop,denofgeek.com,0,9,9,1.0,False,True
GossipCop,fame10.com,1,8,9,0.8888888888888888,False,False
GossipCop,goldderby.com,3,6,9,0.6666666666666666,False,False
GossipCop,iheartradio.ca,0,9,9,1.0,False,True
GossipCop,indianexpress.com,5,4,9,0.4444444444444444,False,False
GossipCop,instylemag.com.au,2,7,9,0.7777777777777778,False,False
GossipCop,iol.co.za,2,7,9,0.7777777777777778,False,False
GossipCop,irishexaminer.com,1,8,9,0.8888888888888888,False,False
GossipCop,jezebel.com,4,5,9,0.5555555555555556,False,False
GossipCop,meaww.com,3,6,9,0.6666666666666666,False,False
GossipCop,pitchfork.com,0,9,9,1.0,False,True
GossipCop,stuff.co.nz,3,6,9,0.6666666666666666,False,False
GossipCop,thehill.com,3,6,9,0.6666666666666666,False,False
GossipCop,thezoereport.com,0,9,9,1.0,False,True
GossipCop,wkyc.com,0,9,9,1.0,False,True
GossipCop,35.196.40.165,0,8,8,1.0,False,True
GossipCop,byrdie.com,0,8,8,1.0,False,True
GossipCop,celebretainment.com,1,7,8,0.875,False,False
GossipCop,click2houston.com,1,7,8,0.875,False,False
GossipCop,cmt.com,0,8,8,1.0,False,True
GossipCop,elle.com.au,2,6,8,0.75,False,False
GossipCop,feedbox.com,0,8,8,1.0,False,True
GossipCop,forums.previously.tv,0,8,8,1.0,False,True
GossipCop,huffpost.com,0,8,8,1.0,False,True
GossipCop,irishtimes.com,4,4,8,0.5,False,False
GossipCop,jamesnews.com,1,7,8,0.875,False,False
GossipCop,lastylemagazine.com,0,8,8,1.0,False,True
GossipCop,newsbeezer.com,1,7,8,0.875,False,False
GossipCop,radiotimes.com,2,6,8,0.75,False,False
GossipCop,rare.us,0,8,8,1.0,False,True
GossipCop,revelist.com,2,6,8,0.75,False,False
GossipCop,rollingout.com,2,6,8,0.75,False,False
GossipCop,slate.com,3,5,8,0.625,False,False
GossipCop,theknotnews.com,0,8,8,1.0,False,True
GossipCop,uproxx.com,0,8,8,1.0,False,True
GossipCop,wsj.com,3,5,8,0.625,False,False
GossipCop,abc7.com,1,6,7,0.8571428571428571,False,False
GossipCop,avclub.com,0,7,7,1.0,False,True
GossipCop,babygaga.com,0,7,7,1.0,False,True
GossipCop,buycelebrityclothes.com,0,7,7,1.0,False,True
GossipCop,cbc.ca,0,7,7,1.0,False,True
GossipCop,espn.com,0,7,7,1.0,False,True
GossipCop,grammy.com,0,7,7,1.0,False,True
GossipCop,harpersbazaar.com.au,4,3,7,0.42857142857142855,False,False
GossipCop,health.com,1,6,7,0.8571428571428571,False,False
GossipCop,heavy.com,5,2,7,0.2857142857142857,False,False
GossipCop,highsnobiety.com,3,4,7,0.5714285714285714,False,False
GossipCop,insideedition.com,0,7,7,1.0,False,True
GossipCop,madamenoire.com,1,6,7,0.8571428571428571,False,False
GossipCop,marieclaire.com.au,3,4,7,0.5714285714285714,False,False
GossipCop,mid-day.com,3,4,7,0.5714285714285714,False,False
GossipCop,newbeauty.com,0,7,7,1.0,False,True
GossipCop,news.google.com,7,0,7,0.0,False,True
GossipCop,news.sky.com,0,7,7,1.0,False,True
GossipCop,ok.co.uk,7,0,7,0.0,False,True
GossipCop,pennews.pencidesign.com,0,7,7,1.0,False,True
GossipCop,polygon.com,0,7,7,1.0,False,True
GossipCop,rarolae.com,0,7,7,1.0,False,True
GossipCop,sacbee.com,2,5,7,0.7142857142857143,False,False
GossipCop,screencrush.com,1,6,7,0.8571428571428571,False,False
GossipCop,slashfilm.com,0,7,7,1.0,False,True
GossipCop,telemundo.com,0,7,7,1.0,False,True
GossipCop,thegrapevine.theroot.com,0,7,7,1.0,False,True
GossipCop,thehollywoodunlocked.com,0,7,7,1.0,False,True
GossipCop,thelist.com,2,5,7,0.7142857142857143,False,False
GossipCop,travelandleisure.com,3,4,7,0.5714285714285714,False,False
GossipCop,whoistampabay.com,0,7,7,1.0,False,True
GossipCop,wrestlinginc.com,0,7,7,1.0,False,True
GossipCop,xxlmag.com,2,5,7,0.7142857142857143,False,False
GossipCop,1043myfm.iheart.com,0,6,6,1.0,False,True
GossipCop,9news.com,0,6,6,1.0,False,True
GossipCop,adweek.com,1,5,6,0.8333333333333334,False,False
GossipCop,aplus.com,1,5,6,0.8333333333333334,False,False
GossipCop,bleacherreport.com,1,5,6,0.8333333333333334,False,False
GossipCop,bramptonguardian.com,2,4,6,0.6666666666666666,False,False
GossipCop,canada-today.com,0,6,6,1.0,False,True
GossipCop,cnet.com,0,6,6,1.0,False,True
GossipCop,dailyedge.ie,3,3,6,0.5,False,False
GossipCop,dailygawk.com,0,6,6,1.0,False,True
GossipCop,dailytelegraph.com.au,4,2,6,0.3333333333333333,False,False
GossipCop,dnaindia.com,1,5,6,0.8333333333333334,False,False
GossipCop,economictimes.indiatimes.com,3,3,6,0.5,False,False
GossipCop,ellentube.com,4,2,6,0.3333333333333333,False,False
GossipCop,entertainmentdaily.co.uk,4,2,6,0.3333333333333333,False,False
GossipCop,ewn.co.za,0,6,6,1.0,False,True
GossipCop,glittermagrocks.com,0,6,6,1.0,False,True
GossipCop,monstersandcritics.com,0,6,6,1.0,False,True
GossipCop,mother.ly,1,5,6,0.8333333333333334,False,False
GossipCop,mystylebykartia.blogspot.com,0,6,6,1.0,False,True
GossipCop,naughtygossip.com,4,2,6,0.3333333333333333,False,False
GossipCop,nbcnewyork.com,0,6,6,1.0,False,True
GossipCop,nbcumv.com,0,6,6,1.0,False,True
GossipCop,newnownext.com,0,6,6,1.0,False,True
GossipCop,newyorker.com,2,4,6,0.6666666666666666,False,False
GossipCop,onecountry.com,2,4,6,0.6666666666666666,False,False
GossipCop,oxygen.com,1,5,6,0.8333333333333334,False,False
GossipCop,papermag.com,0,6,6,1.0,False,True
GossipCop,peoplemagazine.co.za,1,5,6,0.8333333333333334,False,False
GossipCop,realsimple.com,1,5,6,0.8333333333333334,False,False
GossipCop,redbookmag.com,2,4,6,0.6666666666666666,False,False
GossipCop,scmp.com,2,4,6,0.6666666666666666,False,False
GossipCop,syfy.com,2,4,6,0.6666666666666666,False,False
GossipCop,theatlantic.com,5,1,6,0.16666666666666666,False,False
GossipCop,theboot.com,0,6,6,1.0,False,True
GossipCop,tvovermind.com,0,6,6,1.0,False,True
GossipCop,us.hellomagazine.com,0,6,6,1.0,False,True
GossipCop,who.com.au,1,5,6,0.8333333333333334,False,False
GossipCop,worldstarsmag.com,0,6,6,1.0,False,True
GossipCop,wwe.com,0,6,6,1.0,False,True
GossipCop,x17online.com,6,0,6,0.0,False,True
GossipCop,youth-junction.com,0,6,6,1.0,False,True
GossipCop,zimbio.com,0,6,6,1.0,False,True
GossipCop,au.be.yahoo.com,5,0,5,0.0,False,True
GossipCop,bnn.org,0,5,5,1.0,False,True
GossipCop,bostonglobe.com,1,4,5,0.8,False,False
GossipCop,cbssports.com,0,5,5,1.0,False,True
GossipCop,celebritygossippics.com,0,5,5,1.0,False,True
GossipCop,contactmusic.com,4,1,5,0.2,False,False
GossipCop,cosmopolitan.com.au,5,0,5,0.0,False,True
GossipCop,dejavu-intl.com,0,5,5,1.0,False,True
GossipCop,enstarz.com,4,1,5,0.2,False,False
GossipCop,flickr.com,1,4,5,0.8,False,False
GossipCop,follownews.com,0,5,5,1.0,False,True
GossipCop,frostsnow.com,0,5,5,1.0,False,True
GossipCop,fuse.tv,0,5,5,1.0,False,True
GossipCop,greysanatomy.fandom.com,0,5,5,1.0,False,True
GossipCop,heightline.com,1,4,5,0.8,False,False
GossipCop,hiplatina.com,1,4,5,0.8,False,False
GossipCop,ign.com,0,5,5,1.0,False,True
GossipCop,inglewoodtoday.com,0,5,5,1.0,False,True
GossipCop,inverse.com,0,5,5,1.0,False,True
GossipCop,irishmirror.ie,5,0,5,0.0,False,True
GossipCop,journalpost.com,4,1,5,0.2,False,False
GossipCop,katyperry.trendolizer.com,0,5,5,1.0,False,True
GossipCop,latina.com,0,5,5,1.0,False,True
GossipCop,latintimes.com,0,5,5,1.0,False,True
GossipCop,littlethings.com,0,5,5,1.0,False,True
GossipCop,marthastewartweddings.com,2,3,5,0.6,False,False
GossipCop,mensjournal.com,2,3,5,0.6,False,False
GossipCop,miami.com,0,5,5,1.0,False,True
GossipCop,moviefone.com,1,4,5,0.8,False,False
GossipCop,narcity.com,0,5,5,1.0,False,True
GossipCop,nbcphiladelphia.com,0,5,5,1.0,False,True
GossipCop,nymag.com,1,4,5,0.8,False,False
GossipCop,out.com,0,5,5,1.0,False,True
GossipCop,popbuzz.com,0,5,5,1.0,False,True
GossipCop,psychologytoday.com,1,4,5,0.8,False,False
GossipCop,quemas.mamaslatinas.com,0,5,5,1.0,False,True
GossipCop,realitytea.com,0,5,5,1.0,False,True
GossipCop,revolt.tv,3,2,5,0.4,False,False
GossipCop,smh.com.au,2,3,5,0.6,False,False
GossipCop,steemit.com,1,4,5,0.8,False,False
GossipCop,superbhub.com,0,5,5,1.0,False,True
GossipCop,thrillist.com,1,4,5,0.8,False,False
GossipCop,timesnownews.com,2,3,5,0.6,False,False
GossipCop,twoeggz.com,3,2,5,0.4,False,False
GossipCop,vivala.com,1,4,5,0.8,False,False
GossipCop,vogue.co.uk,1,4,5,0.8,False,False
GossipCop,wellandgood.com,1,4,5,0.8,False,False
GossipCop,abc13.com,0,4,4,1.0,False,True
GossipCop,abc15.com,1,3,4,0.75,False,False
GossipCop,adage.com,2,2,4,0.5,False,False
GossipCop,aminoapps.com,0,4,4,1.0,False,True
GossipCop,azcentral.com,0,4,4,1.0,False,True
GossipCop,babble.com,1,3,4,0.75,False,False
GossipCop,beautycrew.com.au,1,3,4,0.75,False,False
GossipCop,business-standard.com,3,1,4,0.25,False,False
GossipCop,canoe.com,1,3,4,0.75,False,False
GossipCop,cbr.com,0,4,4,1.0,False,True
GossipCop,celebposter.com,0,4,4,1.0,False,True
GossipCop,comingsoon.net,0,4,4,1.0,False,True
GossipCop,dailytimes.com.pk,0,4,4,1.0,False,True
GossipCop,datalounge.com,3,1,4,0.25,False,False
GossipCop,deccanchronicle.com,2,2,4,0.5,False,False
GossipCop,delish.com,0,4,4,1.0,False,True
GossipCop,desmoinesregister.com,0,4,4,1.0,False,True
GossipCop,digitaltrends.com,0,4,4,1.0,False,True
GossipCop,digviral.com,0,4,4,1.0,False,True
GossipCop,distractify.com,0,4,4,1.0,False,True
GossipCop,ebony.com,1,3,4,0.75,False,False
GossipCop,elledecor.com,0,4,4,1.0,False,True
GossipCop,fastcompany.com,0,4,4,1.0,False,True
GossipCop,flare.com,1,3,4,0.75,False,False
GossipCop,forward.com,1,3,4,0.75,False,False
GossipCop,gobankingrates.com,3,1,4,0.25,False,False
GossipCop,indiatoday.in,2,2,4,0.5,False,False
GossipCop,intomore.com,1,3,4,0.75,False,False
GossipCop,io9.gizmodo.com,0,4,4,1.0,False,True
GossipCop,justdial.com,0,4,4,1.0,False,True
GossipCop,kinggossip.com,4,0,4,0.0,False,True
GossipCop,marieclaire.co.uk,2,2,4,0.5,False,False
GossipCop,marketwatch.com,0,4,4,1.0,False,True
GossipCop,mcarchives.com,4,0,4,0.0,False,True
GossipCop,movieweb.com,1,3,4,0.75,False,False
GossipCop,mtonews.com,4,0,4,0.0,False,True
GossipCop,mtv.com.au,0,4,4,1.0,False,True
GossipCop,mylifetime.com,0,4,4,1.0,False,True
GossipCop,nashcountrydaily.com,0,4,4,1.0,False,True
GossipCop,nbcconnecticut.com,0,4,4,1.0,False,True
GossipCop,nbcwashington.com,1,3,4,0.75,False,False
GossipCop,newshub.co.nz,1,3,4,0.75,False,False
GossipCop,nigerianbulletin.com,0,4,4,1.0,False,True
GossipCop,now100fm.com,2,2,4,0.5,False,False
GossipCop,nylon.com,0,4,4,1.0,False,True
GossipCop,observer.com,2,2,4,0.5,False,False
GossipCop,oregonlive.com,0,4,4,1.0,False,True
GossipCop,parents.com,1,3,4,0.75,False,False
GossipCop,pastemagazine.com,0,4,4,1.0,False,True
GossipCop,pbs.org,0,4,4,1.0,False,True
GossipCop,pinterest.ca,3,1,4,0.25,False,False
GossipCop,playbill.com,1,3,4,0.75,False,False
GossipCop,politico.com,2,2,4,0.5,False,False
GossipCop,qz.com,0,4,4,1.0,False,True
GossipCop,rap-up.com,0,4,4,1.0,False,True
GossipCop,realitytvworld.com,2,2,4,0.5,False,False
GossipCop,remonews.com,0,4,4,1.0,False,True
GossipCop,reviewjournal.com,0,4,4,1.0,False,True
GossipCop,rumors.trendolizer.com,2,2,4,0.5,False,False
GossipCop,sfgate.com,2,2,4,0.5,False,False
GossipCop,shefinds.com,0,4,4,1.0,False,True
GossipCop,sidereel.com,0,4,4,1.0,False,True
GossipCop,slice.ca,1,3,4,0.75,False,False
GossipCop,southernliving.com,1,3,4,0.75,False,False
GossipCop,sports.yahoo.com,0,4,4,1.0,False,True
GossipCop,syracuse.com,0,4,4,1.0,False,True
GossipCop,target.com,1,3,4,0.75,False,False
GossipCop,textbacklinkexchanges.com,0,4,4,1.0,False,True
GossipCop,thegrio.com,0,4,4,1.0,False,True
GossipCop,themuse.jezebel.com,0,4,4,1.0,False,True
GossipCop,thenational.ae,3,1,4,0.25,False,False
GossipCop,theroyaluk.com,2,2,4,0.5,False,False
GossipCop,thesource.com,0,4,4,1.0,False,True
GossipCop,thestar.com,1,3,4,0.75,False,False
GossipCop,thethings.com,1,3,4,0.75,False,False
GossipCop,timesofisrael.com,2,2,4,0.5,False,False
GossipCop,turitmo.com,0,4,4,1.0,False,True
GossipCop,tvthisweek.us,0,4,4,1.0,False,True
GossipCop,vivaglammagazine.com,0,4,4,1.0,False,True
GossipCop,wgntv.com,0,4,4,1.0,False,True
GossipCop,whimn.com.au,0,4,4,1.0,False,True
GossipCop,wikinetworth.com,0,4,4,1.0,False,True
GossipCop,wjla.com,2,2,4,0.5,False,False
GossipCop,womansday.com,1,3,4,0.75,False,False
GossipCop,wusa9.com,0,4,4,1.0,False,True
GossipCop,zmonline.com,0,4,4,1.0,False,True
GossipCop,1037theq.iheart.com,2,1,3,0.3333333333333333,False,False
GossipCop,abc.net.au,2,1,3,0.3333333333333333,False,False
GossipCop,abc7chicago.com,1,2,3,0.6666666666666666,False,False
GossipCop,advocate.com,0,3,3,1.0,False,True
GossipCop,albawaba.com,2,1,3,0.3333333333333333,False,False
GossipCop,allthingslawandorder.blogspot.com,0,3,3,1.0,False,True
GossipCop,altpress.com,0,3,3,1.0,False,True
GossipCop,app.com,0,3,3,1.0,False,True
GossipCop,atlantablackstar.com,1,2,3,0.6666666666666666,False,False
GossipCop,awards.trendolizer.com,0,3,3,1.0,False,True
GossipCop,babe.net,3,0,3,0.0,False,True
GossipCop,bbcamerica.com,0,3,3,1.0,False,True
GossipCop,betches.com,0,3,3,1.0,False,True
GossipCop,bgr.com,0,3,3,1.0,False,True
GossipCop,blackamericaweb.com,1,2,3,0.6666666666666666,False,False
GossipCop,bobbybones.iheart.com,3,0,3,0.0,False,True
GossipCop,britannica.com,0,3,3,1.0,False,True
GossipCop,cairnspost.com.au,3,0,3,0.0,False,True
GossipCop,calgarysun.com,2,1,3,0.3333333333333333,False,False
GossipCop,capitalxtra.com,1,2,3,0.6666666666666666,False,False
GossipCop,cbs8.com,1,2,3,0.6666666666666666,False,False
GossipCop,celebmix.com,0,3,3,1.0,False,True
GossipCop,charlesbrewer48125s.tumblr.com,0,3,3,1.0,False,True
GossipCop,charlotterestaurantweek.iheart.com,2,1,3,0.3333333333333333,False,False
GossipCop,christiantoday.com,0,3,3,1.0,False,True
GossipCop,chron.com,1,2,3,0.6666666666666666,False,False
GossipCop,communitynewsblog.com,0,3,3,1.0,False,True
GossipCop,crfashionbook.com,0,3,3,1.0,False,True
GossipCop,dailycaller.com,1,2,3,0.6666666666666666,False,False
GossipCop,dailynews.com,0,3,3,1.0,False,True
GossipCop,dailytribune.org,0,3,3,1.0,False,True
GossipCop,disney.trendolizer.com,0,3,3,1.0,False,True
GossipCop,disneyparks.disney.go.com,0,3,3,1.0,False,True
GossipCop,eater.com,0,3,3,1.0,False,True
GossipCop,econotimes.com,3,0,3,0.0,False,True
GossipCop,emirates247.com,2,1,3,0.3333333333333333,False,False
GossipCop,emmys.com,1,2,3,0.6666666666666666,False,False
GossipCop,en.wikiquote.org,0,3,3,1.0,False,True
GossipCop,entertainment.inquirer.net,2,1,3,0.3333333333333333,False,False
GossipCop,eternallifestyle.com,0,3,3,1.0,False,True
GossipCop,evoke.ie,3,0,3,0.0,False,True
GossipCop,famousfix.com,0,3,3,1.0,False,True
GossipCop,fatherly.com,0,3,3,1.0,False,True
GossipCop,femalefirst.co.uk,3,0,3,0.0,False,True
GossipCop,firstpost.com,3,0,3,0.0,False,True
GossipCop,freep.com,0,3,3,1.0,False,True
GossipCop,gamespot.com,0,3,3,1.0,False,True
GossipCop,gaystarnews.com,1,2,3,0.6666666666666666,False,False
GossipCop,gossiplovers.com,0,3,3,1.0,False,True
GossipCop,gossipnewspoint.com,0,3,3,1.0,False,True
GossipCop,gulfnews.com,2,1,3,0.3333333333333333,False,False
GossipCop,gurl.com,0,3,3,1.0,False,True
GossipCop,harpersbazaar.com.sg,0,3,3,1.0,False,True
GossipCop,hauteliving.com,0,3,3,1.0,False,True
GossipCop,hbo.com,0,3,3,1.0,False,True
GossipCop,heatcelebnews.com,0,3,3,1.0,False,True
GossipCop,hgtv.com,0,3,3,1.0,False,True
GossipCop,hollywood.com,1,2,3,0.6666666666666666,False,False
GossipCop,hot933hits.com,0,3,3,1.0,False,True
GossipCop,huffingtonpost.com.au,1,2,3,0.6666666666666666,False,False
GossipCop,huntpoll.com,0,3,3,1.0,False,True
GossipCop,hypable.com,0,3,3,1.0,False,True
GossipCop,instagram.com,2,1,3,0.3333333333333333,False,False
GossipCop,itsblossom.com,0,3,3,1.0,False,True
GossipCop,jetss.com,0,3,3,1.0,False,True
GossipCop,kansascity.com,0,3,3,1.0,False,True
GossipCop,kardashiandish.com,1,2,3,0.6666666666666666,False,False
GossipCop,kdwb.iheart.com,0,3,3,1.0,False,True
GossipCop,king5.com,0,3,3,1.0,False,True
GossipCop,ktu.iheart.com,1,2,3,0.6666666666666666,False,False
GossipCop,laineygossip.com,1,2,3,0.6666666666666666,False,False
GossipCop,latestgossipsite.125sites.com,3,0,3,0.0,False,True
GossipCop,laurenconrad.com,0,3,3,1.0,False,True
GossipCop,livestrong.com,1,2,3,0.6666666666666666,False,False
GossipCop,makeup.com,0,3,3,1.0,False,True
GossipCop,mamamia.com.au,2,1,3,0.3333333333333333,False,False
GossipCop,maxim.com,1,2,3,0.6666666666666666,False,False
GossipCop,metro.us,1,2,3,0.6666666666666666,False,False
GossipCop,miamiherald.com,0,3,3,1.0,False,True
GossipCop,mic.com,0,3,3,1.0,False,True
GossipCop,money.usnews.com,0,3,3,1.0,False,True
GossipCop,mtvasia.com,0,3,3,1.0,False,True
GossipCop,much.com,1,2,3,0.6666666666666666,False,False
GossipCop,music-news.com,0,3,3,1.0,False,True
GossipCop,myz99.com,3,0,3,0.0,False,True
GossipCop,nationaldaycalendar.com,0,3,3,1.0,False,True
GossipCop,nbcbayarea.com,0,3,3,1.0,False,True
GossipCop,nbcboston.com,0,3,3,1.0,False,True
GossipCop,nbcdfw.com,0,3,3,1.0,False,True
GossipCop,news.avclub.com,0,3,3,1.0,False,True
GossipCop,news18.com,0,3,3,1.0,False,True
GossipCop,newshub.org,0,3,3,1.0,False,True
GossipCop,newsobserver.com,0,3,3,1.0,False,True
GossipCop,nola.com,1,2,3,0.6666666666666666,False,False
GossipCop,novom.ru,3,0,3,0.0,False,True
GossipCop,olodomusics.com,0,3,3,1.0,False,True
GossipCop,oneappsgroup.com,0,3,3,1.0,False,True
GossipCop,onehallyu.com,0,3,3,1.0,False,True
GossipCop,oprahmag.com,0,3,3,1.0,False,True
GossipCop,oscars.org,1,2,3,0.6666666666666666,False,False
GossipCop,peta.org,0,3,3,1.0,False,True
GossipCop,player.fm,2,1,3,0.3333333333333333,False,False
GossipCop,prnewswire.com,0,3,3,1.0,False,True
GossipCop,realclearlife.com,0,3,3,1.0,False,True
GossipCop,rottentomatoes.com,0,3,3,1.0,False,True
GossipCop,sltrib.com,0,3,3,1.0,False,True
GossipCop,someecards.com,0,3,3,1.0,False,True
GossipCop,soundslikenashville.com,1,2,3,0.6666666666666666,False,False
GossipCop,starwars.com,0,3,3,1.0,False,True
GossipCop,stylecraze.com,0,3,3,1.0,False,True
GossipCop,thatgrapejuice.net,0,3,3,1.0,False,True
GossipCop,theashleysrealityroundup.com,0,3,3,1.0,False,True
GossipCop,thefader.com,0,3,3,1.0,False,True
GossipCop,thefashionspot.com,0,3,3,1.0,False,True
GossipCop,thehindupatrika.com,0,3,3,1.0,False,True
GossipCop,theloop.ca,0,3,3,1.0,False,True
GossipCop,thequiz.com,0,3,3,1.0,False,True
GossipCop,therichest.com,3,0,3,0.0,False,True
GossipCop,theundefeated.com,0,3,3,1.0,False,True
GossipCop,tigerbeat.com,1,2,3,0.6666666666666666,False,False
GossipCop,tlcnaptown.com,0,3,3,1.0,False,True
GossipCop,totalbeauty.com,0,3,3,1.0,False,True
GossipCop,usanetwork.com,0,3,3,1.0,False,True
GossipCop,vividseats.com,1,2,3,0.6666666666666666,False,False
GossipCop,vt.co,3,0,3,0.0,False,True
GossipCop,wdjx.com,3,0,3,0.0,False,True
GossipCop,wopular.com,0,3,3,1.0,False,True
GossipCop,wushack.com,0,3,3,1.0,False,True
GossipCop,975online.iheart.com,0,2,2,1.0,False,True
GossipCop,9jaikeji.com,0,2,2,1.0,False,True
GossipCop,aad.org,0,2,2,1.0,False,True
GossipCop,abc7news.com,0,2,2,1.0,False,True
GossipCop,abc7ny.com,0,2,2,1.0,False,True
GossipCop,alivetales.com,2,0,2,0.0,False,True
GossipCop,all4women.co.za,0,2,2,1.0,False,True
GossipCop,allthingsoneplace.me,2,0,2,0.0,False,True
GossipCop,amc.com,0,2,2,1.0,False,True
GossipCop,americaspeaksink.com,0,2,2,1.0,False,True
GossipCop,amny.com,1,1,2,0.5,False,False
GossipCop,aninews.in,0,2,2,1.0,False,True
GossipCop,articlebio.com,0,2,2,1.0,False,True
GossipCop,automaticblogging.com,0,2,2,1.0,False,True
GossipCop,ayresearch.com,2,0,2,0.0,False,True
GossipCop,babyology.com.au,0,2,2,1.0,False,True
GossipCop,baltimoresun.com,0,2,2,1.0,False,True
GossipCop,beautyzon.info,0,2,2,1.0,False,True
GossipCop,bieber.trendolizer.com,1,1,2,0.5,False,False
GossipCop,blackdoctor.org,0,2,2,1.0,False,True
GossipCop,bleedingcool.com,1,1,2,0.5,False,False
GossipCop,blog.wenn.com,1,1,2,0.5,False,False
GossipCop,bloody-disgusting.com,0,2,2,1.0,False,True
GossipCop,bloomberg.com,0,2,2,1.0,False,True
GossipCop,break.com,2,0,2,0.0,False,True
GossipCop,breitbart.com,0,2,2,1.0,False,True
GossipCop,broadway.com,1,1,2,0.5,False,False
GossipCop,brobible.com,0,2,2,1.0,False,True
GossipCop,businessinsider.com.au,0,2,2,1.0,False,True
GossipCop,businesswire.com,0,2,2,1.0,False,True
GossipCop,buzzfeednews.com,1,1,2,0.5,False,False
GossipCop,buzzyoo.com,0,2,2,1.0,False,True
GossipCop,candy95.com,0,2,2,1.0,False,True
GossipCop,care.com,0,2,2,1.0,False,True
GossipCop,celebsnow.co.uk,1,1,2,0.5,False,False
GossipCop,chatelaine.com,2,0,2,0.0,False,True
GossipCop,chicago.suntimes.com,1,1,2,0.5,False,False
GossipCop,clip.fail,1,1,2,0.5,False,False
GossipCop,clipsg.com,2,0,2,0.0,False,True
GossipCop,clipzui.com,2,0,2,0.0,False,True
GossipCop,clooneysopenhouse.com,1,1,2,0.5,False,False
GossipCop,closeronline.co.uk,1,1,2,0.5,False,False
GossipCop,coed.com,0,2,2,1.0,False,True
GossipCop,countryfancast.com,0,2,2,1.0,False,True
GossipCop,countryrebel.com,1,1,2,0.5,False,False
GossipCop,cupidspulse.com,0,2,2,1.0,False,True
GossipCop,dallasblack.com,1,1,2,0.5,False,False
GossipCop,daytondailynews.com,0,2,2,1.0,False,True
GossipCop,dazeddigital.com,1,1,2,0.5,False,False
GossipCop,departures.com,0,2,2,1.0,False,True
GossipCop,dga.org,0,2,2,1.0,False,True
GossipCop,directexpose.com,1,1,2,0.5,False,False
GossipCop,disney.wikia.com,0,2,2,1.0,False,True
GossipCop,dondadda.co.uk,0,2,2,1.0,False,True
GossipCop,doyouremember.com,1,1,2,0.5,False,False
GossipCop,ebay.com,0,2,2,1.0,False,True
GossipCop,editorial.rottentomatoes.com,0,2,2,1.0,False,True
GossipCop,en.vogue.fr,0,2,2,1.0,False,True
GossipCop,energyindy.com,0,2,2,1.0,False,True
GossipCop,entertainment.ie,0,2,2,1.0,False,True
GossipCop,eonlineceleb.blogspot.com,0,2,2,1.0,False,True
GossipCop,etalk.ca,0,2,2,1.0,False,True
GossipCop,eurweb.com,1,1,2,0.5,False,False
GossipCop,feedstripes.com,2,0,2,0.0,False,True
GossipCop,feminism.trendolizer.com,1,1,2,0.5,False,False
GossipCop,firstladyb.com,0,2,2,1.0,False,True
GossipCop,fitpregnancy.com,0,2,2,1.0,False,True
GossipCop,foodandwine.com,0,2,2,1.0,False,True
GossipCop,fox.com,0,2,2,1.0,False,True
GossipCop,fox6now.com,0,2,2,1.0,False,True
GossipCop,foxync.com,1,1,2,0.5,False,False
GossipCop,freeform.go.com,0,2,2,1.0,False,True
GossipCop,friends.fandom.com,0,2,2,1.0,False,True
GossipCop,gagadaily.com,1,1,2,0.5,False,False
GossipCop,gaytimes.co.uk,0,2,2,1.0,False,True
GossipCop,goal.com,1,1,2,0.5,False,False
GossipCop,goldismoney2.com,0,2,2,1.0,False,True
GossipCop,gooderaentertainment804839066.wordpress.com,0,2,2,1.0,False,True
GossipCop,gossipgirl.wikia.com,0,2,2,1.0,False,True
GossipCop,gossipthot.wordpress.com,1,1,2,0.5,False,False
GossipCop,gq-magazine.co.uk,0,2,2,1.0,False,True
GossipCop,heatworld.com,2,0,2,0.0,False,True
GossipCop,heraldsun.com.au,2,0,2,0.0,False,True
GossipCop,hercampus.com,0,2,2,1.0,False,True
GossipCop,herworld.com,0,2,2,1.0,False,True
GossipCop,hiphopwired.com,1,1,2,0.5,False,False
GossipCop,history.com,0,2,2,1.0,False,True
GossipCop,honey.nine.com.au,1,1,2,0.5,False,False
GossipCop,hornet.com,0,2,2,1.0,False,True
GossipCop,hot1039.com,0,2,2,1.0,False,True
GossipCop,hotlifestylenews.com,0,2,2,1.0,False,True
GossipCop,housebeautiful.com,0,2,2,1.0,False,True
GossipCop,howardstern.com,1,1,2,0.5,False,False
GossipCop,ibtimes.sg,2,0,2,0.0,False,True
GossipCop,inc.com,1,1,2,0.5,False,False
GossipCop,indy100.com,0,2,2,1.0,False,True
GossipCop,intothegloss.com,0,2,2,1.0,False,True
GossipCop,ispot.tv,0,2,2,1.0,False,True
GossipCop,j1045.com,0,2,2,1.0,False,True
GossipCop,jasonmomoanews.com,1,1,2,0.5,False,False
GossipCop,jetsetter.com,0,2,2,1.0,False,True
GossipCop,joe.ie,0,2,2,1.0,False,True
GossipCop,keelyskorner.com,0,2,2,1.0,False,True
GossipCop,kiisfm.iheart.com,1,1,2,0.5,False,False
GossipCop,kopitiambot.com,0,2,2,1.0,False,True
GossipCop,la.curbed.com,1,1,2,0.5,False,False
GossipCop,lawandorder.fandom.com,0,2,2,1.0,False,True
GossipCop,lennyletter.com,0,2,2,1.0,False,True
GossipCop,lindaikejisblog.com,0,2,2,1.0,False,True
GossipCop,liveabout.com,0,2,2,1.0,False,True
GossipCop,look.co.uk,1,1,2,0.5,False,False
GossipCop,losangeles.cbslocal.com,1,1,2,0.5,False,False
GossipCop,malaymail.com,0,2,2,1.0,False,True
GossipCop,manchestereveningnews.co.uk,1,1,2,0.5,False,False
GossipCop,marriedwiki.com,0,2,2,1.0,False,True
GossipCop,me.me,1,1,2,0.5,False,False
GossipCop,mediaite.com,2,0,2,0.0,False,True
GossipCop,mentalfloss.com,0,2,2,1.0,False,True
GossipCop,metacritic.com,1,1,2,0.5,False,False
GossipCop,metdaan.com,1,1,2,0.5,False,False
GossipCop,millyzblog.blogspot.com,0,2,2,1.0,False,True
GossipCop,mixgulfcoast.iheart.com,2,0,2,0.0,False,True
GossipCop,mjsbigblog.com,0,2,2,1.0,False,True
GossipCop,mlst.blog,0,2,2,1.0,False,True
GossipCop,multichannel.com,0,2,2,1.0,False,True
GossipCop,mydomaine.com,0,2,2,1.0,False,True
GossipCop,myhoustonmajic.com,0,2,2,1.0,False,True
GossipCop,mynewsla.com,2,0,2,0.0,False,True
GossipCop,nbcmiami.com,0,2,2,1.0,False,True
GossipCop,nbcsports.com,1,1,2,0.5,False,False
GossipCop,nbcuniversal.com,0,2,2,1.0,False,True
GossipCop,necn.com,0,2,2,1.0,False,True
GossipCop,nerdist.com,0,2,2,1.0,False,True
GossipCop,netflix.com,0,2,2,1.0,False,True
GossipCop,news-leader.com,1,1,2,0.5,False,False
GossipCop,newscrane.com,2,0,2,0.0,False,True
GossipCop,newsdeskpress.com,0,2,2,1.0,False,True
GossipCop,nj.com,1,1,2,0.5,False,False
GossipCop,notablebiographies.com,0,2,2,1.0,False,True
GossipCop,nova969.com.au,1,1,2,0.5,False,False
GossipCop,ny.curbed.com,0,2,2,1.0,False,True
GossipCop,ny.eater.com,0,2,2,1.0,False,True
GossipCop,ohmy.disney.com,0,2,2,1.0,False,True
GossipCop,okayplayer.com,0,2,2,1.0,False,True
GossipCop,overstock.com,0,2,2,1.0,False,True
GossipCop,papercitymag.com,0,2,2,1.0,False,True
GossipCop,pedestrian.tv,1,1,2,0.5,False,False
GossipCop,philly.com,0,2,2,1.0,False,True
GossipCop,phillyvoice.com,1,1,2,0.5,False,False
GossipCop,pinterest.dk,2,0,2,0.0,False,True
GossipCop,plasticsurgerypeople.com,2,0,2,0.0,False,True
GossipCop,popdust.com,2,0,2,0.0,False,True
GossipCop,pressparty.com,1,1,2,0.5,False,False
GossipCop,producersguild.org,0,2,2,1.0,False,True
GossipCop,promotionmusicnews.com,0,2,2,1.0,False,True
GossipCop,pwtorch.com,0,2,2,1.0,False,True
GossipCop,racked.com,0,2,2,1.0,False,True
GossipCop,radio.com,0,2,2,1.0,False,True
GossipCop,realtor.com,0,2,2,1.0,False,True
GossipCop,redonline.co.uk,1,1,2,0.5,False,False
GossipCop,redtri.com,0,2,2,1.0,False,True
GossipCop,ridingthewave.com,0,2,2,1.0,False,True
GossipCop,riverdale.wikia.com,0,2,2,1.0,False,True
GossipCop,royal.uk,1,1,2,0.5,False,False
GossipCop,rte.ie,2,0,2,0.0,False,True
GossipCop,sacculturalhub.com,0,2,2,1.0,False,True
GossipCop,sbnation.com,1,1,2,0.5,False,False
GossipCop,sbs.com.au,0,2,2,1.0,False,True
GossipCop,seattletimes.com,0,2,2,1.0,False,True
GossipCop,secondnexus.com,1,1,2,0.5,False,False
GossipCop,shop.nordstrom.com,0,2,2,1.0,False,True
GossipCop,showbizexpress.com,0,2,2,1.0,False,True
GossipCop,sidomexentertainment.com,0,2,2,1.0,False,True
GossipCop,sportskeeda.com,0,2,2,1.0,False,True
GossipCop,spy.nzherald.co.nz,1,1,2,0.5,False,False
GossipCop,star-telegram.com,0,2,2,1.0,False,True
GossipCop,startribune.com,0,2,2,1.0,False,True
GossipCop,starwars.wikia.com,0,2,2,1.0,False,True
GossipCop,studybreaks.com,0,2,2,1.0,False,True
GossipCop,tacobell.com,0,2,2,1.0,False,True
GossipCop,tampabay.com,1,1,2,0.5,False,False
GossipCop,taylorswift.trendolizer.com,0,2,2,1.0,False,True
GossipCop,techcrunch.com,0,2,2,1.0,False,True
GossipCop,tenor.com,2,0,2,0.0,False,True
GossipCop,the-royals.wikia.com,0,2,2,1.0,False,True
GossipCop,the100.fandom.com,0,2,2,1.0,False,True
GossipCop,thebalancecareers.com,0,2,2,1.0,False,True
GossipCop,theboombox.com,0,2,2,1.0,False,True
GossipCop,thecelebscloset.com,0,2,2,1.0,False,True
GossipCop,thecinemaholic.com,0,2,2,1.0,False,True
GossipCop,theconversation.com,1,1,2,0.5,False,False
GossipCop,thefix.com,0,2,2,1.0,False,True
GossipCop,theglobeandmail.com,1,1,2,0.5,False,False
GossipCop,thejasminebrand.com,2,0,2,0.0,False,True
GossipCop,theodysseyonline.com,1,1,2,0.5,False,False
GossipCop,thetechsensei.com,0,2,2,1.0,False,True
GossipCop,theweek.com,0,2,2,1.0,False,True
GossipCop,tiffanycknox.wordpress.com,1,1,2,0.5,False,False
GossipCop,timeslive.co.za,2,0,2,0.0,False,True
GossipCop,tlc.com,0,2,2,1.0,False,True
GossipCop,todaysparent.com,0,2,2,1.0,False,True
GossipCop,tor.com,0,2,2,1.0,False,True
GossipCop,trace.tv,1,1,2,0.5,False,False
GossipCop,tracyanderson.com,0,2,2,1.0,False,True
GossipCop,trashtalktv.com,0,2,2,1.0,False,True
GossipCop,trending2day.com,0,2,2,1.0,False,True
GossipCop,trendyfame.com,2,0,2,0.0,False,True
GossipCop,tripadvisor.com,0,2,2,1.0,False,True
GossipCop,tvseriesfinale.com,0,2,2,1.0,False,True
GossipCop,tvtropes.org,0,2,2,1.0,False,True
GossipCop,ujprd.co,0,2,2,1.0,False,True
GossipCop,uk.style.yahoo.com,0,2,2,1.0,False,True
GossipCop,ultimateclassicrock.com,2,0,2,0.0,False,True
GossipCop,viraljournalist.com,0,2,2,1.0,False,True
GossipCop,viralpipeline.com,0,2,2,1.0,False,True
GossipCop,viralthread.com,1,1,2,0.5,False,False
GossipCop,vmagazine.com,0,2,2,1.0,False,True
GossipCop,washingtonblade.com,0,2,2,1.0,False,True
GossipCop,wattpad.com,2,0,2,0.0,False,True
GossipCop,wbul.iheart.com,2,0,2,0.0,False,True
GossipCop,wbur.org,2,0,2,0.0,False,True
GossipCop,wcpo.com,0,2,2,1.0,False,True
GossipCop,web-brains.com,0,2,2,1.0,False,True
GossipCop,webmd.com,0,2,2,1.0,False,True
GossipCop,wfla.com,0,2,2,1.0,False,True
GossipCop,wikicelebinfo.com,0,2,2,1.0,False,True
GossipCop,wikinow.co,2,0,2,0.0,False,True
GossipCop,wikivividly.com,1,1,2,0.5,False,False
GossipCop,wild941.com,0,2,2,1.0,False,True
GossipCop,winteriscoming.net,0,2,2,1.0,False,True
GossipCop,wireler.com,2,0,2,0.0,False,True
GossipCop,worldlifestyle.com,1,1,2,0.5,False,False
GossipCop,wvlc.com,0,2,2,1.0,False,True
GossipCop,yellownetwork.net,0,2,2,1.0,False,True
GossipCop,z1035.com,0,2,2,1.0,False,True
GossipCop,1001.com.do,0,1,1,1.0,False,True
GossipCop,101kgb.iheart.com,0,1,1,1.0,False,True
GossipCop,1029now.iheart.com,0,1,1,1.0,False,True
GossipCop,1061kissfm.iheart.com,0,1,1,1.0,False,True
GossipCop,10best.com,0,1,1,1.0,False,True
GossipCop,10news.com,0,1,1,1.0,False,True
GossipCop,12news.com,0,1,1,1.0,False,True
GossipCop,12up.com,1,0,1,0.0,False,True
GossipCop,1iota.com,0,1,1,1.0,False,True
GossipCop,234today.com,0,1,1,1.0,False,True
GossipCop,24newsread.com,0,1,1,1.0,False,True
GossipCop,2loudmag.com,0,1,1,1.0,False,True
GossipCop,2medusa.com,1,0,1,0.0,False,True
GossipCop,44blue.com,0,1,1,1.0,False,True
GossipCop,6abc.com,0,1,1,1.0,False,True
GossipCop,6sqft.com,0,1,1,1.0,False,True
GossipCop,7thheaven.wikia.com,0,1,1,1.0,False,True
GossipCop,925xtu.com,0,1,1,1.0,False,True
GossipCop,929jackfm.com,1,0,1,0.0,False,True
GossipCop,939litefm.iheart.com,0,1,1,1.0,False,True
GossipCop,949thebull.iheart.com,0,1,1,1.0,False,True
GossipCop,953bull.iheart.com,1,0,1,0.0,False,True
GossipCop,953jamz.com,0,1,1,1.0,False,True
GossipCop,957thespot.radio.com,0,1,1,1.0,False,True
GossipCop,989thebridge.com,0,1,1,1.0,False,True
GossipCop,98online.com,0,1,1,1.0,False,True
GossipCop,99tune.us,0,1,1,1.0,False,True
GossipCop,9sportpro.com,0,1,1,1.0,False,True
GossipCop,aarp.org,0,1,1,1.0,False,True
GossipCop,abcactionnews.com,0,1,1,1.0,False,True
GossipCop,about.hm.com,0,1,1,1.0,False,True
GossipCop,about.usps.com,0,1,1,1.0,False,True
GossipCop,acriticalreviewofthehelp.wordpress.com,0,1,1,1.0,False,True
GossipCop,adamlamberttv.blogspot.com,1,0,1,0.0,False,True
GossipCop,adelove.com,0,1,1,1.0,False,True
GossipCop,admin.xnug.uk,0,1,1,1.0,False,True
GossipCop,adorebeauty.com.au,0,1,1,1.0,False,True
GossipCop,ag.ny.gov,0,1,1,1.0,False,True
GossipCop,agt.fandom.com,0,1,1,1.0,False,True
GossipCop,ahlanlive.com,0,1,1,1.0,False,True
GossipCop,al.com,0,1,1,1.0,False,True
GossipCop,alice955.iheart.com,0,1,1,1.0,False,True
GossipCop,aljazeera.com,0,1,1,1.0,False,True
GossipCop,allaboutthetea.com,0,1,1,1.0,False,True
GossipCop,allblackmedia.com,0,1,1,1.0,False,True
GossipCop,allmusic.com,0,1,1,1.0,False,True
GossipCop,allmyfriendsaremodels.com,0,1,1,1.0,False,True
GossipCop,allthingsrh.com,0,1,1,1.0,False,True
GossipCop,altrock993.iheart.com,1,0,1,0.0,False,True
GossipCop,amazingrace.wikia.com,0,1,1,1.0,False,True
GossipCop,americanidol.wikia.com,0,1,1,1.0,False,True
GossipCop,amplifiedpost.com,0,1,1,1.0,False,True
GossipCop,amysmartgirls.com,0,1,1,1.0,False,True
GossipCop,anastasiabeverlyhills.com,0,1,1,1.0,False,True
GossipCop,animalplanet.com,1,0,1,0.0,False,True
GossipCop,annyblog.com,0,1,1,1.0,False,True
GossipCop,apartmenttherapy.com,0,1,1,1.0,False,True
GossipCop,apetogentleman.com,0,1,1,1.0,False,True
GossipCop,arabnews.com,0,1,1,1.0,False,True
GossipCop,archive.li,0,1,1,1.0,False,True
GossipCop,archive.org,0,1,1,1.0,False,True
GossipCop,archynety.com,1,0,1,0.0,False,True
GossipCop,arkansasonline.com,0,1,1,1.0,False,True
GossipCop,astrologyanswers.com,0,1,1,1.0,False,True
GossipCop,atheism.trendolizer.com,0,1,1,1.0,False,True
GossipCop,atlantadailyworld.com,0,1,1,1.0,False,True
GossipCop,au.news.yahoo.com,1,0,1,0.0,False,True
GossipCop,auburnpub.com,0,1,1,1.0,False,True
GossipCop,austin360.com,0,1,1,1.0,False,True
GossipCop,autismgazette.com,0,1,1,1.0,False,True
GossipCop,awards.wga.org,0,1,1,1.0,False,True
GossipCop,ayibamagazine.com,0,1,1,1.0,False,True
GossipCop,azdailysun.com,0,1,1,1.0,False,True
GossipCop,b100wobb.iheart.com,1,0,1,0.0,False,True
GossipCop,baldtruthtalk.com,1,0,1,0.0,False,True
GossipCop,bangersandjams.com,0,1,1,1.0,False,True
GossipCop,barkpost.com,0,1,1,1.0,False,True
GossipCop,barstoolsports.com,1,0,1,0.0,False,True
GossipCop,baseline.tennis.com,0,1,1,1.0,False,True
GossipCop,bckonline.com,0,1,1,1.0,False,True
GossipCop,beautybeatbox.com,0,1,1,1.0,False,True
GossipCop,bebevoyage.com,0,1,1,1.0,False,True
GossipCop,behindthechair.com,0,1,1,1.0,False,True
GossipCop,belfasttelegraph.co.uk,1,0,1,0.0,False,True
GossipCop,bellanyc.com,0,1,1,1.0,False,True
GossipCop,bellatwins.org,0,1,1,1.0,False,True
GossipCop,bestblackfriday.com,0,1,1,1.0,False,True
GossipCop,bestproducts.com,0,1,1,1.0,False,True
GossipCop,betrendsetter.com,1,0,1,0.0,False,True
GossipCop,beyonce.com,0,1,1,1.0,False,True
GossipCop,bglh-marketplace.com,0,1,1,1.0,False,True
GossipCop,bhcourier.com,1,0,1,0.0,False,True
GossipCop,bhphotovideo.com,0,1,1,1.0,False,True
GossipCop,big987.com,1,0,1,0.0,False,True
GossipCop,bigeye.ug,1,0,1,0.0,False,True
GossipCop,bigfrog104.com,0,1,1,1.0,False,True
GossipCop,bigwnews.com,0,1,1,1.0,False,True
GossipCop,billboardmusicawards.com,0,1,1,1.0,False,True
GossipCop,billingsgazette.com,1,0,1,0.0,False,True
GossipCop,biphoomedia.wordpress.com,0,1,1,1.0,False,True
GossipCop,birminghammail.co.uk,1,0,1,0.0,False,True
GossipCop,birthmoviesdeath.com,0,1,1,1.0,False,True
GossipCop,bjocce.co,0,1,1,1.0,False,True
GossipCop,blackhairspot.com,0,1,1,1.0,False,True
GossipCop,blackvibes.com,0,1,1,1.0,False,True
GossipCop,blink182vegas.com,0,1,1,1.0,False,True
GossipCop,blockislandorganics.com,0,1,1,1.0,False,True
GossipCop,blog.familytheater.org,0,1,1,1.0,False,True
GossipCop,blog.feedspot.com,0,1,1,1.0,False,True
GossipCop,blog.feelingthevibe.com,0,1,1,1.0,False,True
GossipCop,blog.iheart.com,0,1,1,1.0,False,True
GossipCop,blog.invoiceberry.com,0,1,1,1.0,False,True
GossipCop,blog.shopakira.com,0,1,1,1.0,False,True
GossipCop,blog.ticketmaster.co.uk,0,1,1,1.0,False,True
GossipCop,blog.winkylux.com,0,1,1,1.0,False,True
GossipCop,blogs.findlaw.com,0,1,1,1.0,False,True
GossipCop,boards.cruisecritic.com,0,1,1,1.0,False,True
GossipCop,boingboing.net,0,1,1,1.0,False,True
GossipCop,bonappetit.com,0,1,1,1.0,False,True
GossipCop,boredpanda.com,0,1,1,1.0,False,True
GossipCop,boston.cbslocal.com,0,1,1,1.0,False,True
GossipCop,boston.com,0,1,1,1.0,False,True
GossipCop,bostonherald.com,1,0,1,0.0,False,True
GossipCop,bostonmagazine.com,0,1,1,1.0,False,True
GossipCop,boundingintocomics.com,0,1,1,1.0,False,True
GossipCop,boutique8084.com,0,1,1,1.0,False,True
GossipCop,boxden.com,1,0,1,0.0,False,True
GossipCop,brain-sharper.com,0,1,1,1.0,False,True
GossipCop,brainstain.co.uk,1,0,1,0.0,False,True
GossipCop,bravotv.co.nz,0,1,1,1.0,False,True
GossipCop,breakfastwithaudrey.com.au,0,1,1,1.0,False,True
GossipCop,breakingfeedz.com,0,1,1,1.0,False,True
GossipCop,breaklondon.co.uk.yellow.mysitehosted.com,0,1,1,1.0,False,True
GossipCop,breatheheavy.com,1,0,1,0.0,False,True
GossipCop,brianfalduto.com,0,1,1,1.0,False,True
GossipCop,bridesmagazine.co.uk,0,1,1,1.0,False,True
GossipCop,britneyspears.com.br,0,1,1,1.0,False,True
GossipCop,broadly.vice.com,0,1,1,1.0,False,True
GossipCop,broadwaydirect.com,1,0,1,0.0,False,True
GossipCop,brokensilenze.net,0,1,1,1.0,False,True
GossipCop,bronxentertainment.blogspot.com,0,1,1,1.0,False,True
GossipCop,bstrongdeliveringgood.org,0,1,1,1.0,False,True
GossipCop,buro247.me,1,0,1,0.0,False,True
GossipCop,businessinsider.in,0,1,1,1.0,False,True
GossipCop,buzzx.wordpress.com,0,1,1,1.0,False,True
GossipCop,caffertyfile.blogs.cnn.com,1,0,1,0.0,False,True
GossipCop,cagesideseats.com,0,1,1,1.0,False,True
GossipCop,calgaryherald.com,0,1,1,1.0,False,True
GossipCop,cambridge-news.co.uk,1,0,1,0.0,False,True
GossipCop,canada-headlines.com,0,1,1,1.0,False,True
GossipCop,cancer.trendolizer.com,0,1,1,1.0,False,True
GossipCop,candymag.com,0,1,1,1.0,False,True
GossipCop,capelino.com,1,0,1,0.0,False,True
GossipCop,capitalfm.co.ke,0,1,1,1.0,False,True
GossipCop,caras.com.mx,1,0,1,0.0,False,True
GossipCop,cardschat.com,1,0,1,0.0,False,True
GossipCop,careertrend.com,0,1,1,1.0,False,True
GossipCop,cash-servis.ru,1,0,1,0.0,False,True
GossipCop,catchnews.com,0,1,1,1.0,False,True
GossipCop,celebheights.com,0,1,1,1.0,False,True
GossipCop,celebnews.gr,0,1,1,1.0,False,True
GossipCop,celebritieswhogive.com,0,1,1,1.0,False,True
GossipCop,celebritybabyscoop.com,0,1,1,1.0,False,True
GossipCop,celebrityinside.com,0,1,1,1.0,False,True
GossipCop,celebritymaximum.com,0,1,1,1.0,False,True
GossipCop,celebsgo.com,1,0,1,0.0,False,True
GossipCop,celebyolo.com,0,1,1,1.0,False,True
GossipCop,cesarsway.com,0,1,1,1.0,False,True
GossipCop,cfda.com,0,1,1,1.0,False,True
GossipCop,champagneandshade.com,0,1,1,1.0,False,True
GossipCop,channelthreesixfive.com,0,1,1,1.0,False,True
GossipCop,charlotteobserver.com,0,1,1,1.0,False,True
GossipCop,chasinthebuck.com,0,1,1,1.0,False,True
GossipCop,checkpregnancy.com,0,1,1,1.0,False,True
GossipCop,choc.org,0,1,1,1.0,False,True
GossipCop,chowhound.com,0,1,1,1.0,False,True
GossipCop,citditewind.cf,0,1,1,1.0,False,True
GossipCop,cities97.iheart.com,1,0,1,0.0,False,True
GossipCop,citynews1130.com,0,1,1,1.0,False,True
GossipCop,cleveland.com,0,1,1,1.0,False,True
GossipCop,clip2mp3.org,0,1,1,1.0,False,True
GossipCop,clipkg.com,1,0,1,0.0,False,True
GossipCop,clipreview.net,1,0,1,0.0,False,True
GossipCop,clothesfreelife.com,0,1,1,1.0,False,True
GossipCop,cmaworld.com,0,1,1,1.0,False,True
GossipCop,cmch.tv,0,1,1,1.0,False,True
GossipCop,cmtcody.iheart.com,0,1,1,1.0,False,True
GossipCop,collegefashion.net,0,1,1,1.0,False,True
GossipCop,comedycentral.co.uk,0,1,1,1.0,False,True
GossipCop,community.michaeljacksonhoaxforum.com,0,1,1,1.0,False,True
GossipCop,community.spotify.com,1,0,1,0.0,False,True
GossipCop,computerworld.com.au,1,0,1,0.0,False,True
GossipCop,connecticutlifestyles.com,0,1,1,1.0,False,True
GossipCop,converse.com,0,1,1,1.0,False,True
GossipCop,cookiesandsangria.com,0,1,1,1.0,False,True
GossipCop,cornerstoneconfessions.com,0,1,1,1.0,False,True
GossipCop,corporate.wwe.com,0,1,1,1.0,False,True
GossipCop,cosmicbook.news,0,1,1,1.0,False,True
GossipCop,costumedesignersguild.com,0,1,1,1.0,False,True
GossipCop,counterculturemom.com,1,0,1,0.0,False,True
GossipCop,country929.com,1,0,1,0.0,False,True
GossipCop,courant.com,0,1,1,1.0,False,True
GossipCop,courts.ca.gov,1,0,1,0.0,False,True
GossipCop,coventrytelegraph.net,1,0,1,0.0,False,True
GossipCop,coveteur.com,0,1,1,1.0,False,True
GossipCop,cr.adleverage.com,1,0,1,0.0,False,True
GossipCop,creativeyadav.com,1,0,1,0.0,False,True
GossipCop,criticschoice.com,0,1,1,1.0,False,True
GossipCop,crossroadstrading.com,0,1,1,1.0,False,True
GossipCop,csicop.org,0,1,1,1.0,False,True
GossipCop,csmonitor.com,1,0,1,0.0,False,True
GossipCop,cultivatingeducation.com,1,0,1,0.0,False,True
GossipCop,cupcakevineyards.com,0,1,1,1.0,False,True
GossipCop,cybersecurity-insiders.com,0,1,1,1.0,False,True
GossipCop,cynopsis.com,1,0,1,0.0,False,True
GossipCop,d23.com,0,1,1,1.0,False,True
GossipCop,dailyadvent.com,0,1,1,1.0,False,True
GossipCop,dailybreak.com,1,0,1,0.0,False,True
GossipCop,dailydings.com,0,1,1,1.0,False,True
GossipCop,dailyherald.com,0,1,1,1.0,False,True
GossipCop,dailynewsonline.com,1,0,1,0.0,False,True
GossipCop,dallas.culturemap.com,1,0,1,0.0,False,True
GossipCop,darlingafrica.com,0,1,1,1.0,False,True
GossipCop,datingwomen.betterelationships.com,0,1,1,1.0,False,True
GossipCop,dawnofcomics.com,1,0,1,0.0,False,True
GossipCop,de.wikipedia.org,0,1,1,1.0,False,True
GossipCop,dealnews.com,0,1,1,1.0,False,True
GossipCop,decider.com,0,1,1,1.0,False,True
GossipCop,dekhmedia.blogspot.com,0,1,1,1.0,False,True
GossipCop,delegatenews.com,0,1,1,1.0,False,True
GossipCop,demosly.com,0,1,1,1.0,False,True
GossipCop,deseretnews.com,0,1,1,1.0,False,True
GossipCop,desertsun.com,0,1,1,1.0,False,True
GossipCop,detroit.cbslocal.com,0,1,1,1.0,False,True
GossipCop,dianalegacy.com,1,0,1,0.0,False,True
GossipCop,dickclark.com,0,1,1,1.0,False,True
GossipCop,dictionary.com,0,1,1,1.0,False,True
GossipCop,diffuser.fm,0,1,1,1.0,False,True
GossipCop,digg.com,0,1,1,1.0,False,True
GossipCop,diply.com,1,0,1,0.0,False,True
GossipCop,discogs.com,1,0,1,0.0,False,True
GossipCop,disney.ph,0,1,1,1.0,False,True
GossipCop,disneygeekery.com,0,1,1,1.0,False,True
GossipCop,disneytouristblog.com,0,1,1,1.0,False,True
GossipCop,disneyworld.disney.go.com,0,1,1,1.0,False,True
GossipCop,dlisted.com,1,0,1,0.0,False,True
GossipCop,dmgnews.com,1,0,1,0.0,False,True
GossipCop,docs.daviecountync.gov,0,1,1,1.0,False,True
GossipCop,docshop.com,1,0,1,0.0,False,True
GossipCop,dodoodad.com,0,1,1,1.0,False,True
GossipCop,dogster.com,0,1,1,1.0,False,True
GossipCop,dooce1.blogspot.com,0,1,1,1.0,False,True
GossipCop,dreadcentral.com,0,1,1,1.0,False,True
GossipCop,drliv.com,0,1,1,1.0,False,True
GossipCop,drrichardzeff.com,0,1,1,1.0,False,True
GossipCop,dstv.com,0,1,1,1.0,False,True
GossipCop,duggarfamily.com,0,1,1,1.0,False,True
GossipCop,durangoherald.com,0,1,1,1.0,False,True
GossipCop,duta.in,0,1,1,1.0,False,True
GossipCop,dw.com,1,0,1,0.0,False,True
GossipCop,easy93.com,1,0,1,0.0,False,True
GossipCop,easybranches.com,0,1,1,1.0,False,True
GossipCop,easydamus.com,0,1,1,1.0,False,True
GossipCop,ebayproductfree.blogspot.com,0,1,1,1.0,False,True
GossipCop,ebecisparta.org,0,1,1,1.0,False,True
GossipCop,eblnews.com,0,1,1,1.0,False,True
GossipCop,ebru.co.ke,0,1,1,1.0,False,True
GossipCop,economist.com,0,1,1,1.0,False,True
GossipCop,edaily.co.ke,0,1,1,1.0,False,True
GossipCop,edayfm.com,1,0,1,0.0,False,True
GossipCop,edmontonsun.com,1,0,1,0.0,False,True
GossipCop,eefvy.co,0,1,1,1.0,False,True
GossipCop,efair.tv,0,1,1,1.0,False,True
GossipCop,efe.com,0,1,1,1.0,False,True
GossipCop,elifestyle.xyz,0,1,1,1.0,False,True
GossipCop,elizabeth-olsen.com,0,1,1,1.0,False,True
GossipCop,emirateswoman.com,0,1,1,1.0,False,True
GossipCop,empireonline.com,1,0,1,0.0,False,True
GossipCop,empoweringastrology.com,0,1,1,1.0,False,True
GossipCop,en.koreaportal.com,0,1,1,1.0,False,True
GossipCop,en.mediamass.net,1,0,1,0.0,False,True
GossipCop,en.oxforddictionaries.com,0,1,1,1.0,False,True
GossipCop,en.wiktionary.org,1,0,1,0.0,False,True
GossipCop,en.yibada.com,0,1,1,1.0,False,True
GossipCop,encyclopediaofarkansas.net,0,1,1,1.0,False,True
GossipCop,endofound.org,0,1,1,1.0,False,True
GossipCop,englishbaby.com,0,1,1,1.0,False,True
GossipCop,enigmablack.com,0,1,1,1.0,False,True
GossipCop,entertainmentextravaganza.org.uk,0,1,1,1.0,False,True
GossipCop,entertainmentsportdaily.wordpress.com,0,1,1,1.0,False,True
GossipCop,entitymag.com,0,1,1,1.0,False,True
GossipCop,entrepreneur.com,0,1,1,1.0,False,True
GossipCop,envelope.latimes.com,0,1,1,1.0,False,True
GossipCop,es.xfinity.com,0,1,1,1.0,False,True
GossipCop,esiworldnews.blogspot.com,0,1,1,1.0,False,True
GossipCop,espn1530.iheart.com,0,1,1,1.0,False,True
GossipCop,espn961.iheart.com,1,0,1,0.0,False,True
GossipCop,espnmediazone.com,0,1,1,1.0,False,True
GossipCop,essentialkids.com.au,1,0,1,0.0,False,True
GossipCop,ethnicelebs.com,1,0,1,0.0,False,True
GossipCop,euronews.com,0,1,1,1.0,False,True
GossipCop,eva-nyc.com,0,1,1,1.0,False,True
GossipCop,eveningexpress.co.uk,0,1,1,1.0,False,True
GossipCop,everydayviralnews.com,0,1,1,1.0,False,True
GossipCop,exclaim.ca,0,1,1,1.0,False,True
GossipCop,expatwoman.com,0,1,1,1.0,False,True
GossipCop,fabletics.com,0,1,1,1.0,False,True
GossipCop,fahihh.co,0,1,1,1.0,False,True
GossipCop,fairfield.dailyvoice.com,0,1,1,1.0,False,True
GossipCop,faithit.com,0,1,1,1.0,False,True
GossipCop,famefocus.com,0,1,1,1.0,False,True
GossipCop,familydoctor.org,0,1,1,1.0,False,True
GossipCop,famousbirthdays.com,0,1,1,1.0,False,True
GossipCop,fanfest.com,0,1,1,1.0,False,True
GossipCop,fansided.com,0,1,1,1.0,False,True
GossipCop,fansoftaylor.com,0,1,1,1.0,False,True
GossipCop,fashionbeans.com,0,1,1,1.0,False,True
GossipCop,fashionbombdaily.com,1,0,1,0.0,False,True
GossipCop,fashionisers.com,0,1,1,1.0,False,True
GossipCop,fashionmagazine.com,0,1,1,1.0,False,True
GossipCop,fashionweekdaily.com,0,1,1,1.0,False,True
GossipCop,femestella.com,0,1,1,1.0,False,True
GossipCop,femina.in,0,1,1,1.0,False,True
GossipCop,festival-cannes.com,0,1,1,1.0,False,True
GossipCop,fevermagazine.com,1,0,1,0.0,False,True
GossipCop,fierce.wearemitu.com,0,1,1,1.0,False,True
GossipCop,fifa.com,0,1,1,1.0,False,True
GossipCop,figureskatersonline.com,0,1,1,1.0,False,True
GossipCop,financehighlights.com,0,1,1,1.0,False,True
GossipCop,financialnewsusa.com,0,1,1,1.0,False,True
GossipCop,finapp.co.in,0,1,1,1.0,False,True
GossipCop,finder.com,0,1,1,1.0,False,True
GossipCop,findinista.com,0,1,1,1.0,False,True
GossipCop,fkhsk.me,0,1,1,1.0,False,True
GossipCop,flipboard.com,0,1,1,1.0,False,True
GossipCop,flotrack.org,0,1,1,1.0,False,True
GossipCop,fm106.iheart.com,0,1,1,1.0,False,True
GossipCop,fnp.com,0,1,1,1.0,False,True
GossipCop,foodnetwork.com,0,1,1,1.0,False,True
GossipCop,fool.com,0,1,1,1.0,False,True
GossipCop,foreveramber.co.uk,0,1,1,1.0,False,True
GossipCop,forlipliner.blogspot.com,0,1,1,1.0,False,True
GossipCop,forum.beyond-beautiful.com,0,1,1,1.0,False,True
GossipCop,forum.wordreference.com,1,0,1,0.0,False,True
GossipCop,fox10phoenix.com,0,1,1,1.0,False,True
GossipCop,fox26houston.com,1,0,1,0.0,False,True
GossipCop,fox2now.com,0,1,1,1.0,False,True
GossipCop,fox40.com,0,1,1,1.0,False,True
GossipCop,foxella.com,0,1,1,1.0,False,True
GossipCop,foxnewssports.site,0,1,1,1.0,False,True
GossipCop,foxsports.com,0,1,1,1.0,False,True
GossipCop,freaksugar.com,0,1,1,1.0,False,True
GossipCop,freshveggies.co,0,1,1,1.0,False,True
GossipCop,fresnobee.com,0,1,1,1.0,False,True
GossipCop,friendphonespy.gayatrijoshi.online,1,0,1,0.0,False,True
GossipCop,fromthegrapevine.com,0,1,1,1.0,False,True
GossipCop,frontdoorfashion.com,0,1,1,1.0,False,True
GossipCop,funny.trendolizer.com,0,1,1,1.0,False,True
GossipCop,gaiam.com,0,1,1,1.0,False,True
GossipCop,gainesville.com,0,1,1,1.0,False,True
GossipCop,galoremag.com,0,1,1,1.0,False,True
GossipCop,gameofthrones.fandom.com,0,1,1,1.0,False,True
GossipCop,gamesradar.com,0,1,1,1.0,False,True
GossipCop,garner315.rssing.com,1,0,1,0.0,False,True
GossipCop,gawker.com,1,0,1,0.0,False,True
GossipCop,geektyrant.com,0,1,1,1.0,False,True
GossipCop,genuine-people.com,0,1,1,1.0,False,True
GossipCop,getfollowersand.wordpress.com,0,1,1,1.0,False,True
GossipCop,getleashedmag.com,0,1,1,1.0,False,True
GossipCop,gettheglitter.com,0,1,1,1.0,False,True
GossipCop,getuperica.com,0,1,1,1.0,False,True
GossipCop,gingesbecray.com,0,1,1,1.0,False,True
GossipCop,giphy.com,1,0,1,0.0,False,True
GossipCop,girlslife.com,0,1,1,1.0,False,True
GossipCop,girlsofacertainage.com,0,1,1,1.0,False,True
GossipCop,girlsunlimited.org,0,1,1,1.0,False,True
GossipCop,gistblognaija.blogspot.com,0,1,1,1.0,False,True
GossipCop,github.com,1,0,1,0.0,False,True
GossipCop,glaad.org,0,1,1,1.0,False,True
GossipCop,glabellar55.rssing.com,1,0,1,0.0,False,True
GossipCop,glamour.co.za,0,1,1,1.0,False,True
GossipCop,glamseamless.com,0,1,1,1.0,False,True
GossipCop,globalgrind.cassiuslife.com,1,0,1,0.0,False,True
GossipCop,glossybox.co.uk,0,1,1,1.0,False,True
GossipCop,godvine.com,0,1,1,1.0,False,True
GossipCop,goerie.com,0,1,1,1.0,False,True
GossipCop,goldenglobes.com,0,1,1,1.0,False,True
GossipCop,good.is,0,1,1,1.0,False,True
GossipCop,goodhousekeeping.co.za,0,1,1,1.0,False,True
GossipCop,goodreads.com,1,0,1,0.0,False,True
GossipCop,goop.com,0,1,1,1.0,False,True
GossipCop,gossip-addict.com,1,0,1,0.0,False,True
GossipCop,grandcafekarakter.nl,1,0,1,0.0,False,True
GossipCop,grazia.com.au,0,1,1,1.0,False,True
GossipCop,graziadaily.co.uk,1,0,1,0.0,False,True
GossipCop,greys.fandom.com,0,1,1,1.0,False,True
GossipCop,groupeleven.com,1,0,1,0.0,False,True
GossipCop,guardian.ng,0,1,1,1.0,False,True
GossipCop,gucci.com,1,0,1,0.0,False,True
GossipCop,guestofaguest.com,0,1,1,1.0,False,True
GossipCop,guidelive.com,0,1,1,1.0,False,True
GossipCop,gunnarpeterson.com,0,1,1,1.0,False,True
GossipCop,gzoho.com,0,1,1,1.0,False,True
GossipCop,hallmarkchannel.com,0,1,1,1.0,False,True
GossipCop,halloweencostumes.com,0,1,1,1.0,False,True
GossipCop,handphone-blackmarket.tk,1,0,1,0.0,False,True
GossipCop,happylandings.club,1,0,1,0.0,False,True
GossipCop,hauteresidence.com,0,1,1,1.0,False,True
GossipCop,haystack.tv,1,0,1,0.0,False,True
GossipCop,headlinebooth.com,1,0,1,0.0,False,True
GossipCop,healthbreakingnews.net,0,1,1,1.0,False,True
GossipCop,heart.co.uk,1,0,1,0.0,False,True
GossipCop,helenastales.weebly.com,1,0,1,0.0,False,True
GossipCop,hellobeautiful.com,0,1,1,1.0,False,True
GossipCop,helloglow.co,0,1,1,1.0,False,True
GossipCop,hermoments.com,0,1,1,1.0,False,True
GossipCop,heyalma.com,0,1,1,1.0,False,True
GossipCop,hiddenremote.com,0,1,1,1.0,False,True
GossipCop,hiderou1.rssing.com,1,0,1,0.0,False,True
GossipCop,highlighthollywood.com,0,1,1,1.0,False,True
GossipCop,hilltopmonitor.com,0,1,1,1.0,False,True
GossipCop,hishairclinic.com,1,0,1,0.0,False,True
GossipCop,hispanaglobal.net,0,1,1,1.0,False,True
GossipCop,historyextra.com,0,1,1,1.0,False,True
GossipCop,hittvibe.wordpress.com,0,1,1,1.0,False,True
GossipCop,hollywoodclubcrawl.com,0,1,1,1.0,False,True
GossipCop,hollywoodholler.com,0,1,1,1.0,False,True
GossipCop,homegoods.com,0,1,1,1.0,False,True
GossipCop,hongkongcityportal.com,0,1,1,1.0,False,True
GossipCop,hot1047maine.com,0,1,1,1.0,False,True
GossipCop,hot1061.com,0,1,1,1.0,False,True
GossipCop,hot963.com,1,0,1,0.0,False,True
GossipCop,hot969boston.com,0,1,1,1.0,False,True
GossipCop,hot981.com,0,1,1,1.0,False,True
GossipCop,hottubresorts.com,0,1,1,1.0,False,True
GossipCop,housekaboodle.com,0,1,1,1.0,False,True
GossipCop,houstonpress.com,1,0,1,0.0,False,True
GossipCop,howtogeek.com,0,1,1,1.0,False,True
GossipCop,hqgolg.co,0,1,1,1.0,False,True
GossipCop,hsn.com,1,0,1,0.0,False,True
GossipCop,huffingtonpost.co.uk,1,0,1,0.0,False,True
GossipCop,huffingtonpost.co.za,0,1,1,1.0,False,True
GossipCop,hugtdy.co,0,1,1,1.0,False,True
GossipCop,hulu.com,1,0,1,0.0,False,True
GossipCop,hurricanecategory.com,0,1,1,1.0,False,True
GossipCop,hwtm.com,0,1,1,1.0,False,True
GossipCop,hxgdf.co,0,1,1,1.0,False,True
GossipCop,hype.my,0,1,1,1.0,False,True
GossipCop,hypebae.com,0,1,1,1.0,False,True
GossipCop,hyperactivz.com,1,0,1,0.0,False,True
GossipCop,i-d.vice.com,0,1,1,1.0,False,True
GossipCop,i.stuff.co.nz,1,0,1,0.0,False,True
GossipCop,iburn.com,0,1,1,1.0,False,True
GossipCop,icel.edu.mx,1,0,1,0.0,False,True
GossipCop,iheartradio.com.au,0,1,1,1.0,False,True
GossipCop,iheartradio.net.nz,0,1,1,1.0,False,True
GossipCop,iheartuae.com,0,1,1,1.0,False,True
GossipCop,imgur.com,0,1,1,1.0,False,True
GossipCop,imprintent.org,0,1,1,1.0,False,True
GossipCop,india.com,0,1,1,1.0,False,True
GossipCop,influenster.com,0,1,1,1.0,False,True
GossipCop,informationcradle.com,0,1,1,1.0,False,True
GossipCop,informationng.com,0,1,1,1.0,False,True
GossipCop,infowars.com,1,0,1,0.0,False,True
GossipCop,inlander.com,0,1,1,1.0,False,True
GossipCop,insideweddings.com,0,1,1,1.0,False,True
GossipCop,insighttrending.com,0,1,1,1.0,False,True
GossipCop,inspiremehomedecor.com,0,1,1,1.0,False,True
GossipCop,inspiringearthlings.com,0,1,1,1.0,False,True
GossipCop,interviewmagazine.com,0,1,1,1.0,False,True
GossipCop,investigationdiscovery.com,0,1,1,1.0,False,True
GossipCop,investors.livenationentertainment.com,0,1,1,1.0,False,True
GossipCop,iphotography.club,0,1,1,1.0,False,True
GossipCop,ipopla.com,1,0,1,0.0,False,True
GossipCop,ir.jcpenney.com,0,1,1,1.0,False,True
GossipCop,irealhousewives.com,0,1,1,1.0,False,True
GossipCop,irishcentral.com,0,1,1,1.0,False,True
GossipCop,isalons.biz,0,1,1,1.0,False,True
GossipCop,islandpacket.com,0,1,1,1.0,False,True
GossipCop,israelnationalnews.com,1,0,1,0.0,False,True
GossipCop,itechpost.com,1,0,1,0.0,False,True
GossipCop,itsurban.com,0,1,1,1.0,False,True
GossipCop,itv.com,0,1,1,1.0,False,True
GossipCop,jamrockmagazine.com,0,1,1,1.0,False,True
GossipCop,japantimes.co.jp,0,1,1,1.0,False,True
GossipCop,jasonwustudio.com,0,1,1,1.0,False,True
GossipCop,jbhnews.com,0,1,1,1.0,False,True
GossipCop,jenniferaniston211.blogspot.com,1,0,1,0.0,False,True
GossipCop,jessica-biel.com,0,1,1,1.0,False,True
GossipCop,jetmag.com,0,1,1,1.0,False,True
GossipCop,jewelry-newsline.com,0,1,1,1.0,False,True
GossipCop,jimcarreyonline.com,1,0,1,0.0,False,True
GossipCop,jkrowling.com,0,1,1,1.0,False,True
GossipCop,joannavargas.com,0,1,1,1.0,False,True
GossipCop,joe.co.uk,0,1,1,1.0,False,True
GossipCop,jonalisblog.com,0,1,1,1.0,False,True
GossipCop,jta.org,1,0,1,0.0,False,True
GossipCop,jukajukablog.blogspot.com,0,1,1,1.0,False,True
GossipCop,junkee.com,0,1,1,1.0,False,True
GossipCop,jurassicpark.wikia.com,0,1,1,1.0,False,True
GossipCop,justgiving.com,0,1,1,1.0,False,True
GossipCop,justinalexander.com,1,0,1,0.0,False,True
GossipCop,justinbieberretiring.blogspot.com,1,0,1,0.0,False,True
GossipCop,justsomething.co,0,1,1,1.0,False,True
GossipCop,kafkasdoor.com,0,1,1,1.0,False,True
GossipCop,kare11.com,0,1,1,1.0,False,True
GossipCop,katu.com,0,1,1,1.0,False,True
GossipCop,kcci.com,0,1,1,1.0,False,True
GossipCop,kcrg.com,0,1,1,1.0,False,True
GossipCop,kellyandryan.com,1,0,1,0.0,False,True
GossipCop,kengarex.com,0,1,1,1.0,False,True
GossipCop,keprtv.com,0,1,1,1.0,False,True
GossipCop,kfrog.radio.com,0,1,1,1.0,False,True
GossipCop,khaleejtimes.com,0,1,1,1.0,False,True
GossipCop,khou.com,0,1,1,1.0,False,True
GossipCop,kickn1035.com,0,1,1,1.0,False,True
GossipCop,kidney.org,1,0,1,0.0,False,True
GossipCop,kidspot.com.au,0,1,1,1.0,False,True
GossipCop,kimkardashianwest.com,1,0,1,0.0,False,True
GossipCop,kiro7.com,0,1,1,1.0,False,True
GossipCop,kiss108.iheart.com,0,1,1,1.0,False,True
GossipCop,kiss925.com,0,1,1,1.0,False,True
GossipCop,kisscasper.com,0,1,1,1.0,False,True
GossipCop,kissottawa.com,0,1,1,1.0,False,True
GossipCop,klou.iheart.com,1,0,1,0.0,False,True
GossipCop,kncifm.com,1,0,1,0.0,False,True
GossipCop,knownetworth.com,0,1,1,1.0,False,True
GossipCop,knowyourmeme.com,1,0,1,0.0,False,True
GossipCop,knoxnews.com,0,1,1,1.0,False,True
GossipCop,kohls.com,0,1,1,1.0,False,True
GossipCop,kost1035.iheart.com,0,1,1,1.0,False,True
GossipCop,kotaku.com,0,1,1,1.0,False,True
GossipCop,kqed.org,0,1,1,1.0,False,True
GossipCop,kreolmagazine.com,1,0,1,0.0,False,True
GossipCop,krmg.com,0,1,1,1.0,False,True
GossipCop,ksoo.com,0,1,1,1.0,False,True
GossipCop,ksskradio.iheart.com,1,0,1,0.0,False,True
GossipCop,ktla.com,0,1,1,1.0,False,True
GossipCop,ktvsl.com,0,1,1,1.0,False,True
GossipCop,kvoo.com,1,0,1,0.0,False,True
GossipCop,kvue.com,0,1,1,1.0,False,True
GossipCop,kwtx.com,0,1,1,1.0,False,True
GossipCop,kxly.com,1,0,1,0.0,False,True
GossipCop,kysdc.com,0,1,1,1.0,False,True
GossipCop,lacalletv.com,0,1,1,1.0,False,True
GossipCop,lady-first.me,0,1,1,1.0,False,True
GossipCop,lagostelevision.com,0,1,1,1.0,False,True
GossipCop,lansingstatejournal.com,0,1,1,1.0,False,True
GossipCop,last.fm,0,1,1,1.0,False,True
GossipCop,lastminutestuff.com,0,1,1,1.0,False,True
GossipCop,lasvegassun.com,1,0,1,0.0,False,True
GossipCop,later.com,1,0,1,0.0,False,True
GossipCop,latest.bvk.hu,0,1,1,1.0,False,True
GossipCop,latestly.com,1,0,1,0.0,False,True
GossipCop,latestplasticsurgery.com,1,0,1,0.0,False,True
GossipCop,latingrammy.com,0,1,1,1.0,False,True
GossipCop,latinpost.com,1,0,1,0.0,False,True
GossipCop,lauren-fan.com,0,1,1,1.0,False,True
GossipCop,laweekly.com,0,1,1,1.0,False,True
GossipCop,lcidx.co,0,1,1,1.0,False,True
GossipCop,ledge.fleetwoodmac.net,0,1,1,1.0,False,True
GossipCop,legends1027.com,0,1,1,1.0,False,True
GossipCop,letsplayindex.com,1,0,1,0.0,False,True
GossipCop,level21mag.com,0,1,1,1.0,False,True
GossipCop,lgbtqnation.com,1,0,1,0.0,False,True
GossipCop,library.cqpress.com,0,1,1,1.0,False,True
GossipCop,life.laseraway.com,0,1,1,1.0,False,True
GossipCop,lifenews.com,0,1,1,1.0,False,True
GossipCop,lightworkers.com,0,1,1,1.0,False,True
GossipCop,lionking.fandom.com,0,1,1,1.0,False,True
GossipCop,lipstiq.com,0,1,1,1.0,False,True
GossipCop,litefm.iheart.com,1,0,1,0.0,False,True
GossipCop,lithub.com,0,1,1,1.0,False,True
GossipCop,live955.com,0,1,1,1.0,False,True
GossipCop,liveandletsfly.boardingarea.com,0,1,1,1.0,False,True
GossipCop,livenationproductions.com,0,1,1,1.0,False,True
GossipCop,liverampup.com,0,1,1,1.0,False,True
GossipCop,local10.com,0,1,1,1.0,False,True
GossipCop,loggedon.org,1,0,1,0.0,False,True
GossipCop,lonewolfmag.com,0,1,1,1.0,False,True
GossipCop,lookingforthepostman.com,0,1,1,1.0,False,True
GossipCop,looktothestars.org,0,1,1,1.0,False,True
GossipCop,looptonga.com,0,1,1,1.0,False,True
GossipCop,looptt.com,1,0,1,0.0,False,True
GossipCop,lorealparisusa.com,0,1,1,1.0,False,True
GossipCop,loudersound.com,0,1,1,1.0,False,True
GossipCop,loudwire.com,0,1,1,1.0,False,True
GossipCop,lovestoriestv.com,0,1,1,1.0,False,True
GossipCop,lumens.com,0,1,1,1.0,False,True
GossipCop,lupusresearch.org,0,1,1,1.0,False,True
GossipCop,luxyhair.com,0,1,1,1.0,False,True
GossipCop,macduggal.com,0,1,1,1.0,False,True
GossipCop,macleans.ca,0,1,1,1.0,False,True
GossipCop,madeformums.com,0,1,1,1.0,False,True
GossipCop,madnessmedia.net,0,1,1,1.0,False,True
GossipCop,magic1021.com,0,1,1,1.0,False,True
GossipCop,magicvalley.com,0,1,1,1.0,False,True
GossipCop,makeupforever.com,0,1,1,1.0,False,True
GossipCop,maliko.online,0,1,1,1.0,False,True
GossipCop,mandatory.com,0,1,1,1.0,False,True
GossipCop,maneaddicts.com,0,1,1,1.0,False,True
GossipCop,manrepeller.com,0,1,1,1.0,False,True
GossipCop,mariefranceasia.com,0,1,1,1.0,False,True
GossipCop,markhyms.blogspot.com,0,1,1,1.0,False,True
GossipCop,marquee.blogs.cnn.com,1,0,1,0.0,False,True
GossipCop,marthastewart.com,0,1,1,1.0,False,True
GossipCop,marvel.com,0,1,1,1.0,False,True
GossipCop,masslive.com,0,1,1,1.0,False,True
GossipCop,mayoclinic.org,0,1,1,1.0,False,True
GossipCop,mbahgendengs.blogspot.com,0,1,1,1.0,False,True
GossipCop,mcall.com,0,1,1,1.0,False,True
GossipCop,meangirls.wikia.com,0,1,1,1.0,False,True
GossipCop,media-marketing.com,0,1,1,1.0,False,True
GossipCop,mediavillage.com,0,1,1,1.0,False,True
GossipCop,meletop.atozvid.com,0,1,1,1.0,False,True
GossipCop,menshealth.com,0,1,1,1.0,False,True
GossipCop,mensxp.com,1,0,1,0.0,False,True
GossipCop,meritagedj.com,0,1,1,1.0,False,True
GossipCop,metro.news,0,1,1,1.0,False,True
GossipCop,michaeljacksonmoon.com,0,1,1,1.0,False,True
GossipCop,mills-peninsula.org,0,1,1,1.0,False,True
GossipCop,mindbodygreen.com,0,1,1,1.0,False,True
GossipCop,mindfood.com,0,1,1,1.0,False,True
GossipCop,miniminijewels.com,0,1,1,1.0,False,True
GossipCop,missuniverse.com,0,1,1,1.0,False,True
GossipCop,missxpose.com,0,1,1,1.0,False,True
GossipCop,mix.com,0,1,1,1.0,False,True
GossipCop,mix106wnno.com,0,1,1,1.0,False,True
GossipCop,mix1077.iheart.com,0,1,1,1.0,False,True
GossipCop,mix931.iheart.com,0,1,1,1.0,False,True
GossipCop,mnn.com,0,1,1,1.0,False,True
GossipCop,mobo.com,0,1,1,1.0,False,True
GossipCop,modbee.com,0,1,1,1.0,False,True
GossipCop,modeglam.com,0,1,1,1.0,False,True
GossipCop,moet.com,0,1,1,1.0,False,True
GossipCop,mollysims.com,0,1,1,1.0,False,True
GossipCop,momcurls.com,0,1,1,1.0,False,True
GossipCop,mommies.today,0,1,1,1.0,False,True
GossipCop,momvoyage.hilton.com,0,1,1,1.0,False,True
GossipCop,mona8888.com,0,1,1,1.0,False,True
GossipCop,moneyish.com,0,1,1,1.0,False,True
GossipCop,monster.com,0,1,1,1.0,False,True
GossipCop,montrealgazette.com,0,1,1,1.0,False,True
GossipCop,more.com,0,1,1,1.0,False,True
GossipCop,morefm.co.nz,0,1,1,1.0,False,True
GossipCop,moviequotesandmore.com,0,1,1,1.0,False,True
GossipCop,movies.trendolizer.com,1,0,1,0.0,False,True
GossipCop,mr-mag.com,0,1,1,1.0,False,True
GossipCop,muckrack.com,1,0,1,0.0,False,True
GossipCop,musicrow.com,0,1,1,1.0,False,True
GossipCop,musictimes.com,0,1,1,1.0,False,True
GossipCop,my.charitywater.org,0,1,1,1.0,False,True
GossipCop,myajc.com,1,0,1,0.0,False,True
GossipCop,myfashunpassion.blog,0,1,1,1.0,False,True
GossipCop,mykhel.com,0,1,1,1.0,False,True
GossipCop,mylittlecorneroflife.com,0,1,1,1.0,False,True
GossipCop,mynuface.com,0,1,1,1.0,False,True
GossipCop,myprofileblog25.blogspot.com,0,1,1,1.0,False,True
GossipCop,myvideo.ge,0,1,1,1.0,False,True
GossipCop,naacp.org,0,1,1,1.0,False,True
GossipCop,nascarsite.125sites.com,0,1,1,1.0,False,True
GossipCop,nashfm947.com,0,1,1,1.0,False,True
GossipCop,nashvillenoise.com,0,1,1,1.0,False,True
GossipCop,nationalclubgolfer.com,0,1,1,1.0,False,True
GossipCop,nationaleatingdisorders.org,0,1,1,1.0,False,True
GossipCop,nationalpost.com,0,1,1,1.0,False,True
GossipCop,naturallycurly.com,0,1,1,1.0,False,True
GossipCop,nba.com,0,1,1,1.0,False,True
GossipCop,nbc26.com,0,1,1,1.0,False,True
GossipCop,nbc4i.com,1,0,1,0.0,False,True
GossipCop,ncaa.com,0,1,1,1.0,False,True
GossipCop,ndtv.com,0,1,1,1.0,False,True
GossipCop,nerdbastards.com,0,1,1,1.0,False,True
GossipCop,nerdsandbeyond.com,0,1,1,1.0,False,True
GossipCop,nesn.com,0,1,1,1.0,False,True
GossipCop,networthwikibio.com,1,0,1,0.0,False,True
GossipCop,newafricabusinessnews.com,0,1,1,1.0,False,True
GossipCop,newcelebnews.com,0,1,1,1.0,False,True
GossipCop,newindianexpress.com,0,1,1,1.0,False,True
GossipCop,newmediasearch.com,0,1,1,1.0,False,True
GossipCop,news.abs-cbn.com,1,0,1,0.0,False,True
GossipCop,news.artnet.com,0,1,1,1.0,False,True
GossipCop,news.disneylandparis.com,0,1,1,1.0,False,True
GossipCop,news.harvard.edu,0,1,1,1.0,False,True
GossipCop,news.jill9.com,1,0,1,0.0,False,True
GossipCop,news.shaneperrymarketing.com,0,1,1,1.0,False,True
GossipCop,news.starbucks.com,0,1,1,1.0,False,True
GossipCop,news.yahoo.com,0,1,1,1.0,False,True
GossipCop,news24.com,0,1,1,1.0,False,True
GossipCop,news4sanantonio.com,0,1,1,1.0,False,True
GossipCop,news5cleveland.com,0,1,1,1.0,False,True
GossipCop,newsandstar.co.uk,0,1,1,1.0,False,True
GossipCop,newsbroadcastnetwork.com,0,1,1,1.0,False,True
GossipCop,newschamber.com,0,1,1,1.0,False,True
GossipCop,newschannel.pk,0,1,1,1.0,False,True
GossipCop,newslink.live,1,0,1,0.0,False,True
GossipCop,newslit.org,1,0,1,0.0,False,True
GossipCop,newsneednews.com,0,1,1,1.0,False,True
GossipCop,newsnetwork.mayoclinic.org,0,1,1,1.0,False,True
GossipCop,newson6.com,1,0,1,0.0,False,True
GossipCop,newsoncelebrity.com,0,1,1,1.0,False,True
GossipCop,newspro.sherrysaffairs.com,1,0,1,0.0,False,True
GossipCop,newstatesman.com,0,1,1,1.0,False,True
GossipCop,newsx.com,1,0,1,0.0,False,True
GossipCop,newsy-today.com,0,1,1,1.0,False,True
GossipCop,newyork.cbslocal.com,0,1,1,1.0,False,True
GossipCop,newyorkupstate.com,0,1,1,1.0,False,True
GossipCop,nhsinform.scot,0,1,1,1.0,False,True
GossipCop,nicershoes.com,0,1,1,1.0,False,True
GossipCop,nickalive.blogspot.com,0,1,1,1.0,False,True
GossipCop,nielsen.com,1,0,1,0.0,False,True
GossipCop,nomadicmatt.com,0,1,1,1.0,False,True
GossipCop,nordic.businessinsider.com,0,1,1,1.0,False,True
GossipCop,northjersey.com,0,1,1,1.0,False,True
GossipCop,norvegiani.xyz,1,0,1,0.0,False,True
GossipCop,nostraightnews.com,0,1,1,1.0,False,True
GossipCop,notatkigeeka.pl,0,1,1,1.0,False,True
GossipCop,notebuzzz.com,0,1,1,1.0,False,True
GossipCop,now.ruelala.com,0,1,1,1.0,False,True
GossipCop,now963.radio.com,0,1,1,1.0,False,True
GossipCop,ntnews.com.au,0,1,1,1.0,False,True
GossipCop,nyulocal.com,0,1,1,1.0,False,True
GossipCop,nzherald.co.nz,1,0,1,0.0,False,True
GossipCop,o.canada.com,1,0,1,0.0,False,True
GossipCop,oceandraw.com,0,1,1,1.0,False,True
GossipCop,oceanup.com,1,0,1,0.0,False,True
GossipCop,ocregister.com,0,1,1,1.0,False,True
GossipCop,officialcharts.com,0,1,1,1.0,False,True
GossipCop,offthegrid.media,0,1,1,1.0,False,True
GossipCop,onceuponatime.wikia.com,1,0,1,0.0,False,True
GossipCop,onechicagocenter.com,0,1,1,1.0,False,True
GossipCop,onemileatatime.com,0,1,1,1.0,False,True
GossipCop,onenewspage.us,0,1,1,1.0,False,True
GossipCop,onlinelibrary.wiley.com,0,1,1,1.0,False,True
GossipCop,onn.network,0,1,1,1.0,False,True
GossipCop,onobello.com,0,1,1,1.0,False,True
GossipCop,onset-hollywood.com,0,1,1,1.0,False,True
GossipCop,oohlo.com,1,0,1,0.0,False,True
GossipCop,opb.org,0,1,1,1.0,False,True
GossipCop,organicauthority.com,0,1,1,1.0,False,True
GossipCop,orlandosentinel.com,0,1,1,1.0,False,True
GossipCop,oroscopodioggiedomani.it,0,1,1,1.0,False,True
GossipCop,otgrownupdatingeccr.coolcool.info,1,0,1,0.0,False,True
GossipCop,outeast.com,0,1,1,1.0,False,True
GossipCop,outlookindia.com,0,1,1,1.0,False,True
GossipCop,oversixty.com.au,0,1,1,1.0,False,True
GossipCop,overthemoon.com,0,1,1,1.0,False,True
GossipCop,oyster.com,0,1,1,1.0,False,True
GossipCop,painnewsnetwork.org,0,1,1,1.0,False,True
GossipCop,pakistantoday.com.pk,0,1,1,1.0,False,True
GossipCop,palmbeachdailynews.com,0,1,1,1.0,False,True
GossipCop,pandagossips.com,0,1,1,1.0,False,True
GossipCop,papa-film.ru,0,1,1,1.0,False,True
GossipCop,paparassi.com,0,1,1,1.0,False,True
GossipCop,parentsdome.com,0,1,1,1.0,False,True
GossipCop,parentstv.org,1,0,1,0.0,False,True
GossipCop,partners.disney.com,0,1,1,1.0,False,True
GossipCop,patheos.com,0,1,1,1.0,False,True
GossipCop,patriotswire.usatoday.com,0,1,1,1.0,False,True
GossipCop,pbteen.com,0,1,1,1.0,False,True
GossipCop,pddzn.co,0,1,1,1.0,False,True
GossipCop,pe.com,0,1,1,1.0,False,True
GossipCop,penmenpress.com,0,1,1,1.0,False,True
GossipCop,peoplemagazine.com.pk,0,1,1,1.0,False,True
GossipCop,peoplemagazines.net,1,0,1,0.0,False,True
GossipCop,pethealthnetwork.com,0,1,1,1.0,False,True
GossipCop,phaishan.blogspot.com,0,1,1,1.0,False,True
GossipCop,philipayler.com,0,1,1,1.0,False,True
GossipCop,phrasemix.com,0,1,1,1.0,False,True
GossipCop,pictame.com,0,1,1,1.0,False,True
GossipCop,pinknews.co.uk,0,1,1,1.0,False,True
GossipCop,pinkvilla.com,1,0,1,0.0,False,True
GossipCop,pinterest.es,1,0,1,0.0,False,True
GossipCop,pix11.com,0,1,1,1.0,False,True
GossipCop,pizza.leapdigital.net,1,0,1,0.0,False,True
GossipCop,pizzabottle.co,0,1,1,1.0,False,True
GossipCop,planetradio.co.uk,0,1,1,1.0,False,True
GossipCop,plasticsurgerylove.com,1,0,1,0.0,False,True
GossipCop,playboy.com,0,1,1,1.0,False,True
GossipCop,popileriz.org,1,0,1,0.0,False,True
GossipCop,popmatters.com,0,1,1,1.0,False,True
GossipCop,popuculture.com,0,1,1,1.0,False,True
GossipCop,pornhub.com,1,0,1,0.0,False,True
GossipCop,postbulletin.com,1,0,1,0.0,False,True
GossipCop,posteitaliane.it,1,0,1,0.0,False,True
GossipCop,potolokrostov.ru,0,1,1,1.0,False,True
GossipCop,pottermore.com,0,1,1,1.0,False,True
GossipCop,pottsmerc.com,0,1,1,1.0,False,True
GossipCop,power925.com,0,1,1,1.0,False,True
GossipCop,pr.nba.com,0,1,1,1.0,False,True
GossipCop,praisedc.com,0,1,1,1.0,False,True
GossipCop,praiserichmond.com,0,1,1,1.0,False,True
GossipCop,pranks.trendolizer.com,0,1,1,1.0,False,True
GossipCop,pregnancymagazine.com,1,0,1,0.0,False,True
GossipCop,prepareforchange.net,1,0,1,0.0,False,True
GossipCop,pressreader.com,1,0,1,0.0,False,True
GossipCop,pride.com,0,1,1,1.0,False,True
GossipCop,primermagazine.com,0,1,1,1.0,False,True
GossipCop,productexpert.com,0,1,1,1.0,False,True
GossipCop,projectbritain.com,1,0,1,0.0,False,True
GossipCop,promgirl.com,0,1,1,1.0,False,True
GossipCop,punkee.com.au,0,1,1,1.0,False,True
GossipCop,puredwts.com,1,0,1,0.0,False,True
GossipCop,purpleclover.com,0,1,1,1.0,False,True
GossipCop,q103albany.com,0,1,1,1.0,False,True
GossipCop,qa.tve.eonline.nbcuni.com,0,1,1,1.0,False,True
GossipCop,qwekusblog.com,0,1,1,1.0,False,True
GossipCop,r-word.org,0,1,1,1.0,False,True
GossipCop,radionowhouston.com,1,0,1,0.0,False,True
GossipCop,rainbowfamilyadventures.com,0,1,1,1.0,False,True
GossipCop,rappler.com,0,1,1,1.0,False,True
GossipCop,rarecountry.com,0,1,1,1.0,False,True
GossipCop,raredr.com,1,0,1,0.0,False,True
GossipCop,ravi-celmag.blogspot.com,0,1,1,1.0,False,True
GossipCop,rcarecords.com,1,0,1,0.0,False,True
GossipCop,real1061.iheart.com,1,0,1,0.0,False,True
GossipCop,realclearpolitics.com,1,0,1,0.0,False,True
GossipCop,realitywives.net,0,1,1,1.0,False,True
GossipCop,realstyle.therealreal.com,0,1,1,1.0,False,True
GossipCop,redcarpet-fashionawards.com,0,1,1,1.0,False,True
GossipCop,rednoseday.org,0,1,1,1.0,False,True
GossipCop,reelhoney.com,0,1,1,1.0,False,True
GossipCop,regisjesuit.com,0,1,1,1.0,False,True
GossipCop,remezcla.com,0,1,1,1.0,False,True
GossipCop,resetera.com,0,1,1,1.0,False,True
GossipCop,revenge.headliner.org,0,1,1,1.0,False,True
GossipCop,revolvermag.com,0,1,1,1.0,False,True
GossipCop,revolvy.com,1,0,1,0.0,False,True
GossipCop,rickeysmileymorningshow.com,1,0,1,0.0,False,True
GossipCop,ringspo.com,0,1,1,1.0,False,True
GossipCop,rock107mb.iheart.com,0,1,1,1.0,False,True
GossipCop,royalinsight.net,0,1,1,1.0,False,True
GossipCop,ru-clip.net,0,1,1,1.0,False,True
GossipCop,rumba1065.iheart.com,1,0,1,0.0,False,True
GossipCop,runninglip.com,0,1,1,1.0,False,True
GossipCop,russianmachineneverbreaks.com,0,1,1,1.0,False,True
GossipCop,ryansblog9443565648.wordpress.com,0,1,1,1.0,False,True
GossipCop,s1.zetaboards.com,1,0,1,0.0,False,True
GossipCop,saddoboxing.com,0,1,1,1.0,False,True
GossipCop,salon.com,1,0,1,0.0,False,True
GossipCop,samaa.tv,1,0,1,0.0,False,True
GossipCop,sandrarose.com,0,1,1,1.0,False,True
GossipCop,sanfrancisco.cbslocal.com,0,1,1,1.0,False,True
GossipCop,sanluisobispo.com,0,1,1,1.0,False,True
GossipCop,santacruzsentinel.com,0,1,1,1.0,False,True
GossipCop,saveur.com,0,1,1,1.0,False,True
GossipCop,sc.wordpress.com,1,0,1,0.0,False,True
GossipCop,scandal.fandom.com,0,1,1,1.0,False,True
GossipCop,scarlettjohansson.com.br,0,1,1,1.0,False,True
GossipCop,schwarzkopf.com,0,1,1,1.0,False,True
GossipCop,scoopwhoop.com,0,1,1,1.0,False,True
GossipCop,screendaily.com,0,1,1,1.0,False,True
GossipCop,scroll.in,0,1,1,1.0,False,True
GossipCop,search.audioburst.com,0,1,1,1.0,False,True
GossipCop,selftanning.com,1,0,1,0.0,False,True
GossipCop,sephora.com,0,1,1,1.0,False,True
GossipCop,seronokkabar.blogspot.com,0,1,1,1.0,False,True
GossipCop,sescoops.com,0,1,1,1.0,False,True
GossipCop,seuss.wikia.com,0,1,1,1.0,False,True
GossipCop,sffq.aviazione.biz,1,0,1,0.0,False,True
GossipCop,sfimw.co,0,1,1,1.0,False,True
GossipCop,sg.style.yahoo.com,0,1,1,1.0,False,True
GossipCop,sg.theasianparent.com,0,1,1,1.0,False,True
GossipCop,shadowandact.com,0,1,1,1.0,False,True
GossipCop,shania.activeboard.com,0,1,1,1.0,False,True
GossipCop,shaniatwain.com,0,1,1,1.0,False,True
GossipCop,shmoop.com,0,1,1,1.0,False,True
GossipCop,shockingview.com,0,1,1,1.0,False,True
GossipCop,shopinson.com,0,1,1,1.0,False,True
GossipCop,showclipaz.com,1,0,1,0.0,False,True
GossipCop,shows4.com,0,1,1,1.0,False,True
GossipCop,showtodaytv.com,1,0,1,0.0,False,True
GossipCop,siasat.com,0,1,1,1.0,False,True
GossipCop,siff.net,0,1,1,1.0,False,True
GossipCop,siliconvalleypaper.com,0,1,1,1.0,False,True
GossipCop,silive.com,0,1,1,1.0,False,True
GossipCop,simonandschuster.com,0,1,1,1.0,False,True
GossipCop,simple.wikipedia.org,0,1,1,1.0,False,True
GossipCop,singaporesammyboy.com,1,0,1,0.0,False,True
GossipCop,skinnyms.com,0,1,1,1.0,False,True
GossipCop,skippyisheretostay.tumblr.com,1,0,1,0.0,False,True
GossipCop,slimdadi.com,0,1,1,1.0,False,True
GossipCop,smallbites.andybellatti.com,1,0,1,0.0,False,True
GossipCop,smartertravel.com,0,1,1,1.0,False,True
GossipCop,smarttan.com,0,1,1,1.0,False,True
GossipCop,snobette.com,1,0,1,0.0,False,True
GossipCop,soberinfo.com,0,1,1,1.0,False,True
GossipCop,sofeminine.co.uk,0,1,1,1.0,False,True
GossipCop,soflvideo.ru,1,0,1,0.0,False,True
GossipCop,sohh.com,1,0,1,0.0,False,True
GossipCop,soleiltoujours.com,0,1,1,1.0,False,True
GossipCop,solsticesunglasses.com,0,1,1,1.0,False,True
GossipCop,somethingturquoise.com,0,1,1,1.0,False,True
GossipCop,sosoclip.com,0,1,1,1.0,False,True
GossipCop,soulspiritguidance.com,1,0,1,0.0,False,True
GossipCop,soyummy.com,0,1,1,1.0,False,True
GossipCop,sparknotes.com,0,1,1,1.0,False,True
GossipCop,spearswms.com,0,1,1,1.0,False,True
GossipCop,speeddating.tn,0,1,1,1.0,False,True
GossipCop,spillednews.com,0,1,1,1.0,False,True
GossipCop,spinditty.com,1,0,1,0.0,False,True
GossipCop,spoilertv.com,0,1,1,1.0,False,True
GossipCop,sportingnews.com,0,1,1,1.0,False,True
GossipCop,sportsbettingdime.com,0,1,1,1.0,False,True
GossipCop,sportzbonanza.com,0,1,1,1.0,False,True
GossipCop,spott.tv,0,1,1,1.0,False,True
GossipCop,springfieldspringfield.co.uk,0,1,1,1.0,False,True
GossipCop,sronews.com,0,1,1,1.0,False,True
GossipCop,sspxjk.co,0,1,1,1.0,False,True
GossipCop,stadtvilla1.rssing.com,1,0,1,0.0,False,True
GossipCop,staging.omgcheckitout.com,0,1,1,1.0,False,True
GossipCop,star-mag.co.uk,0,1,1,1.0,False,True
GossipCop,star1043.iheart.com,1,0,1,0.0,False,True
GossipCop,star941fm.iheart.com,1,0,1,0.0,False,True
GossipCop,starbuckssecretmenu.net,0,1,1,1.0,False,True
GossipCop,starcasm.net,1,0,1,0.0,False,True
GossipCop,starnewsonline.com,0,1,1,1.0,False,True
GossipCop,starsearchcasting.com,0,1,1,1.0,False,True
GossipCop,start.att.net,0,1,1,1.0,False,True
GossipCop,statista.com,0,1,1,1.0,False,True
GossipCop,stayglam.com,0,1,1,1.0,False,True
GossipCop,steemkr.com,0,1,1,1.0,False,True
GossipCop,stellar.ie,1,0,1,0.0,False,True
GossipCop,stepandrepeat.com,0,1,1,1.0,False,True
GossipCop,stereogum.com,0,1,1,1.0,False,True
GossipCop,sthq.uawmfc.work,1,0,1,0.0,False,True
GossipCop,stltoday.com,0,1,1,1.0,False,True
GossipCop,stocknewspress.com,0,1,1,1.0,False,True
GossipCop,stoptheclot.org,0,1,1,1.0,False,True
GossipCop,store.brunomars.com,0,1,1,1.0,False,True
GossipCop,straight.com,1,0,1,0.0,False,True
GossipCop,styleismyobsession.com,0,1,1,1.0,False,True
GossipCop,stylist.co.uk,0,1,1,1.0,False,True
GossipCop,suicidepreventionlifeline.org,0,1,1,1.0,False,True
GossipCop,sun-sentinel.com,0,1,1,1.0,False,True
GossipCop,sundaynews.co.zw,0,1,1,1.0,False,True
GossipCop,sunglasswarehouse.com,0,1,1,1.0,False,True
GossipCop,sunny1079.com,1,0,1,0.0,False,True
GossipCop,supergirl.tv,0,1,1,1.0,False,True
GossipCop,superstarmagazine.com,0,1,1,1.0,False,True
GossipCop,sweetyhigh.com,0,1,1,1.0,False,True
GossipCop,swipelife.tinder.com,0,1,1,1.0,False,True
GossipCop,swoon.theodysseyonline.com,0,1,1,1.0,False,True
GossipCop,talkentertainment.com,0,1,1,1.0,False,True
GossipCop,tamaratattles.com,0,1,1,1.0,False,True
GossipCop,tasteofreality.com,1,0,1,0.0,False,True
GossipCop,tawonmakanapa.dadli.mobi,0,1,1,1.0,False,True
GossipCop,tayangenter.blogspot.com,0,1,1,1.0,False,True
GossipCop,taylorswift.hol.es,0,1,1,1.0,False,True
GossipCop,teach2066.rssing.com,1,0,1,0.0,False,True
GossipCop,teamusa.org,0,1,1,1.0,False,True
GossipCop,technobuffalo.com,0,1,1,1.0,False,True
GossipCop,techradar.com,0,1,1,1.0,False,True
GossipCop,techtimes.com,0,1,1,1.0,False,True
GossipCop,teenkidsnews.com,0,1,1,1.0,False,True
GossipCop,teenmomtalknow.com,0,1,1,1.0,False,True
GossipCop,teenzonemagazine.co.za,0,1,1,1.0,False,True
GossipCop,teewhy-hive.blogspot.com,0,1,1,1.0,False,True
GossipCop,telanganatoday.com,0,1,1,1.0,False,True
GossipCop,tgbyn.cjws.win,1,0,1,0.0,False,True
GossipCop,thaivisa.com,0,1,1,1.0,False,True
GossipCop,the-handmaids-tale.wikia.com,0,1,1,1.0,False,True
GossipCop,the-line-up.com,0,1,1,1.0,False,True
GossipCop,the-magician.co.uk,1,0,1,0.0,False,True
GossipCop,the100-news.tumblr.com,0,1,1,1.0,False,True
GossipCop,theatermania.com,0,1,1,1.0,False,True
GossipCop,theathletic.com,0,1,1,1.0,False,True
GossipCop,thebestviralvideos.com,0,1,1,1.0,False,True
GossipCop,thebigdm.com,0,1,1,1.0,False,True
GossipCop,theboxhouston.com,0,1,1,1.0,False,True
GossipCop,thebudgetbabe.com,1,0,1,0.0,False,True
GossipCop,thebump.com,1,0,1,0.0,False,True
GossipCop,thebuzz.iheart.com,1,0,1,0.0,False,True
GossipCop,thecelebrity.club,0,1,1,1.0,False,True
GossipCop,theconlincompany.com,1,0,1,0.0,False,True
GossipCop,thedadbag.com,0,1,1,1.0,False,True
GossipCop,thedailyday.com,0,1,1,1.0,False,True
GossipCop,thedailymeal.com,0,1,1,1.0,False,True
GossipCop,thedoctorstv.com,0,1,1,1.0,False,True
GossipCop,thedrum.com,0,1,1,1.0,False,True
GossipCop,theedge.co.nz,0,1,1,1.0,False,True
GossipCop,theejohndoe.com,1,0,1,0.0,False,True
GossipCop,thefashionfauxpasofgabrielle.com,1,0,1,0.0,False,True
GossipCop,thefilmexperience.net,1,0,1,0.0,False,True
GossipCop,thefreelibrary.com,0,1,1,1.0,False,True
GossipCop,thefrisky.com,0,1,1,1.0,False,True
GossipCop,thefutoncritic.com,1,0,1,0.0,False,True
GossipCop,thegirlfrompanama.com,0,1,1,1.0,False,True
GossipCop,thegoodplace.wikia.com,0,1,1,1.0,False,True
GossipCop,thegoodteatime.com,0,1,1,1.0,False,True
GossipCop,thegreekobserver.com,1,0,1,0.0,False,True
GossipCop,thehollywoodradar.com,0,1,1,1.0,False,True
GossipCop,thehorrormoviesblog.com,1,0,1,0.0,False,True
GossipCop,thekit.ca,1,0,1,0.0,False,True
GossipCop,themarysue.com,0,1,1,1.0,False,True
GossipCop,themercury.com.au,1,0,1,0.0,False,True
GossipCop,themodemistress.com,0,1,1,1.0,False,True
GossipCop,theneptunes.org,0,1,1,1.0,False,True
GossipCop,thenet.ng,1,0,1,0.0,False,True
GossipCop,thenewyorkevening.com,1,0,1,0.0,False,True
GossipCop,theoffice.wikia.com,0,1,1,1.0,False,True
GossipCop,theplace2.ru,0,1,1,1.0,False,True
GossipCop,theplayerstribune.com,0,1,1,1.0,False,True
GossipCop,thepointsguy.com,0,1,1,1.0,False,True
GossipCop,thepoliticsforums.com,0,1,1,1.0,False,True
GossipCop,thepopple.com,0,1,1,1.0,False,True
GossipCop,thereal.com,0,1,1,1.0,False,True
GossipCop,therealhousewivesblog.blogspot.com,0,1,1,1.0,False,True
GossipCop,theriver973.iheart.com,1,0,1,0.0,False,True
GossipCop,therompmagazine.com,0,1,1,1.0,False,True
GossipCop,theroot.com,0,1,1,1.0,False,True
GossipCop,thesaltyju.com,0,1,1,1.0,False,True
GossipCop,theskincareedit.com,0,1,1,1.0,False,True
GossipCop,thespec.com,0,1,1,1.0,False,True
GossipCop,thespotlyte.com,0,1,1,1.0,False,True
GossipCop,thesquander.com,0,1,1,1.0,False,True
GossipCop,thestage.co.uk,0,1,1,1.0,False,True
GossipCop,thestate.com,0,1,1,1.0,False,True
GossipCop,thesunchronicle.com,0,1,1,1.0,False,True
GossipCop,thetango.net,1,0,1,0.0,False,True
GossipCop,thetitlemag.com,0,1,1,1.0,False,True
GossipCop,thetoptea.com,0,1,1,1.0,False,True
GossipCop,thetoptens.com,0,1,1,1.0,False,True
GossipCop,thetrendler.com,0,1,1,1.0,False,True
GossipCop,thetrendspotter.net,0,1,1,1.0,False,True
GossipCop,theultsrc.org,1,0,1,0.0,False,True
GossipCop,thevisibilityproject.com,1,0,1,0.0,False,True
GossipCop,thewealthrecord.com,0,1,1,1.0,False,True
GossipCop,theweek.co.uk,0,1,1,1.0,False,True
GossipCop,thinkprogress.org,0,1,1,1.0,False,True
GossipCop,thirtyminded.com,0,1,1,1.0,False,True
GossipCop,thoughtco.com,0,1,1,1.0,False,True
GossipCop,ticketingboxoffice.com,0,1,1,1.0,False,True
GossipCop,ticketmaster.com,1,0,1,0.0,False,True
GossipCop,tinybuddha.com,1,0,1,0.0,False,True
GossipCop,tnaty.lisboa.ltd,1,0,1,0.0,False,True
GossipCop,today.yougov.com,0,1,1,1.0,False,True
GossipCop,todaytells.com,0,1,1,1.0,False,True
GossipCop,tonyawards.com,0,1,1,1.0,False,True
GossipCop,toofaced.com,0,1,1,1.0,False,True
GossipCop,top.ghostzero.tv,1,0,1,0.0,False,True
GossipCop,tourradar.com,0,1,1,1.0,False,True
GossipCop,traceycunningham.com,0,1,1,1.0,False,True
GossipCop,travelerstoday.com,1,0,1,0.0,False,True
GossipCop,travelweek.ca,0,1,1,1.0,False,True
GossipCop,trendolizer.com,0,1,1,1.0,False,True
GossipCop,trends2world.blogspot.com,1,0,1,0.0,False,True
GossipCop,tresemme.com,0,1,1,1.0,False,True
GossipCop,triplem.com.au,0,1,1,1.0,False,True
GossipCop,trolls.wikia.com,0,1,1,1.0,False,True
GossipCop,trueskincarecenter.com,0,1,1,1.0,False,True
GossipCop,trustedreviews.com,0,1,1,1.0,False,True
GossipCop,tucson.com,0,1,1,1.0,False,True
GossipCop,tudonoticia.org,0,1,1,1.0,False,True
GossipCop,tumblr.com,1,0,1,0.0,False,True
GossipCop,tuunn.dianbiao.ltd,1,0,1,0.0,False,True
GossipCop,tvfanatic.com,0,1,1,1.0,False,True
GossipCop,tvone.tv,0,1,1,1.0,False,True
GossipCop,tvweb.com,0,1,1,1.0,False,True
GossipCop,tweetchat.com,0,1,1,1.0,False,True
GossipCop,twilightsaga.wikia.com,0,1,1,1.0,False,True
GossipCop,twincities.com,0,1,1,1.0,False,True
GossipCop,twitchy.com,1,0,1,0.0,False,True
GossipCop,txbxsa.co,0,1,1,1.0,False,True
GossipCop,udiscovermusic.com,0,1,1,1.0,False,True
GossipCop,uinterview.com,1,0,1,0.0,False,True
GossipCop,uitvconnect.com,1,0,1,0.0,False,True
GossipCop,uk.pressfrom.com,1,0,1,0.0,False,True
GossipCop,uk.reuters.com,0,1,1,1.0,False,True
GossipCop,undeadwalking.com,0,1,1,1.0,False,True
GossipCop,unilad.co.uk,0,1,1,1.0,False,True
GossipCop,unitedbypop.com,0,1,1,1.0,False,True
GossipCop,unitedtopic.com,0,1,1,1.0,False,True
GossipCop,universalanimation.wikia.com,0,1,1,1.0,False,True
GossipCop,unofa.blogspot.com,0,1,1,1.0,False,True
GossipCop,uptownkia.ca,0,1,1,1.0,False,True
GossipCop,urbanislandz.com,1,0,1,0.0,False,True
GossipCop,us.isportant.com,0,1,1,1.0,False,True
GossipCop,us.pressfrom.com,1,0,1,0.0,False,True
GossipCop,us.topshop.com,0,1,1,1.0,False,True
GossipCop,us1035.iheart.com,1,0,1,0.0,False,True
GossipCop,usefullyuselessinfo.wordpress.com,0,1,1,1.0,False,True
GossipCop,usnews.com,0,1,1,1.0,False,True
GossipCop,usweekly.com,0,1,1,1.0,False,True
GossipCop,utterbuzz.com,0,1,1,1.0,False,True
GossipCop,uznayvse.ru,1,0,1,0.0,False,True
GossipCop,v1019.com,1,0,1,0.0,False,True
GossipCop,vaaju.com,0,1,1,1.0,False,True
GossipCop,variancemagazine.com,0,1,1,1.0,False,True
GossipCop,vegnews.com,0,1,1,1.0,False,True
GossipCop,velvetropes.com,1,0,1,0.0,False,True
GossipCop,ventlyfe.com,0,1,1,1.0,False,True
GossipCop,ventsmagazine.com,0,1,1,1.0,False,True
GossipCop,vesti24.mk,0,1,1,1.0,False,True
GossipCop,vgxlk.co,0,1,1,1.0,False,True
GossipCop,vice.com,0,1,1,1.0,False,True
GossipCop,video.southdreamz.com,1,0,1,0.0,False,True
GossipCop,video.suntimes.com,0,1,1,1.0,False,True
GossipCop,video.vanityfair.com,1,0,1,0.0,False,True
GossipCop,videos.tube,1,0,1,0.0,False,True
GossipCop,viralhug.com,0,1,1,1.0,False,True
GossipCop,virascoop.com,0,1,1,1.0,False,True
GossipCop,virusfreephone.com,0,1,1,1.0,False,True
GossipCop,visaliatimesdelta.com,0,1,1,1.0,False,True
GossipCop,visitbritain.com,1,0,1,0.0,False,True
GossipCop,visitdeepcreek.com,0,1,1,1.0,False,True
GossipCop,vladtv.com,0,1,1,1.0,False,True
GossipCop,vman.com,0,1,1,1.0,False,True
GossipCop,vulturehound.co.uk,0,1,1,1.0,False,True
GossipCop,wakeupmrwest.com,1,0,1,0.0,False,True
GossipCop,walkoffame.com,0,1,1,1.0,False,True
GossipCop,wanttoknow.info,0,1,1,1.0,False,True
GossipCop,warnermusicnashville.com,0,1,1,1.0,False,True
GossipCop,washington.cbslocal.com,0,1,1,1.0,False,True
GossipCop,washingtonian.com,0,1,1,1.0,False,True
GossipCop,washingtonianplasticsurgery.com,0,1,1,1.0,False,True
GossipCop,washingtontimes.com,0,1,1,1.0,False,True
GossipCop,wbti.com,0,1,1,1.0,False,True
GossipCop,wbwn.com,0,1,1,1.0,False,True
GossipCop,wccbcharlotte.com,1,0,1,0.0,False,True
GossipCop,wccusd.net,1,0,1,0.0,False,True
GossipCop,wcfcourier.com,0,1,1,1.0,False,True
GossipCop,we.org,0,1,1,1.0,False,True
GossipCop,we963pdx.com,0,1,1,1.0,False,True
GossipCop,wearelatinlive.com,0,1,1,1.0,False,True
GossipCop,wearemitu.com,0,1,1,1.0,False,True
GossipCop,web-site-design.info,1,0,1,0.0,False,True
GossipCop,webbyawards.com,0,1,1,1.0,False,True
GossipCop,webvisible.com,0,1,1,1.0,False,True
GossipCop,weddingtropics.com,0,1,1,1.0,False,True
GossipCop,wegotthiscovered.com,0,1,1,1.0,False,True
GossipCop,welcometotwinpeaks.com,0,1,1,1.0,False,True
GossipCop,wellnessmama.com,0,1,1,1.0,False,True
GossipCop,westcoastsurrogacy.com,1,0,1,0.0,False,True
GossipCop,westerntelegraph.co.uk,0,1,1,1.0,False,True
GossipCop,wetv.com,0,1,1,1.0,False,True
GossipCop,wfmz.com,0,1,1,1.0,False,True
GossipCop,wgrz.com,0,1,1,1.0,False,True
GossipCop,whatkatewore.com,0,1,1,1.0,False,True
GossipCop,wheninmanila.com,0,1,1,1.0,False,True
GossipCop,whitneyport.com,0,1,1,1.0,False,True
GossipCop,wideopeneats.com,0,1,1,1.0,False,True
GossipCop,wikiofthrones.com,0,1,1,1.0,False,True
GossipCop,wild1055.com,0,1,1,1.0,False,True
GossipCop,wild949.iheart.com,0,1,1,1.0,False,True
GossipCop,wildabouthoudini.com,1,0,1,0.0,False,True
GossipCop,wilsoncountynews.com,1,0,1,0.0,False,True
GossipCop,windsorstar.com,0,1,1,1.0,False,True
GossipCop,wionews.com,0,1,1,1.0,False,True
GossipCop,wirk.com,0,1,1,1.0,False,True
GossipCop,wjlbdetroit.iheart.com,0,1,1,1.0,False,True
GossipCop,wltx.com,0,1,1,1.0,False,True
GossipCop,wmmr.com,0,1,1,1.0,False,True
GossipCop,wmur.com,0,1,1,1.0,False,True
GossipCop,woman-in-cyber.com,1,0,1,0.0,False,True
GossipCop,womansown.co.uk,0,1,1,1.0,False,True
GossipCop,womansworld.com,1,0,1,0.0,False,True
GossipCop,womenandhollywood.com,0,1,1,1.0,False,True
GossipCop,womenfashiontrends.info,0,1,1,1.0,False,True
GossipCop,womenshealth.com.au,0,1,1,1.0,False,True
GossipCop,wordstream.com,0,1,1,1.0,False,True
GossipCop,workingmother.com,0,1,1,1.0,False,True
GossipCop,worldnews.guru,0,1,1,1.0,False,True
GossipCop,wornontv.net,0,1,1,1.0,False,True
GossipCop,wovk.iheart.com,1,0,1,0.0,False,True
GossipCop,wow1043.com,1,0,1,0.0,False,True
GossipCop,wpde.com,1,0,1,0.0,False,True
GossipCop,wptv.com,0,1,1,1.0,False,True
GossipCop,wqfak.co,0,1,1,1.0,False,True
GossipCop,wral.com,0,1,1,1.0,False,True
GossipCop,wreg.com,0,1,1,1.0,False,True
GossipCop,wrestling-online.com,0,1,1,1.0,False,True
GossipCop,writles.com,0,1,1,1.0,False,True
GossipCop,wrmf.com,0,1,1,1.0,False,True
GossipCop,wthr.com,0,1,1,1.0,False,True
GossipCop,wtnh.com,0,1,1,1.0,False,True
GossipCop,wtvr.com,1,0,1,0.0,False,True
GossipCop,wwltv.com,1,0,1,0.0,False,True
GossipCop,www1.cbn.com,0,1,1,1.0,False,True
GossipCop,wwwxzone.com,0,1,1,1.0,False,True
GossipCop,x-files.wikia.com,0,1,1,1.0,False,True
GossipCop,xskbx.co,0,1,1,1.0,False,True
GossipCop,xwfwm.co,0,1,1,1.0,False,True
GossipCop,y1025.iheart.com,1,0,1,0.0,False,True
GossipCop,y103fm.com,0,1,1,1.0,False,True
GossipCop,y94fm.iheart.com,0,1,1,1.0,False,True
GossipCop,yelp.com,0,1,1,1.0,False,True
GossipCop,yogaesoteric.net,1,0,1,0.0,False,True
GossipCop,youredm.com,0,1,1,1.0,False,True
GossipCop,yourphx.com,0,1,1,1.0,False,True
GossipCop,z100.iheart.com,0,1,1,1.0,False,True
GossipCop,z100radio.iheart.com,0,1,1,1.0,False,True
GossipCop,z104fm.iheart.com,0,1,1,1.0,False,True
GossipCop,z90.com,0,1,1,1.0,False,True
GossipCop,z951.com,0,1,1,1.0,False,True
GossipCop,z953.ca,0,1,1,1.0,False,True
GossipCop,zeel.com,0,1,1,1.0,False,True
